source,item,2021-22,2022-23,2023-24,2024-25,unit,page,note
BBS Yearbook of Agricultural Statistics of Bangladesh 2025,Aman Paddy (Coarse),2628.0,2400.0,2876.0,3044.0,Tk per quintal (100 kg); fruit per 100 pieces,653,
BBS Yearbook of Agricultural Statistics of Bangladesh 2025,Aman Paddy (Medium),2842.0,2639.0,3049.0,3289.0,Tk per quintal (100 kg); fruit per 100 pieces,653,
BBS Yearbook of Agricultural Statistics of Bangladesh 2025,Aman Paddy (Saru),3081.0,3012.0,3492.0,3769.0,Tk per quintal (100 kg); fruit per 100 pieces,653,
BBS Yearbook of Agricultural Statistics of Bangladesh 2025,Aus Paddy (Coarse),,,,2728.0,Tk per quintal (100 kg); fruit per 100 pieces,653,
BBS Yearbook of Agricultural Statistics of Bangladesh 2025,Aus Paddy (Medium),,,,2441.0,Tk per quintal (100 kg); fruit per 100 pieces,653,
BBS Yearbook of Agricultural Statistics of Bangladesh 2025,Aus Paddy Saru,,,,3420.0,Tk per quintal (100 kg); fruit per 100 pieces,653,
BBS Yearbook of Agricultural Statistics of Bangladesh 2025,Boro Paddy (Coarse),2356.0,2463.0,2787.0,3051.0,Tk per quintal (100 kg); fruit per 100 pieces,653,
BBS Yearbook of Agricultural Statistics of Bangladesh 2025,Boro Paddy (Medium),2559.0,2792.0,3130.0,3312.0,Tk per quintal (100 kg); fruit per 100 pieces,653,
BBS Yearbook of Agricultural Statistics of Bangladesh 2025,Boro Paddy (Saru),2703.0,3031.0,3568.0,3812.0,Tk per quintal (100 kg); fruit per 100 pieces,653,
BBS Yearbook of Agricultural Statistics of Bangladesh 2025,Wheat,2570.0,2892.0,4545.0,3658.0,Tk per quintal (100 kg); fruit per 100 pieces,653,
BBS Yearbook of Agricultural Statistics of Bangladesh 2025,Black Gram (Mashkalai),7725.0,1761.0,8918.0,11857.0,Tk per quintal (100 kg); fruit per 100 pieces,653,"2022-23 value 1761 looks like a typo in the book (neighbours ~7,700-8,900)"
BBS Yearbook of Agricultural Statistics of Bangladesh 2025,Lentil (Masur),7197.0,6910.0,8809.0,9078.0,Tk per quintal (100 kg); fruit per 100 pieces,653,
BBS Yearbook of Agricultural Statistics of Bangladesh 2025,Green Gram (Mug),7611.0,7644.0,7660.0,11135.0,Tk per quintal (100 kg); fruit per 100 pieces,653,
BBS Yearbook of Agricultural Statistics of Bangladesh 2025,Gram,6325.0,6293.0,6660.0,9904.0,Tk per quintal (100 kg); fruit per 100 pieces,653,
BBS Yearbook of Agricultural Statistics of Bangladesh 2025,Lentil (Motor),5221.0,5661.0,6609.0,8271.0,Tk per quintal (100 kg); fruit per 100 pieces,653,
BBS Yearbook of Agricultural Statistics of Bangladesh 2025,Grass pea (Kheshari),4626.0,4564.0,5379.0,7704.0,Tk per quintal (100 kg); fruit per 100 pieces,653,
BBS Yearbook of Agricultural Statistics of Bangladesh 2025,Mustard,5625.0,7162.0,8288.0,7853.0,Tk per quintal (100 kg); fruit per 100 pieces,653,
BBS Yearbook of Agricultural Statistics of Bangladesh 2025,Lin seeds,5716.0,6794.0,8138.0,9163.0,Tk per quintal (100 kg); fruit per 100 pieces,653,
BBS Yearbook of Agricultural Statistics of Bangladesh 2025,Til,5540.0,6335.0,9044.0,11998.0,Tk per quintal (100 kg); fruit per 100 pieces,653,
BBS Yearbook of Agricultural Statistics of Bangladesh 2025,Groundnut,7796.0,8220.0,10575.0,12519.0,Tk per quintal (100 kg); fruit per 100 pieces,654,
BBS Yearbook of Agricultural Statistics of Bangladesh 2025,Onion,4118.0,4596.0,3621.0,6681.0,Tk per quintal (100 kg); fruit per 100 pieces,654,
BBS Yearbook of Agricultural Statistics of Bangladesh 2025,Garlic,7000.0,4162.0,7575.0,16010.0,Tk per quintal (100 kg); fruit per 100 pieces,654,
BBS Yearbook of Agricultural Statistics of Bangladesh 2025,Chillies (dry),19082.0,16900.0,32241.0,29949.0,Tk per quintal (100 kg); fruit per 100 pieces,654,
BBS Yearbook of Agricultural Statistics of Bangladesh 2025,Chillies (green),7706.0,5192.0,7122.0,9243.0,Tk per quintal (100 kg); fruit per 100 pieces,654,
BBS Yearbook of Agricultural Statistics of Bangladesh 2025,Zinger,9007.0,6516.0,10659.0,13847.0,Tk per quintal (100 kg); fruit per 100 pieces,654,
BBS Yearbook of Agricultural Statistics of Bangladesh 2025,Turmeric,11247.0,11054.0,13014.0,21829.0,Tk per quintal (100 kg); fruit per 100 pieces,654,
BBS Yearbook of Agricultural Statistics of Bangladesh 2025,Corriander Seeds,8592.0,8265.0,10343.0,13997.0,Tk per quintal (100 kg); fruit per 100 pieces,654,
BBS Yearbook of Agricultural Statistics of Bangladesh 2025,Betel nut,28232.0,31222.0,31262.0,36341.0,Tk per quintal (100 kg); fruit per 100 pieces,654,
BBS Yearbook of Agricultural Statistics of Bangladesh 2025,Betel leaves,6371.0,5843.0,6944.0,8500.0,Tk per quintal (100 kg); fruit per 100 pieces,654,
BBS Yearbook of Agricultural Statistics of Bangladesh 2025,Jute (tossa),7590.0,7125.0,6302.0,7225.0,Tk per quintal (100 kg); fruit per 100 pieces,654,
BBS Yearbook of Agricultural Statistics of Bangladesh 2025,Jute (masta),5563.0,6042.0,6051.0,6608.0,Tk per quintal (100 kg); fruit per 100 pieces,654,
BBS Yearbook of Agricultural Statistics of Bangladesh 2025,Tobacco(jati),,,,,Tk per quintal (100 kg); fruit per 100 pieces,654,
BBS Yearbook of Agricultural Statistics of Bangladesh 2025,Tobacco(Matihari),,,,,Tk per quintal (100 kg); fruit per 100 pieces,654,
BBS Yearbook of Agricultural Statistics of Bangladesh 2025,Arum,2039.0,2594.0,3064.0,4120.0,Tk per quintal (100 kg); fruit per 100 pieces,654,
BBS Yearbook of Agricultural Statistics of Bangladesh 2025,Bitter Gourd (karala),3726.0,3794.0,4377.0,4904.0,Tk per quintal (100 kg); fruit per 100 pieces,654,
BBS Yearbook of Agricultural Statistics of Bangladesh 2025,Ridge Gourd (Jhinga),2963.0,2628.0,3038.0,3557.0,Tk per quintal (100 kg); fruit per 100 pieces,654,
BBS Yearbook of Agricultural Statistics of Bangladesh 2025,Ladys Finger,2938.0,2843.0,3174.0,3856.0,Tk per quintal (100 kg); fruit per 100 pieces,654,
BBS Yearbook of Agricultural Statistics of Bangladesh 2025,Cabbage,1584.0,1878.0,1744.0,2754.0,Tk per quintal (100 kg); fruit per 100 pieces,654,
BBS Yearbook of Agricultural Statistics of Bangladesh 2025,Sweet-Pumkin,1715.0,1917.0,2238.0,2445.0,Tk per quintal (100 kg); fruit per 100 pieces,654,
BBS Yearbook of Agricultural Statistics of Bangladesh 2025,Beans,2697.0,3458.0,3969.0,4048.0,Tk per quintal (100 kg); fruit per 100 pieces,654,
BBS Yearbook of Agricultural Statistics of Bangladesh 2025,Indian Spinach (Puishak),1341.0,1364.0,1473.0,1738.0,Tk per quintal (100 kg); fruit per 100 pieces,654,
BBS Yearbook of Agricultural Statistics of Bangladesh 2025,Cucumber (Sosha),2587.0,2423.0,3114.0,3012.0,Tk per quintal (100 kg); fruit per 100 pieces,655,
BBS Yearbook of Agricultural Statistics of Bangladesh 2025,Poimted Gourd (Patal),3077.0,2760.0,3176.0,3464.0,Tk per quintal (100 kg); fruit per 100 pieces,655,
BBS Yearbook of Agricultural Statistics of Bangladesh 2025,Caulifower,2247.0,2901.0,2456.0,2661.0,Tk per quintal (100 kg); fruit per 100 pieces,655,
BBS Yearbook of Agricultural Statistics of Bangladesh 2025,Brinjal,2731.0,2922.0,2898.0,3709.0,Tk per quintal (100 kg); fruit per 100 pieces,655,
BBS Yearbook of Agricultural Statistics of Bangladesh 2025,Radish,1412.0,1688.0,1935.0,2373.0,Tk per quintal (100 kg); fruit per 100 pieces,655,
BBS Yearbook of Agricultural Statistics of Bangladesh 2025,Water gourd,1804.0,2062.0,2489.0,2812.0,Tk per quintal (100 kg); fruit per 100 pieces,655,
BBS Yearbook of Agricultural Statistics of Bangladesh 2025,Snake Gourd (Chichinga),2561.0,2502.0,2819.6,3176.0,Tk per quintal (100 kg); fruit per 100 pieces,655,
BBS Yearbook of Agricultural Statistics of Bangladesh 2025,Tomato,4177.0,3804.0,4833.6,6026.0,Tk per quintal (100 kg); fruit per 100 pieces,655,
BBS Yearbook of Agricultural Statistics of Bangladesh 2025,Ash Gourd (Chalkumra),1785.0,1892.0,2182.0,2653.0,Tk per quintal (100 kg); fruit per 100 pieces,655,
BBS Yearbook of Agricultural Statistics of Bangladesh 2025,potato (local),2532.0,1407.0,2804.0,3965.0,Tk per quintal (100 kg); fruit per 100 pieces,655,
BBS Yearbook of Agricultural Statistics of Bangladesh 2025,Potato (Holand),2195.0,1425.0,2066.0,3196.0,Tk per quintal (100 kg); fruit per 100 pieces,655,
BBS Yearbook of Agricultural Statistics of Bangladesh 2025,Sweet.Potato,1837.0,1470.0,2456.0,2575.0,Tk per quintal (100 kg); fruit per 100 pieces,655,
BBS Yearbook of Agricultural Statistics of Bangladesh 2025,Banana(Chapa),220.0,244.0,272.0,312.0,Tk per quintal (100 kg); fruit per 100 pieces,655,
BBS Yearbook of Agricultural Statistics of Bangladesh 2025,Banana(Sabri),404.0,447.0,481.0,466.0,Tk per quintal (100 kg); fruit per 100 pieces,655,
BBS Yearbook of Agricultural Statistics of Bangladesh 2025,Banana(Shaghar),301.0,312.0,366.0,404.0,Tk per quintal (100 kg); fruit per 100 pieces,655,
BBS Yearbook of Agricultural Statistics of Bangladesh 2025,Pine Apple (local),,,,,Tk per quintal (100 kg); fruit per 100 pieces,655,
BBS Yearbook of Agricultural Statistics of Bangladesh 2025,Pine (Jul Doog),1479.0,2702.0,2619.0,2908.0,Tk per quintal (100 kg); fruit per 100 pieces,655,
BBS Yearbook of Agricultural Statistics of Bangladesh 2025,Pine (Kelenda),2602.0,2251.0,3839.0,4895.0,Tk per quintal (100 kg); fruit per 100 pieces,655,
BBS Yearbook of Agricultural Statistics of Bangladesh 2025,Lemon,362.0,315.0,311.0,418.0,Tk per quintal (100 kg); fruit per 100 pieces,655,
BBS Yearbook of Agricultural Statistics of Bangladesh 2025,Jack Fruit,6688.0,6913.0,7809.0,6721.0,Tk per quintal (100 kg); fruit per 100 pieces,655,
BBS Yearbook of Agricultural Statistics of Bangladesh 2025,Water melon,10692.0,13792.0,13702.0,11514.0,Tk per quintal (100 kg); fruit per 100 pieces,655,
BBS Yearbook of Agricultural Statistics of Bangladesh 2025,Litchi,347.0,350.0,400.0,4075.0,Tk per quintal (100 kg); fruit per 100 pieces,655,
BBS Yearbook of Agricultural Statistics of Bangladesh 2025,Orange,967.0,1771.0,1341.0,9799.0,Tk per quintal (100 kg); fruit per 100 pieces,655,
BBS Yearbook of Agricultural Statistics of Bangladesh 2025,Mango (Guti),3584.0,4112.0,3958.0,4505.0,Tk per quintal (100 kg); fruit per 100 pieces,656,
BBS Yearbook of Agricultural Statistics of Bangladesh 2025,Mango(Fozli),5133.0,5241.0,7043.0,7701.0,Tk per quintal (100 kg); fruit per 100 pieces,656,
BBS Yearbook of Agricultural Statistics of Bangladesh 2025,Mango(Ashini),4118.0,4716.0,5735.0,7184.0,Tk per quintal (100 kg); fruit per 100 pieces,656,
BBS Yearbook of Agricultural Statistics of Bangladesh 2025,Mongo(Langra),4684.0,4557.0,4474.0,7565.0,Tk per quintal (100 kg); fruit per 100 pieces,656,
BBS Yearbook of Agricultural Statistics of Bangladesh 2025,Mango(Gopalvog),4191.0,5186.0,4198.0,4722.0,Tk per quintal (100 kg); fruit per 100 pieces,656,
BBS Yearbook of Agricultural Statistics of Bangladesh 2025,Coconut,3538.0,2017.0,7164.0,8793.0,Tk per quintal (100 kg); fruit per 100 pieces,656,
