source,district,all_holdings,non_farm_holdings,farm_holdings,small_farms,medium_farms,large_farms,owner,owner_cum_tenant,tenant,agri_labour_holdings,fisheries_holdings,note,page,small_farm_share,tenancy_share
BBS Yearbook of Agricultural Statistics of Bangladesh 2025,Barguna,228841,70366,158475,143538,13953,984,173466,41284,6183,60555,23659,,550,0.906,0.215
BBS Yearbook of Agricultural Statistics of Bangladesh 2025,Barisal,547204,219808,327396,310010,16751,635,431984,74317,10744,125952,37921,,550,0.947,0.165
BBS Yearbook of Agricultural Statistics of Bangladesh 2025,Bhola,396230,149883,246347,232537,12732,1078,300143,72722,13366,126039,67693,,550,0.944,0.223
BBS Yearbook of Agricultural Statistics of Bangladesh 2025,Jhalokati,149062,45844,103218,94274,8667,277,119509,23978,1236,29114,5308,,550,0.913,0.174
BBS Yearbook of Agricultural Statistics of Bangladesh 2025,Patuakhali,380078,119552,260526,234241,24083,2202,305881,55994,6316,90371,33447,,550,0.899,0.169
BBS Yearbook of Agricultural Statistics of Bangladesh 2025,Pirojpur,276730,88014,188716,175108,12210,1398,229449,37789,2521,71410,19377,,550,0.928,0.149
BBS Yearbook of Agricultural Statistics of Bangladesh 2025,Bandarban,86656,27023,59633,33131,20166,6336,69719,10920,4383,33090,6775,,550,0.556,0.18
BBS Yearbook of Agricultural Statistics of Bangladesh 2025,Brahamanbaria,621949,319758,302191,283374,18158,659,476579,109076,11128,126479,3256,,550,0.938,0.201
BBS Yearbook of Agricultural Statistics of Bangladesh 2025,Chandpur,563818,303271,260547,249273,11039,235,459006,81733,7539,114426,24395,,550,0.957,0.163
BBS Yearbook of Agricultural Statistics of Bangladesh 2025,Chittagong,1689478,1217435,472043,459283,11556,1204,1278548,159462,25771,181514,49329,,550,0.973,0.127
BBS Yearbook of Agricultural Statistics of Bangladesh 2025,Comilla,1162196,610041,552155,528292,23344,519,890787,198813,25054,225302,31168,,550,0.957,0.201
BBS Yearbook of Agricultural Statistics of Bangladesh 2025,Cox's Bazar,490333,290558,199775,192249,6776,750,375025,81008,18115,145940,51050,,550,0.962,0.209
BBS Yearbook of Agricultural Statistics of Bangladesh 2025,Feni,322772,181208,141564,135317,6059,188,269884,38678,8176,32345,5468,,550,0.956,0.148
BBS Yearbook of Agricultural Statistics of Bangladesh 2025,Khagrachhari,144940,31211,113729,84488,25682,3559,108369,26976,8846,52443,3077,,550,0.743,0.248
BBS Yearbook of Agricultural Statistics of Bangladesh 2025,Lakshmipur,396783,186132,210651,200381,9909,361,319890,50595,18571,81038,20894,,550,0.951,0.178
BBS Yearbook of Agricultural Statistics of Bangladesh 2025,Noakhali,655040,293071,361969,340609,19852,1508,550362,80743,9472,149737,33459,,550,0.941,0.141
BBS Yearbook of Agricultural Statistics of Bangladesh 2025,Rangamati,130270,33730,96540,56728,33932,5880,107799,12756,5662,40104,10550,,550,0.588,0.146
BBS Yearbook of Agricultural Statistics of Bangladesh 2025,Dhaka,3340396,2978114,362282,350478,10463,1341,2063560,69467,60980,94932,15682,,550,0.967,0.059
BBS Yearbook of Agricultural Statistics of Bangladesh 2025,Faridpur,467945,226917,241028,218856,21188,984,337238,99267,8963,148323,12582,,550,0.908,0.243
BBS Yearbook of Agricultural Statistics of Bangladesh 2025,Gazipur,1069287,725965,343322,334892,7668,762,796255,54911,33270,65907,11699,,550,0.975,0.1
BBS Yearbook of Agricultural Statistics of Bangladesh 2025,Gopalganj,272123,103234,168889,151206,17050,633,196148,58548,6902,96181,16311,,550,0.895,0.25
BBS Yearbook of Agricultural Statistics of Bangladesh 2025,Kishoreganj,670819,345168,325651,291740,31058,2853,506688,119932,18978,170014,45006,,550,0.896,0.215
BBS Yearbook of Agricultural Statistics of Bangladesh 2025,Madaripur,276062,130360,145702,135683,9659,360,217141,44895,7342,61914,6000,,550,0.931,0.194
BBS Yearbook of Agricultural Statistics of Bangladesh 2025,Manikganj,352493,165481,187012,175148,11274,590,254978,76235,12325,66295,8058,,550,0.937,0.258
BBS Yearbook of Agricultural Statistics of Bangladesh 2025,Munshiganj,342245,247533,94712,81604,12386,722,265323,39623,13611,44647,12399,,550,0.862,0.167
BBS Yearbook of Agricultural Statistics of Bangladesh 2025,Narayanganj,761585,626887,134698,133026,1503,169,534879,37847,12234,38412,15218,,550,0.988,0.086
BBS Yearbook of Agricultural Statistics of Bangladesh 2025,Narsingdi,527035,290471,236564,227761,8468,335,423920,70908,4350,45550,10431,,550,0.963,0.151
BBS Yearbook of Agricultural Statistics of Bangladesh 2025,Rajbari,260420,109827,150593,142290,7821,482,183269,59383,11886,90996,7131,,550,0.945,0.28
BBS Yearbook of Agricultural Statistics of Bangladesh 2025,Shariatpur,268725,111954,156771,148072,8372,327,196888,48675,20122,77197,16440,,550,0.945,0.259
BBS Yearbook of Agricultural Statistics of Bangladesh 2025,Tangail,950415,438718,511697,476971,33723,1003,709656,166946,44115,188710,17675,,550,0.932,0.229
BBS Yearbook of Agricultural Statistics of Bangladesh 2025,Bagerhat,372890,134363,238527,214887,21406,2234,281485,59876,16333,110242,25763,,550,0.901,0.213
BBS Yearbook of Agricultural Statistics of Bangladesh 2025,Chuadanga,304985,115296,189689,178742,10518,429,204643,87297,11272,125618,5159,,550,0.942,0.325
BBS Yearbook of Agricultural Statistics of Bangladesh 2025,Jessore,722516,325213,397303,370826,25470,1007,518947,133147,13680,273418,14452,,550,0.933,0.221
BBS Yearbook of Agricultural Statistics of Bangladesh 2025,Jhenaidah,471422,170000,301422,279051,21473,898,329316,115643,8036,200806,9108,,551,0.926,0.273
BBS Yearbook of Agricultural Statistics of Bangladesh 2025,Khulna,592329,340998,251331,228346,20399,2586,384109,64453,35346,153439,42603,,551,0.909,0.206
BBS Yearbook of Agricultural Statistics of Bangladesh 2025,Kushtia,509234,254840,254394,237855,16058,481,353228,114363,32837,159735,7166,,551,0.935,0.294
BBS Yearbook of Agricultural Statistics of Bangladesh 2025,Magura,230432,80153,150279,137922,11925,432,150074,69622,6596,67686,5147,,551,0.918,0.337
BBS Yearbook of Agricultural Statistics of Bangladesh 2025,Meherpur,185578,68922,116656,107125,9105,426,127270,52455,3066,90958,3500,,551,0.918,0.304
BBS Yearbook of Agricultural Statistics of Bangladesh 2025,Narail,174235,59335,114900,104114,10424,362,113286,52477,5759,57904,6409,,551,0.906,0.34
BBS Yearbook of Agricultural Statistics of Bangladesh 2025,Satkhira,514366,253845,260521,237877,19497,3147,394275,72305,31213,226747,32383,,551,0.913,0.208
BBS Yearbook of Agricultural Statistics of Bangladesh 2025,Jamalpur,617394,273558,343836,320637,22271,928,452670,124558,20031,181399,15166,,551,0.933,0.242
BBS Yearbook of Agricultural Statistics of Bangladesh 2025,Mymensingh,1247312,557921,689391,645968,41567,1856,971262,183094,21172,307583,29435,,551,0.937,0.174
BBS Yearbook of Agricultural Statistics of Bangladesh 2025,Netrakona,508010,191612,316398,280679,32454,3265,384598,95123,9382,189460,32215,,551,0.887,0.214
BBS Yearbook of Agricultural Statistics of Bangladesh 2025,Sherpur,378087,160776,217311,198012,18355,944,282935,70999,9284,129474,11684,,551,0.911,0.221
BBS Yearbook of Agricultural Statistics of Bangladesh 2025,Bogra,915096,426849,488247,456984,29611,1652,651815,194231,20964,245625,14725,,551,0.936,0.248
BBS Yearbook of Agricultural Statistics of Bangladesh 2025,Joypurhat,244086,94706,149380,134280,14428,672,164780,64264,5445,82726,3762,,551,0.899,0.297
BBS Yearbook of Agricultural Statistics of Bangladesh 2025,Naogaon,699272,272416,426856,367518,54277,5061,494563,176102,10371,317566,20974,,551,0.861,0.274
BBS Yearbook of Agricultural Statistics of Bangladesh 2025,Natore,451011,196515,254496,225265,26848,2383,324700,99388,15886,208768,13242,,551,0.885,0.262
BBS Yearbook of Agricultural Statistics of Bangladesh 2025,Nawabganj,404564,224779,179785,154634,23350,1801,309702,54300,33965,154835,6355,,551,0.86,0.222
BBS Yearbook of Agricultural Statistics of Bangladesh 2025,Pabna,643112,328282,314830,286993,26255,1582,450000,132639,34006,201193,20611,,552,0.912,0.27
BBS Yearbook of Agricultural Statistics of Bangladesh 2025,Rajshahi,690888,336588,354300,325111,27760,1429,493270,129304,31383,279865,15814,small_farms recomputed as farm - medium - large (printed value inconsistent),552,0.918,0.246
BBS Yearbook of Agricultural Statistics of Bangladesh 2025,Sirajganj,775415,401431,373984,342098,30396,1490,558270,153102,50769,263396,26814,,552,0.915,0.267
BBS Yearbook of Agricultural Statistics of Bangladesh 2025,Dinajpur,769852,332718,437134,367836,63770,5528,520227,184633,44026,329624,13627,,552,0.841,0.305
BBS Yearbook of Agricultural Statistics of Bangladesh 2025,Gaibandha,648293,286039,362254,341487,19709,1058,469023,132213,32275,270251,15741,,552,0.943,0.26
BBS Yearbook of Agricultural Statistics of Bangladesh 2025,Kurigram,568747,254427,314320,288866,24510,944,412576,107145,37171,288234,15209,,552,0.919,0.259
BBS Yearbook of Agricultural Statistics of Bangladesh 2025,Lalmonirhat,307044,108268,198776,181871,16091,814,215728,62034,23489,136848,7030,,552,0.915,0.284
BBS Yearbook of Agricultural Statistics of Bangladesh 2025,Nilphamari,466291,210998,255293,233588,20562,1143,334559,88033,32850,201269,7652,,552,0.915,0.265
BBS Yearbook of Agricultural Statistics of Bangladesh 2025,Panchagarh,254136,78333,175803,155440,18821,1542,169648,72807,7458,91819,5031,,552,0.884,0.321
BBS Yearbook of Agricultural Statistics of Bangladesh 2025,Rangpur,773871,377675,396196,372428,22268,1500,473873,221302,48965,282179,14428,,552,0.94,0.363
BBS Yearbook of Agricultural Statistics of Bangladesh 2025,Thakurgaon,355599,128390,227209,191776,32608,2825,236900,88713,21547,143662,6338,,552,0.844,0.318
BBS Yearbook of Agricultural Statistics of Bangladesh 2025,Habiganj,437133,204400,232733,202261,27475,2997,305569,81329,38187,153355,31272,,552,0.869,0.281
BBS Yearbook of Agricultural Statistics of Bangladesh 2025,Maulvibazar,390722,186322,204400,184906,18039,1455,248987,52379,72233,87093,12827,,552,0.905,0.334
BBS Yearbook of Agricultural Statistics of Bangladesh 2025,Sunamganj,488105,214736,273369,229829,38470,5070,357084,93059,20838,191778,48493,,552,0.841,0.242
BBS Yearbook of Agricultural Statistics of Bangladesh 2025,Sylhet,638339,332301,306038,265578,37738,2722,460029,101622,18176,121403,27557,small_farms recomputed as farm - medium - large (printed value inconsistent),552,0.868,0.207
