source,district,year,aman,boro,wheat,sugarcane,cotton,potato,vegetables,other,total,page
BBS Yearbook of Agricultural Statistics of Bangladesh 2025,Bandarban,2021-22,0.0,15.0,0.0,,1.0,2.0,2.0,1.0,21.0,542
BBS Yearbook of Agricultural Statistics of Bangladesh 2025,Khagrachhari,2021-22,11.0,27.0,0.0,,2.0,2.0,12.0,8.0,62.0,542
BBS Yearbook of Agricultural Statistics of Bangladesh 2025,Rangamati,2021-22,,18.0,0.0,3.0,0.0,1.0,9.0,3.0,34.0,542
BBS Yearbook of Agricultural Statistics of Bangladesh 2025,Chittagong,2021-22,7.0,156.0,,2.0,,10.0,70.0,25.0,270.0,542
BBS Yearbook of Agricultural Statistics of Bangladesh 2025,Cox's Bazar,2021-22,6.0,129.0,0.0,0.0,0.0,4.0,15.0,3.0,157.0,542
BBS Yearbook of Agricultural Statistics of Bangladesh 2025,Comilla,2021-22,12.0,371.0,2.0,1.0,0.0,16.0,21.0,10.0,433.0,542
BBS Yearbook of Agricultural Statistics of Bangladesh 2025,Chandpur,2021-22,,154.0,,1.0,0.0,23.0,12.0,2.0,192.0,542
BBS Yearbook of Agricultural Statistics of Bangladesh 2025,Brahamanbaria,2021-22,21.0,274.0,,,0.0,3.0,11.0,2.0,311.0,542
BBS Yearbook of Agricultural Statistics of Bangladesh 2025,Noakhali,2021-22,,173.0,0.0,,0.0,,6.0,2.0,181.0,542
BBS Yearbook of Agricultural Statistics of Bangladesh 2025,Lakshmipur,2021-22,0.0,81.0,,,0.0,,16.0,2.0,99.0,542
BBS Yearbook of Agricultural Statistics of Bangladesh 2025,Feni,2021-22,0.0,73.0,,,0.0,,11.0,2.0,86.0,542
BBS Yearbook of Agricultural Statistics of Bangladesh 2025,Sylhet,2021-22,49.0,170.0,1.0,0.0,0.0,0.0,21.0,9.0,250.0,542
BBS Yearbook of Agricultural Statistics of Bangladesh 2025,Maulvibazar,2021-22,,115.0,,0.0,0.0,4.0,6.0,1.0,126.0,542
BBS Yearbook of Agricultural Statistics of Bangladesh 2025,Sunamganj,2021-22,17.0,440.0,1.0,,0.0,3.0,23.0,5.0,489.0,542
BBS Yearbook of Agricultural Statistics of Bangladesh 2025,Habiganj,2021-22,39.0,302.0,,0.0,0.0,4.0,9.0,3.0,357.0,542
BBS Yearbook of Agricultural Statistics of Bangladesh 2025,Dhaka,2021-22,34.0,104.0,,0.0,0.0,2.0,10.0,,150.0,542
BBS Yearbook of Agricultural Statistics of Bangladesh 2025,Gazipur,2021-22,22.0,142.0,,,,1.0,9.0,7.0,181.0,542
BBS Yearbook of Agricultural Statistics of Bangladesh 2025,Manikganj,2021-22,20.0,117.0,,,0.0,3.0,6.0,37.0,183.0,542
BBS Yearbook of Agricultural Statistics of Bangladesh 2025,Munshiganj,2021-22,0.0,59.0,0.0,,0.0,74.0,8.0,9.0,150.0,542
BBS Yearbook of Agricultural Statistics of Bangladesh 2025,Narayanganj,2021-22,10.0,48.0,,,0.0,6.0,14.0,2.0,80.0,542
BBS Yearbook of Agricultural Statistics of Bangladesh 2025,Narsingdi,2021-22,19.0,134.0,,,0.0,,29.0,2.0,184.0,542
BBS Yearbook of Agricultural Statistics of Bangladesh 2025,Faridpur,2021-22,97.0,57.0,45.0,5.0,0.0,1.0,15.0,77.0,297.0,542
BBS Yearbook of Agricultural Statistics of Bangladesh 2025,Rajbari,2021-22,108.0,32.0,28.0,3.0,,,14.0,30.0,215.0,542
BBS Yearbook of Agricultural Statistics of Bangladesh 2025,Madaripur,2021-22,16.0,80.0,11.0,,0.0,2.0,11.0,31.0,151.0,542
BBS Yearbook of Agricultural Statistics of Bangladesh 2025,Gopalganj,2021-22,12.0,190.0,15.0,,0.0,1.0,5.0,5.0,228.0,542
BBS Yearbook of Agricultural Statistics of Bangladesh 2025,Shariatpur,2021-22,11.0,65.0,7.0,,0.0,3.0,10.0,4.0,100.0,542
BBS Yearbook of Agricultural Statistics of Bangladesh 2025,Tangail,2021-22,88.0,420.0,5.0,,,3.0,26.0,9.0,551.0,542
BBS Yearbook of Agricultural Statistics of Bangladesh 2025,Kishoreganj,2021-22,29.0,405.0,3.0,,0.0,9.0,11.0,4.0,461.0,542
BBS Yearbook of Agricultural Statistics of Bangladesh 2025,Mymensingh,2021-22,26.0,644.0,3.0,3.0,,4.0,30.0,11.0,721.0,542
BBS Yearbook of Agricultural Statistics of Bangladesh 2025,Jamalpur,2021-22,50.0,319.0,15.0,11.0,0.0,11.0,17.0,18.0,441.0,542
BBS Yearbook of Agricultural Statistics of Bangladesh 2025,Sherpur,2021-22,10.0,219.0,2.0,,0.0,8.0,17.0,5.0,261.0,542
BBS Yearbook of Agricultural Statistics of Bangladesh 2025,Netrakona,2021-22,26.0,446.0,1.0,,,2.0,5.0,3.0,483.0,542
BBS Yearbook of Agricultural Statistics of Bangladesh 2025,Barisal,2021-22,2.0,130.0,2.0,,0.0,2.0,19.0,10.0,165.0,542
BBS Yearbook of Agricultural Statistics of Bangladesh 2025,Jhalokati,2021-22,1.0,27.0,,,0.0,,5.0,1.0,34.0,542
BBS Yearbook of Agricultural Statistics of Bangladesh 2025,Pirojpur,2021-22,0.0,48.0,,,0.0,3.0,13.0,2.0,66.0,543
BBS Yearbook of Agricultural Statistics of Bangladesh 2025,Bhola,2021-22,0.0,102.0,1.0,,0.0,6.0,19.0,17.0,145.0,543
BBS Yearbook of Agricultural Statistics of Bangladesh 2025,Patuakhali,2021-22,1.0,2.0,0.0,,0.0,1.0,2.0,36.0,42.0,543
BBS Yearbook of Agricultural Statistics of Bangladesh 2025,Barguna,2021-22,0.0,20.0,0.0,,,1.0,1.0,,22.0,543
BBS Yearbook of Agricultural Statistics of Bangladesh 2025,Jessore,2021-22,162.0,388.0,1.0,1.0,2.0,4.0,59.0,42.0,659.0,543
BBS Yearbook of Agricultural Statistics of Bangladesh 2025,Jhenaidah,2021-22,193.0,210.0,10.0,3.0,4.0,4.0,43.0,123.0,591.0,543
BBS Yearbook of Agricultural Statistics of Bangladesh 2025,Magura,2021-22,142.0,90.0,7.0,,,,35.0,51.0,325.0,543
BBS Yearbook of Agricultural Statistics of Bangladesh 2025,Narail,2021-22,102.0,120.0,3.0,1.0,0.0,,9.0,7.0,242.0,543
BBS Yearbook of Agricultural Statistics of Bangladesh 2025,Khulna,2021-22,6.0,148.0,,,0.0,2.0,25.0,10.0,191.0,543
BBS Yearbook of Agricultural Statistics of Bangladesh 2025,Bagerhat,2021-22,1.0,144.0,,1.0,0.0,1.0,15.0,5.0,166.0,543
BBS Yearbook of Agricultural Statistics of Bangladesh 2025,Satkhira,2021-22,10.0,194.0,2.0,,0.0,6.0,41.0,7.0,260.0,543
BBS Yearbook of Agricultural Statistics of Bangladesh 2025,Kushtia,2021-22,263.0,88.0,33.0,9.0,1.0,4.0,107.0,132.0,637.0,543
BBS Yearbook of Agricultural Statistics of Bangladesh 2025,Chuadanga,2021-22,76.0,80.0,2.0,5.0,1.0,6.0,71.0,257.0,498.0,543
BBS Yearbook of Agricultural Statistics of Bangladesh 2025,Meherpur,2021-22,64.0,49.0,30.0,1.0,1.0,3.0,56.0,81.0,285.0,543
BBS Yearbook of Agricultural Statistics of Bangladesh 2025,Rajshahi,2021-22,178.0,163.0,56.0,13.0,,99.0,70.0,111.0,690.0,543
BBS Yearbook of Agricultural Statistics of Bangladesh 2025,Naogaon,2021-22,272.0,489.0,49.0,1.0,0.0,52.0,38.0,100.0,1001.0,543
BBS Yearbook of Agricultural Statistics of Bangladesh 2025,Natore,2021-22,125.0,148.0,54.0,28.0,,1.0,19.0,105.0,480.0,543
BBS Yearbook of Agricultural Statistics of Bangladesh 2025,Nawabganj,2021-22,94.0,109.0,53.0,3.0,0.0,2.0,13.0,106.0,380.0,543
BBS Yearbook of Agricultural Statistics of Bangladesh 2025,Bogra,2021-22,241.0,461.0,7.0,,,126.0,30.0,48.0,913.0,543
BBS Yearbook of Agricultural Statistics of Bangladesh 2025,Joypurhat,2021-22,10.0,169.0,7.0,2.0,0.0,84.0,10.0,2.0,284.0,543
BBS Yearbook of Agricultural Statistics of Bangladesh 2025,Pabna,2021-22,90.0,135.0,79.0,3.0,0.0,6.0,31.0,73.0,417.0,543
BBS Yearbook of Agricultural Statistics of Bangladesh 2025,Sirajganj,2021-22,153.0,347.0,6.0,,0.0,4.0,15.0,61.0,586.0,543
BBS Yearbook of Agricultural Statistics of Bangladesh 2025,Rangpur,2021-22,47.0,322.0,4.0,,,109.0,26.0,34.0,542.0,543
BBS Yearbook of Agricultural Statistics of Bangladesh 2025,Gaibandha,2021-22,38.0,315.0,7.0,1.0,,23.0,27.0,28.0,439.0,543
BBS Yearbook of Agricultural Statistics of Bangladesh 2025,Kurigram,2021-22,18.0,270.0,25.0,,0.0,15.0,11.0,10.0,349.0,543
BBS Yearbook of Agricultural Statistics of Bangladesh 2025,Nilphamari,2021-22,59.0,202.0,11.0,,,55.0,17.0,89.0,433.0,543
BBS Yearbook of Agricultural Statistics of Bangladesh 2025,Lalmonirhat,2021-22,90.0,117.0,3.0,,,12.0,8.0,61.0,291.0,543
BBS Yearbook of Agricultural Statistics of Bangladesh 2025,Dinajpur,2021-22,227.0,426.0,21.0,3.0,,127.0,52.0,98.0,954.0,543
BBS Yearbook of Agricultural Statistics of Bangladesh 2025,Thakurgaon,2021-22,38.0,152.0,124.0,12.0,1.0,70.0,15.0,76.0,488.0,543
BBS Yearbook of Agricultural Statistics of Bangladesh 2025,Panchagarh,2021-22,1.0,79.0,53.0,4.0,0.0,24.0,15.0,25.0,201.0,543
BBS Yearbook of Agricultural Statistics of Bangladesh 2025,Bandarban,2022-23,0.0,15.0,0.0,,1.0,2.0,2.0,2.0,22.0,544
BBS Yearbook of Agricultural Statistics of Bangladesh 2025,Khagrachhari,2022-23,11.0,27.0,0.0,,2.0,2.0,12.0,7.0,61.0,544
BBS Yearbook of Agricultural Statistics of Bangladesh 2025,Rangamati,2022-23,3.0,18.0,0.0,3.0,0.0,1.0,8.0,2.0,35.0,544
BBS Yearbook of Agricultural Statistics of Bangladesh 2025,Chittagong,2022-23,8.0,159.0,,2.0,1.0,10.0,78.0,27.0,283.0,544
BBS Yearbook of Agricultural Statistics of Bangladesh 2025,Cox's Bazar,2022-23,6.0,126.0,0.0,0.0,0.0,4.0,17.0,4.0,157.0,544
BBS Yearbook of Agricultural Statistics of Bangladesh 2025,Comilla,2022-23,13.0,372.0,1.0,1.0,0.0,24.0,21.0,6.0,438.0,544
BBS Yearbook of Agricultural Statistics of Bangladesh 2025,Chandpur,2022-23,,153.0,,1.0,0.0,23.0,12.0,3.0,192.0,544
BBS Yearbook of Agricultural Statistics of Bangladesh 2025,Brahamanbaria,2022-23,25.0,275.0,1.0,,0.0,3.0,9.0,1.0,314.0,544
BBS Yearbook of Agricultural Statistics of Bangladesh 2025,Noakhali,2022-23,,176.0,,,0.0,,9.0,7.0,192.0,544
BBS Yearbook of Agricultural Statistics of Bangladesh 2025,Lakshmipur,2022-23,0.0,82.0,,,0.0,,19.0,2.0,103.0,544
BBS Yearbook of Agricultural Statistics of Bangladesh 2025,Feni,2022-23,0.0,73.0,,,0.0,1.0,10.0,2.0,86.0,544
BBS Yearbook of Agricultural Statistics of Bangladesh 2025,Sylhet,2022-23,49.0,194.0,1.0,0.0,0.0,2.0,18.0,3.0,267.0,544
BBS Yearbook of Agricultural Statistics of Bangladesh 2025,Maulvibazar,2022-23,1.0,140.0,,0.0,0.0,5.0,8.0,6.0,160.0,544
BBS Yearbook of Agricultural Statistics of Bangladesh 2025,Sunamganj,2022-23,13.0,515.0,1.0,,0.0,3.0,18.0,3.0,553.0,544
BBS Yearbook of Agricultural Statistics of Bangladesh 2025,Habiganj,2022-23,26.0,298.0,,0.0,0.0,5.0,11.0,5.0,345.0,544
BBS Yearbook of Agricultural Statistics of Bangladesh 2025,Dhaka,2022-23,29.0,106.0,,0.0,0.0,2.0,16.0,3.0,156.0,544
BBS Yearbook of Agricultural Statistics of Bangladesh 2025,Gazipur,2022-23,35.0,146.0,,,,,12.0,7.0,200.0,544
BBS Yearbook of Agricultural Statistics of Bangladesh 2025,Manikganj,2022-23,19.0,121.0,,,0.0,3.0,7.0,41.0,191.0,544
BBS Yearbook of Agricultural Statistics of Bangladesh 2025,Munshiganj,2022-23,,57.0,,,0.0,83.0,9.0,11.0,160.0,544
BBS Yearbook of Agricultural Statistics of Bangladesh 2025,Narayanganj,2022-23,10.0,48.0,,,0.0,6.0,14.0,2.0,80.0,544
BBS Yearbook of Agricultural Statistics of Bangladesh 2025,Narsingdi,2022-23,15.0,133.0,,,0.0,1.0,33.0,1.0,183.0,544
BBS Yearbook of Agricultural Statistics of Bangladesh 2025,Faridpur,2022-23,97.0,57.0,45.0,5.0,0.0,1.0,15.0,76.0,296.0,544
BBS Yearbook of Agricultural Statistics of Bangladesh 2025,Rajbari,2022-23,111.0,31.0,33.0,3.0,,,15.0,29.0,223.0,544
BBS Yearbook of Agricultural Statistics of Bangladesh 2025,Madaripur,2022-23,26.0,80.0,11.0,,0.0,1.0,12.0,43.0,174.0,544
BBS Yearbook of Agricultural Statistics of Bangladesh 2025,Gopalganj,2022-23,12.0,199.0,15.0,,0.0,1.0,5.0,21.0,251.0,544
BBS Yearbook of Agricultural Statistics of Bangladesh 2025,Shariatpur,2022-23,7.0,61.0,11.0,,0.0,4.0,14.0,11.0,109.0,544
BBS Yearbook of Agricultural Statistics of Bangladesh 2025,Tangail,2022-23,87.0,418.0,6.0,,0.0,3.0,26.0,15.0,555.0,544
BBS Yearbook of Agricultural Statistics of Bangladesh 2025,Kishoreganj,2022-23,33.0,406.0,2.0,,0.0,8.0,14.0,7.0,470.0,544
BBS Yearbook of Agricultural Statistics of Bangladesh 2025,Mymensingh,2022-23,25.0,644.0,3.0,3.0,,4.0,30.0,5.0,714.0,544
BBS Yearbook of Agricultural Statistics of Bangladesh 2025,Jamalpur,2022-23,59.0,317.0,13.0,11.0,0.0,11.0,18.0,18.0,447.0,544
BBS Yearbook of Agricultural Statistics of Bangladesh 2025,Sherpur,2022-23,11.0,222.0,2.0,,0.0,8.0,17.0,4.0,264.0,544
BBS Yearbook of Agricultural Statistics of Bangladesh 2025,Netrakona,2022-23,26.0,446.0,1.0,,0.0,2.0,5.0,3.0,483.0,544
BBS Yearbook of Agricultural Statistics of Bangladesh 2025,Jhalokati,2022-23,1.0,25.0,,,0.0,1.0,4.0,2.0,33.0,544
BBS Yearbook of Agricultural Statistics of Bangladesh 2025,Pirojpur,2022-23,0.0,57.0,,,0.0,3.0,11.0,3.0,74.0,544
BBS Yearbook of Agricultural Statistics of Bangladesh 2025,Bhola,2022-23,0.0,99.0,1.0,,0.0,7.0,18.0,12.0,137.0,544
BBS Yearbook of Agricultural Statistics of Bangladesh 2025,Patuakhali,2022-23,2.0,2.0,0.0,0.0,0.0,1.0,2.0,35.0,42.0,545
BBS Yearbook of Agricultural Statistics of Bangladesh 2025,Barguna,2022-23,0.0,20.0,0.0,,0.0,1.0,5.0,10.0,36.0,545
BBS Yearbook of Agricultural Statistics of Bangladesh 2025,Jessore,2022-23,254.0,393.0,2.0,1.0,2.0,3.0,54.0,39.0,746.0,545
BBS Yearbook of Agricultural Statistics of Bangladesh 2025,Jhenaidah,2022-23,255.0,222.0,13.0,3.0,4.0,4.0,42.0,67.0,609.0,545
BBS Yearbook of Agricultural Statistics of Bangladesh 2025,Magura,2022-23,152.0,89.0,12.0,,,,30.0,110.0,393.0,545
BBS Yearbook of Agricultural Statistics of Bangladesh 2025,Narail,2022-23,101.0,123.0,4.0,,0.0,,9.0,8.0,245.0,545
BBS Yearbook of Agricultural Statistics of Bangladesh 2025,Khulna,2022-23,6.0,147.0,,,0.0,1.0,27.0,9.0,190.0,545
BBS Yearbook of Agricultural Statistics of Bangladesh 2025,Bagerhat,2022-23,1.0,145.0,,,0.0,1.0,17.0,5.0,169.0,545
BBS Yearbook of Agricultural Statistics of Bangladesh 2025,Satkhira,2022-23,3.0,194.0,1.0,,0.0,5.0,37.0,3.0,245.0,545
BBS Yearbook of Agricultural Statistics of Bangladesh 2025,Kushtia,2022-23,216.0,89.0,31.0,8.0,1.0,4.0,161.0,166.0,675.0,545
BBS Yearbook of Agricultural Statistics of Bangladesh 2025,Chuadanga,2022-23,80.0,88.0,2.0,5.0,1.0,5.0,70.0,244.0,494.0,545
BBS Yearbook of Agricultural Statistics of Bangladesh 2025,Meherpur,2022-23,63.0,45.0,30.0,1.0,1.0,3.0,62.0,86.0,291.0,545
BBS Yearbook of Agricultural Statistics of Bangladesh 2025,Rajshahi,2022-23,188.0,166.0,56.0,13.0,,88.0,69.0,113.0,693.0,545
BBS Yearbook of Agricultural Statistics of Bangladesh 2025,Naogaon,2022-23,313.0,471.0,41.0,1.0,0.0,46.0,44.0,113.0,1029.0,545
BBS Yearbook of Agricultural Statistics of Bangladesh 2025,Natore,2022-23,126.0,151.0,62.0,28.0,,1.0,22.0,103.0,493.0,545
BBS Yearbook of Agricultural Statistics of Bangladesh 2025,Nawabganj,2022-23,120.0,127.0,60.0,4.0,,3.0,12.0,108.0,434.0,545
BBS Yearbook of Agricultural Statistics of Bangladesh 2025,Bogra,2022-23,266.0,463.0,5.0,,,130.0,33.0,33.0,930.0,545
BBS Yearbook of Agricultural Statistics of Bangladesh 2025,Joypurhat,2022-23,156.0,168.0,7.0,2.0,0.0,83.0,15.0,8.0,439.0,545
BBS Yearbook of Agricultural Statistics of Bangladesh 2025,Pabna,2022-23,81.0,141.0,71.0,3.0,0.0,6.0,31.0,83.0,416.0,545
BBS Yearbook of Agricultural Statistics of Bangladesh 2025,Sirajganj,2022-23,153.0,344.0,6.0,,0.0,4.0,15.0,59.0,581.0,545
BBS Yearbook of Agricultural Statistics of Bangladesh 2025,Rangpur,2022-23,46.0,324.0,5.0,,,104.0,34.0,39.0,552.0,545
BBS Yearbook of Agricultural Statistics of Bangladesh 2025,Gaibandha,2022-23,59.0,309.0,7.0,1.0,,23.0,29.0,36.0,464.0,545
BBS Yearbook of Agricultural Statistics of Bangladesh 2025,Kurigram,2022-23,23.0,279.0,18.0,,0.0,16.0,17.0,13.0,366.0,545
BBS Yearbook of Agricultural Statistics of Bangladesh 2025,Nilphamari,2022-23,59.0,202.0,10.0,,0.0,54.0,17.0,78.0,420.0,545
BBS Yearbook of Agricultural Statistics of Bangladesh 2025,Lalmonirhat,2022-23,76.0,123.0,3.0,,,14.0,8.0,63.0,287.0,545
BBS Yearbook of Agricultural Statistics of Bangladesh 2025,Dinajpur,2022-23,273.0,432.0,8.0,3.0,,117.0,79.0,114.0,1026.0,545
BBS Yearbook of Agricultural Statistics of Bangladesh 2025,Thakurgaon,2022-23,42.0,156.0,118.0,13.0,,70.0,14.0,76.0,489.0,545
BBS Yearbook of Agricultural Statistics of Bangladesh 2025,Panchagarh,2022-23,1.0,81.0,50.0,4.0,0.0,24.0,17.0,28.0,205.0,545
