source,area,animal,holding_class,all_holdings,holdings_keeping,head,pct_of_holdings_keeping,head_per_keeping_holding,note
BBS Yearbook of Agricultural Statistics of Bangladesh 2025,Bangladesh,cow,all,35552296.0,12474593.0,29452179.0,35.09,2.36,
BBS Yearbook of Agricultural Statistics of Bangladesh 2025,Bangladesh,cow,no_operated_land,2929564.0,150865.0,282805.0,5.15,1.87,
BBS Yearbook of Agricultural Statistics of Bangladesh 2025,Bangladesh,cow,no_cultivated_land,13669425.0,2752742.0,5213757.0,20.14,1.89,
BBS Yearbook of Agricultural Statistics of Bangladesh 2025,Bangladesh,cow,cultivated_0.01-0.04ac,2071550.0,458322.0,895898.0,22.12,1.95,
BBS Yearbook of Agricultural Statistics of Bangladesh 2025,Bangladesh,cow,small_0.05-2.49ac,15481350.0,8165923.0,19574858.0,52.75,2.4,
BBS Yearbook of Agricultural Statistics of Bangladesh 2025,Bangladesh,cow,medium_2.50-7.49ac,1299410.0,884703.0,3181730.0,68.08,3.6,
BBS Yearbook of Agricultural Statistics of Bangladesh 2025,Bangladesh,cow,large_7.50ac+,100997.0,62038.0,303131.0,61.43,4.89,
BBS Yearbook of Agricultural Statistics of Bangladesh 2025,Bangladesh,cow,farm_total,16881757.0,9112664.0,23059719.0,53.98,2.53,
BBS Yearbook of Agricultural Statistics of Bangladesh 2025,Bangladesh,buffalo,all,35552296.0,182343.0,636926.0,0.51,3.49,
BBS Yearbook of Agricultural Statistics of Bangladesh 2025,Bangladesh,buffalo,no_operated_land,2929564.0,1966.0,5176.0,0.07,2.63,
BBS Yearbook of Agricultural Statistics of Bangladesh 2025,Bangladesh,buffalo,no_cultivated_land,13669425.0,48658.0,144132.0,0.36,2.96,
BBS Yearbook of Agricultural Statistics of Bangladesh 2025,Bangladesh,buffalo,cultivated_0.01-0.04ac,2071550.0,6356.0,17856.0,0.31,2.81,
BBS Yearbook of Agricultural Statistics of Bangladesh 2025,Bangladesh,buffalo,small_0.05-2.49ac,15481350.0,101718.0,367945.0,0.66,3.62,
BBS Yearbook of Agricultural Statistics of Bangladesh 2025,Bangladesh,buffalo,medium_2.50-7.49ac,1299410.0,20627.0,80847.0,1.59,3.92,
BBS Yearbook of Agricultural Statistics of Bangladesh 2025,Bangladesh,buffalo,large_7.50ac+,100997.0,3018.0,20970.0,2.99,6.95,
BBS Yearbook of Agricultural Statistics of Bangladesh 2025,Bangladesh,buffalo,farm_total,16881757.0,125363.0,469762.0,0.74,3.75,
BBS Yearbook of Agricultural Statistics of Bangladesh 2025,Bangladesh,goat,all,35552296.0,7348865.0,19444136.0,20.67,2.65,
BBS Yearbook of Agricultural Statistics of Bangladesh 2025,Bangladesh,goat,no_operated_land,2929564.0,113583.0,264246.0,3.88,2.33,
BBS Yearbook of Agricultural Statistics of Bangladesh 2025,Bangladesh,goat,no_cultivated_land,13669425.0,1952298.0,4675076.0,14.28,2.39,
BBS Yearbook of Agricultural Statistics of Bangladesh 2025,Bangladesh,goat,cultivated_0.01-0.04ac,2071550.0,293122.0,716046.0,14.15,2.44,
BBS Yearbook of Agricultural Statistics of Bangladesh 2025,Bangladesh,goat,small_0.05-2.49ac,15481350.0,4502651.0,12104633.0,29.08,2.69,
BBS Yearbook of Agricultural Statistics of Bangladesh 2025,Bangladesh,goat,medium_2.50-7.49ac,1299410.0,455227.0,1544216.0,35.03,3.39,
BBS Yearbook of Agricultural Statistics of Bangladesh 2025,Bangladesh,goat,large_7.50ac+,100997.0,31984.0,139919.0,31.67,4.37,
BBS Yearbook of Agricultural Statistics of Bangladesh 2025,Bangladesh,goat,farm_total,16881757.0,4989862.0,13788768.0,29.56,2.76,
BBS Yearbook of Agricultural Statistics of Bangladesh 2025,Bangladesh,sheep,all,35552296.0,270724.0,952173.0,0.76,3.52,
BBS Yearbook of Agricultural Statistics of Bangladesh 2025,Bangladesh,sheep,no_operated_land,2929564.0,3827.0,12533.0,0.13,3.27,
BBS Yearbook of Agricultural Statistics of Bangladesh 2025,Bangladesh,sheep,no_cultivated_land,13669425.0,68512.0,216864.0,0.5,3.17,
BBS Yearbook of Agricultural Statistics of Bangladesh 2025,Bangladesh,sheep,cultivated_0.01-0.04ac,2071550.0,10355.0,32475.0,0.5,3.14,
BBS Yearbook of Agricultural Statistics of Bangladesh 2025,Bangladesh,sheep,small_0.05-2.49ac,15481350.0,164096.0,572900.0,1.06,3.49,
BBS Yearbook of Agricultural Statistics of Bangladesh 2025,Bangladesh,sheep,medium_2.50-7.49ac,1299410.0,21787.0,99673.0,1.68,4.57,
BBS Yearbook of Agricultural Statistics of Bangladesh 2025,Bangladesh,sheep,large_7.50ac+,100997.0,2147.0,17728.0,2.13,8.26,
BBS Yearbook of Agricultural Statistics of Bangladesh 2025,Bangladesh,sheep,farm_total,16881757.0,188030.0,690301.0,1.11,3.67,
BBS Yearbook of Agricultural Statistics of Bangladesh 2025,Bangladesh,chicken,all,35552296.0,18337018.0,199403476.0,51.58,10.87,
BBS Yearbook of Agricultural Statistics of Bangladesh 2025,Bangladesh,chicken,no_operated_land,2929564.0,323334.0,2120044.0,11.04,6.56,
BBS Yearbook of Agricultural Statistics of Bangladesh 2025,Bangladesh,chicken,no_cultivated_land,13669425.0,5569393.0,44681863.0,40.74,8.02,
BBS Yearbook of Agricultural Statistics of Bangladesh 2025,Bangladesh,chicken,cultivated_0.01-0.04ac,2071550.0,1123868.0,9423803.0,54.25,8.39,
BBS Yearbook of Agricultural Statistics of Bangladesh 2025,Bangladesh,chicken,small_0.05-2.49ac,15481350.0,10330702.0,125293656.0,66.73,12.13,
BBS Yearbook of Agricultural Statistics of Bangladesh 2025,Bangladesh,chicken,medium_2.50-7.49ac,1299410.0,922949.0,15962516.0,71.03,17.3,
BBS Yearbook of Agricultural Statistics of Bangladesh 2025,Bangladesh,chicken,large_7.50ac+,100997.0,66772.0,1921594.0,66.11,28.78,
BBS Yearbook of Agricultural Statistics of Bangladesh 2025,Bangladesh,chicken,farm_total,16881757.0,11320423.0,143177766.0,67.06,12.65,
BBS Yearbook of Agricultural Statistics of Bangladesh 2025,Bangladesh,duck,all,35552296.0,11178920.0,74492537.0,31.44,6.66,
BBS Yearbook of Agricultural Statistics of Bangladesh 2025,Bangladesh,duck,no_operated_land,2929564.0,167014.0,1008023.0,5.7,6.04,
BBS Yearbook of Agricultural Statistics of Bangladesh 2025,Bangladesh,duck,no_cultivated_land,13669425.0,3001640.0,17002790.0,21.96,5.66,
BBS Yearbook of Agricultural Statistics of Bangladesh 2025,Bangladesh,duck,cultivated_0.01-0.04ac,2071550.0,699035.0,3786559.0,33.74,5.42,
BBS Yearbook of Agricultural Statistics of Bangladesh 2025,Bangladesh,duck,small_0.05-2.49ac,15481350.0,6654729.0,46106215.0,42.99,6.93,
BBS Yearbook of Agricultural Statistics of Bangladesh 2025,Bangladesh,duck,medium_2.50-7.49ac,1299410.0,614664.0,5969143.0,47.3,9.71,
BBS Yearbook of Agricultural Statistics of Bangladesh 2025,Bangladesh,duck,large_7.50ac+,100997.0,41838.0,619807.0,41.42,14.81,
BBS Yearbook of Agricultural Statistics of Bangladesh 2025,Bangladesh,duck,farm_total,16881757.0,7311231.0,52695165.0,43.31,7.21,
BBS Yearbook of Agricultural Statistics of Bangladesh 2025,Bangladesh,pigeon,all,35552296.0,2032950.0,23165372.0,5.72,11.39,
BBS Yearbook of Agricultural Statistics of Bangladesh 2025,Bangladesh,pigeon,no_operated_land,2929564.0,35174.0,383610.0,1.2,10.91,
BBS Yearbook of Agricultural Statistics of Bangladesh 2025,Bangladesh,pigeon,no_cultivated_land,13669425.0,524859.0,5726930.0,3.84,10.91,
BBS Yearbook of Agricultural Statistics of Bangladesh 2025,Bangladesh,pigeon,cultivated_0.01-0.04ac,2071550.0,128419.0,1263447.0,6.2,9.84,
BBS Yearbook of Agricultural Statistics of Bangladesh 2025,Bangladesh,pigeon,small_0.05-2.49ac,15481350.0,1192229.0,13551397.0,7.7,11.37,
BBS Yearbook of Agricultural Statistics of Bangladesh 2025,Bangladesh,pigeon,medium_2.50-7.49ac,1299410.0,140700.0,2005836.0,10.83,14.26,
BBS Yearbook of Agricultural Statistics of Bangladesh 2025,Bangladesh,pigeon,large_7.50ac+,100997.0,11569.0,234152.0,11.45,20.24,
BBS Yearbook of Agricultural Statistics of Bangladesh 2025,Bangladesh,pigeon,farm_total,16881757.0,1344498.0,15791385.0,7.96,11.75,
BBS Yearbook of Agricultural Statistics of Bangladesh 2025,Rural,cow,all,29752874.0,12007954.0,28283072.0,40.36,2.36,
BBS Yearbook of Agricultural Statistics of Bangladesh 2025,Rural,cow,no_operated_land,1154304.0,134462.0,250451.0,11.65,1.86,
BBS Yearbook of Agricultural Statistics of Bangladesh 2025,Rural,cow,no_cultivated_land,10691330.0,2583837.0,4860241.0,24.17,1.88,
BBS Yearbook of Agricultural Statistics of Bangladesh 2025,Rural,cow,cultivated_0.01-0.04ac,1858646.0,430526.0,841431.0,23.16,1.95,
BBS Yearbook of Agricultural Statistics of Bangladesh 2025,Rural,cow,small_0.05-2.49ac,14747025.0,7967987.0,19045207.0,54.03,2.39,
BBS Yearbook of Agricultural Statistics of Bangladesh 2025,Rural,cow,medium_2.50-7.49ac,1205557.0,830301.0,2989567.0,68.87,3.6,
BBS Yearbook of Agricultural Statistics of Bangladesh 2025,Rural,cow,large_7.50ac+,96012.0,60841.0,296175.0,63.37,4.87,
BBS Yearbook of Agricultural Statistics of Bangladesh 2025,Rural,cow,farm_total,16048594.0,8859129.0,22330949.0,55.2,2.52,
BBS Yearbook of Agricultural Statistics of Bangladesh 2025,Rural,buffalo,all,29752874.0,154903.0,572389.0,0.52,3.7,
BBS Yearbook of Agricultural Statistics of Bangladesh 2025,Rural,buffalo,no_operated_land,1154304.0,1589.0,4208.0,0.14,2.65,
BBS Yearbook of Agricultural Statistics of Bangladesh 2025,Rural,buffalo,no_cultivated_land,10691330.0,28952.0,102641.0,0.27,3.55,
BBS Yearbook of Agricultural Statistics of Bangladesh 2025,Rural,buffalo,cultivated_0.01-0.04ac,1858646.0,5498.0,15299.0,0.3,2.78,
BBS Yearbook of Agricultural Statistics of Bangladesh 2025,Rural,buffalo,small_0.05-2.49ac,14747025.0,96540.0,353748.0,0.65,3.66,
BBS Yearbook of Agricultural Statistics of Bangladesh 2025,Rural,buffalo,medium_2.50-7.49ac,1205557.0,19375.0,76023.0,1.61,3.92,
BBS Yearbook of Agricultural Statistics of Bangladesh 2025,Rural,buffalo,large_7.50ac+,96012.0,2949.0,20470.0,3.07,6.94,
BBS Yearbook of Agricultural Statistics of Bangladesh 2025,Rural,buffalo,farm_total,16048594.0,118864.0,450241.0,0.74,3.79,
BBS Yearbook of Agricultural Statistics of Bangladesh 2025,Rural,goat,all,29752874.0,7091415.0,18720361.0,23.83,2.64,
BBS Yearbook of Agricultural Statistics of Bangladesh 2025,Rural,goat,no_operated_land,1154304.0,99602.0,234727.0,8.63,2.36,
BBS Yearbook of Agricultural Statistics of Bangladesh 2025,Rural,goat,no_cultivated_land,10691330.0,1849414.0,4406351.0,17.3,2.38,
BBS Yearbook of Agricultural Statistics of Bangladesh 2025,Rural,goat,cultivated_0.01-0.04ac,1858646.0,279526.0,678392.0,15.04,2.43,
BBS Yearbook of Agricultural Statistics of Bangladesh 2025,Rural,goat,small_0.05-2.49ac,14747025.0,4406228.0,11820909.0,29.88,2.68,
BBS Yearbook of Agricultural Statistics of Bangladesh 2025,Rural,goat,medium_2.50-7.49ac,1205557.0,425313.0,1443910.0,35.28,3.39,
BBS Yearbook of Agricultural Statistics of Bangladesh 2025,Rural,goat,large_7.50ac+,96012.0,31332.0,136072.0,32.63,4.34,
BBS Yearbook of Agricultural Statistics of Bangladesh 2025,Rural,goat,farm_total,16048594.0,4862873.0,13400891.0,30.3,2.76,
BBS Yearbook of Agricultural Statistics of Bangladesh 2025,Rural,sheep,all,29752874.0,261682.0,917499.0,0.88,3.51,
BBS Yearbook of Agricultural Statistics of Bangladesh 2025,Rural,sheep,no_operated_land,1154304.0,3508.0,11248.0,0.3,3.21,
BBS Yearbook of Agricultural Statistics of Bangladesh 2025,Rural,sheep,no_cultivated_land,10691330.0,65297.0,205836.0,0.61,3.15,
BBS Yearbook of Agricultural Statistics of Bangladesh 2025,Rural,sheep,cultivated_0.01-0.04ac,1858646.0,9790.0,30241.0,0.53,3.09,
BBS Yearbook of Agricultural Statistics of Bangladesh 2025,Rural,sheep,small_0.05-2.49ac,14747025.0,160277.0,557921.0,1.09,3.48,
BBS Yearbook of Agricultural Statistics of Bangladesh 2025,Rural,sheep,medium_2.50-7.49ac,1205557.0,20704.0,95124.0,1.72,4.59,
BBS Yearbook of Agricultural Statistics of Bangladesh 2025,Rural,sheep,large_7.50ac+,96012.0,2106.0,17129.0,2.19,8.13,
BBS Yearbook of Agricultural Statistics of Bangladesh 2025,Rural,sheep,farm_total,16048594.0,183087.0,670174.0,1.14,3.66,
BBS Yearbook of Agricultural Statistics of Bangladesh 2025,Rural,chicken,all,29752874.0,17433754.0,190641859.0,58.6,10.94,
BBS Yearbook of Agricultural Statistics of Bangladesh 2025,Rural,chicken,no_operated_land,1154304.0,265279.0,1802160.0,22.98,6.79,
BBS Yearbook of Agricultural Statistics of Bangladesh 2025,Rural,chicken,no_cultivated_land,10691330.0,5089072.0,40731747.0,47.6,8.0,
BBS Yearbook of Agricultural Statistics of Bangladesh 2025,Rural,chicken,cultivated_0.01-0.04ac,1858646.0,1064405.0,8908537.0,57.27,8.37,
BBS Yearbook of Agricultural Statistics of Bangladesh 2025,Rural,chicken,small_0.05-2.49ac,14747025.0,10082529.0,122057061.0,68.37,12.11,
BBS Yearbook of Agricultural Statistics of Bangladesh 2025,Rural,chicken,medium_2.50-7.49ac,1205557.0,866852.0,15272768.0,71.9,17.62,
BBS Yearbook of Agricultural Statistics of Bangladesh 2025,Rural,chicken,large_7.50ac+,96012.0,65617.0,1869586.0,68.34,28.49,
BBS Yearbook of Agricultural Statistics of Bangladesh 2025,Rural,chicken,farm_total,16048594.0,11014998.0,139199415.0,68.64,12.64,
BBS Yearbook of Agricultural Statistics of Bangladesh 2025,Rural,duck,all,29752874.0,10736216.0,71782580.0,36.08,6.69,
BBS Yearbook of Agricultural Statistics of Bangladesh 2025,Rural,duck,no_operated_land,1154304.0,144737.0,904635.0,12.54,6.25,
BBS Yearbook of Agricultural Statistics of Bangladesh 2025,Rural,duck,no_cultivated_land,10691330.0,2782944.0,15745512.0,26.03,5.66,
BBS Yearbook of Agricultural Statistics of Bangladesh 2025,Rural,duck,cultivated_0.01-0.04ac,1858646.0,671264.0,3627556.0,36.12,5.4,
BBS Yearbook of Agricultural Statistics of Bangladesh 2025,Rural,duck,small_0.05-2.49ac,14747025.0,6519766.0,45227240.0,44.21,6.94,
BBS Yearbook of Agricultural Statistics of Bangladesh 2025,Rural,duck,medium_2.50-7.49ac,1205557.0,576313.0,5669913.0,47.8,9.84,
BBS Yearbook of Agricultural Statistics of Bangladesh 2025,Rural,duck,large_7.50ac+,96012.0,41192.0,607724.0,42.9,14.75,
BBS Yearbook of Agricultural Statistics of Bangladesh 2025,Rural,duck,farm_total,16048594.0,7137271.0,51504877.0,44.47,7.22,
BBS Yearbook of Agricultural Statistics of Bangladesh 2025,Rural,pigeon,all,29752874.0,1862583.0,20963650.0,6.26,11.26,
BBS Yearbook of Agricultural Statistics of Bangladesh 2025,Rural,pigeon,no_operated_land,1154304.0,19992.0,217470.0,1.73,10.88,
BBS Yearbook of Agricultural Statistics of Bangladesh 2025,Rural,pigeon,no_cultivated_land,10691330.0,432292.0,4549374.0,4.04,10.52,
BBS Yearbook of Agricultural Statistics of Bangladesh 2025,Rural,pigeon,cultivated_0.01-0.04ac,1858646.0,116469.0,1106731.0,6.27,9.5,
BBS Yearbook of Agricultural Statistics of Bangladesh 2025,Rural,pigeon,small_0.05-2.49ac,14747025.0,1151932.0,13000293.0,7.81,11.29,
BBS Yearbook of Agricultural Statistics of Bangladesh 2025,Rural,pigeon,medium_2.50-7.49ac,1205557.0,130638.0,1863786.0,10.84,14.27,
BBS Yearbook of Agricultural Statistics of Bangladesh 2025,Rural,pigeon,large_7.50ac+,96012.0,11260.0,225996.0,11.73,20.07,
BBS Yearbook of Agricultural Statistics of Bangladesh 2025,Rural,pigeon,farm_total,16048594.0,1293830.0,15090075.0,8.06,11.66,
BBS Yearbook of Agricultural Statistics of Bangladesh 2025,Urban,cow,all,5799422.0,466639.0,1169107.0,8.05,2.51,
BBS Yearbook of Agricultural Statistics of Bangladesh 2025,Urban,cow,no_operated_land,1775260.0,16403.0,32354.0,0.92,1.97,
BBS Yearbook of Agricultural Statistics of Bangladesh 2025,Urban,cow,no_cultivated_land,2978095.0,168905.0,353516.0,5.67,2.09,
BBS Yearbook of Agricultural Statistics of Bangladesh 2025,Urban,cow,cultivated_0.01-0.04ac,212904.0,27796.0,54467.0,13.06,1.96,
BBS Yearbook of Agricultural Statistics of Bangladesh 2025,Urban,cow,small_0.05-2.49ac,734325.0,197936.0,529651.0,26.95,2.68,
BBS Yearbook of Agricultural Statistics of Bangladesh 2025,Urban,cow,medium_2.50-7.49ac,93853.0,54402.0,192163.0,57.97,3.53,
BBS Yearbook of Agricultural Statistics of Bangladesh 2025,Urban,cow,large_7.50ac+,4985.0,1197.0,6956.0,24.01,5.81,
BBS Yearbook of Agricultural Statistics of Bangladesh 2025,Urban,cow,farm_total,833163.0,253535.0,728770.0,30.43,2.87,
BBS Yearbook of Agricultural Statistics of Bangladesh 2025,Urban,buffalo,all,5799422.0,27440.0,64537.0,0.47,2.35,
BBS Yearbook of Agricultural Statistics of Bangladesh 2025,Urban,buffalo,no_operated_land,1775260.0,377.0,968.0,0.02,2.57,
BBS Yearbook of Agricultural Statistics of Bangladesh 2025,Urban,buffalo,no_cultivated_land,2978095.0,19706.0,41491.0,0.66,2.11,
BBS Yearbook of Agricultural Statistics of Bangladesh 2025,Urban,buffalo,cultivated_0.01-0.04ac,212904.0,858.0,2557.0,0.4,2.98,
BBS Yearbook of Agricultural Statistics of Bangladesh 2025,Urban,buffalo,small_0.05-2.49ac,734325.0,5178.0,14197.0,0.71,2.74,
BBS Yearbook of Agricultural Statistics of Bangladesh 2025,Urban,buffalo,medium_2.50-7.49ac,93853.0,1252.0,4824.0,1.33,3.85,
BBS Yearbook of Agricultural Statistics of Bangladesh 2025,Urban,buffalo,large_7.50ac+,4985.0,69.0,500.0,1.38,7.25,
BBS Yearbook of Agricultural Statistics of Bangladesh 2025,Urban,buffalo,farm_total,833163.0,6499.0,19521.0,0.78,3.0,
BBS Yearbook of Agricultural Statistics of Bangladesh 2025,Urban,goat,all,5799422.0,257450.0,723775.0,4.44,2.81,
BBS Yearbook of Agricultural Statistics of Bangladesh 2025,Urban,goat,no_operated_land,1775260.0,13981.0,29519.0,0.79,2.11,
BBS Yearbook of Agricultural Statistics of Bangladesh 2025,Urban,goat,no_cultivated_land,2978095.0,102884.0,268725.0,3.45,2.61,
BBS Yearbook of Agricultural Statistics of Bangladesh 2025,Urban,goat,cultivated_0.01-0.04ac,212904.0,13596.0,37654.0,6.39,2.77,
BBS Yearbook of Agricultural Statistics of Bangladesh 2025,Urban,goat,small_0.05-2.49ac,734325.0,96423.0,283724.0,13.13,2.94,
BBS Yearbook of Agricultural Statistics of Bangladesh 2025,Urban,goat,medium_2.50-7.49ac,93853.0,29914.0,100306.0,31.87,3.35,
BBS Yearbook of Agricultural Statistics of Bangladesh 2025,Urban,goat,large_7.50ac+,4985.0,652.0,3847.0,13.08,5.9,
BBS Yearbook of Agricultural Statistics of Bangladesh 2025,Urban,goat,farm_total,833163.0,126989.0,387877.0,15.24,3.05,
BBS Yearbook of Agricultural Statistics of Bangladesh 2025,Urban,sheep,all,5799422.0,9042.0,34674.0,0.16,3.83,
BBS Yearbook of Agricultural Statistics of Bangladesh 2025,Urban,sheep,no_operated_land,1775260.0,319.0,1285.0,0.02,4.03,
BBS Yearbook of Agricultural Statistics of Bangladesh 2025,Urban,sheep,no_cultivated_land,2978095.0,3215.0,11028.0,0.11,3.43,
BBS Yearbook of Agricultural Statistics of Bangladesh 2025,Urban,sheep,cultivated_0.01-0.04ac,212904.0,565.0,2234.0,0.27,3.95,
BBS Yearbook of Agricultural Statistics of Bangladesh 2025,Urban,sheep,small_0.05-2.49ac,734325.0,3819.0,14979.0,0.52,3.92,
BBS Yearbook of Agricultural Statistics of Bangladesh 2025,Urban,sheep,medium_2.50-7.49ac,93853.0,1083.0,4549.0,1.15,4.2,
BBS Yearbook of Agricultural Statistics of Bangladesh 2025,Urban,sheep,large_7.50ac+,4985.0,41.0,599.0,0.82,14.61,
BBS Yearbook of Agricultural Statistics of Bangladesh 2025,Urban,sheep,farm_total,833163.0,4943.0,20127.0,0.59,4.07,
BBS Yearbook of Agricultural Statistics of Bangladesh 2025,Urban,chicken,all,5799422.0,903264.0,8761617.0,15.58,9.7,
BBS Yearbook of Agricultural Statistics of Bangladesh 2025,Urban,chicken,no_operated_land,1775260.0,58055.0,317884.0,3.27,5.48,
BBS Yearbook of Agricultural Statistics of Bangladesh 2025,Urban,chicken,no_cultivated_land,2978095.0,480321.0,3950116.0,16.13,8.22,head: no_cultivated_land printed 39501|16; recomputed from the row total
BBS Yearbook of Agricultural Statistics of Bangladesh 2025,Urban,chicken,cultivated_0.01-0.04ac,212904.0,59463.0,515266.0,27.93,8.67,
BBS Yearbook of Agricultural Statistics of Bangladesh 2025,Urban,chicken,small_0.05-2.49ac,734325.0,248173.0,3236595.0,33.8,13.04,
BBS Yearbook of Agricultural Statistics of Bangladesh 2025,Urban,chicken,medium_2.50-7.49ac,93853.0,56097.0,689748.0,59.77,12.3,
BBS Yearbook of Agricultural Statistics of Bangladesh 2025,Urban,chicken,large_7.50ac+,4985.0,1155.0,52008.0,23.17,45.03,
BBS Yearbook of Agricultural Statistics of Bangladesh 2025,Urban,chicken,farm_total,833163.0,305425.0,3978351.0,36.66,13.03,
BBS Yearbook of Agricultural Statistics of Bangladesh 2025,Urban,duck,all,5799422.0,442704.0,2709957.0,7.63,6.12,
BBS Yearbook of Agricultural Statistics of Bangladesh 2025,Urban,duck,no_operated_land,1775260.0,22277.0,103388.0,1.25,4.64,
BBS Yearbook of Agricultural Statistics of Bangladesh 2025,Urban,duck,no_cultivated_land,2978095.0,218696.0,1257278.0,7.34,5.75,holdings: no_cultivated_land printed 21869|6; recomputed from the row total; head: no_cultivated_land printed 12572|78; recomputed from the row total
BBS Yearbook of Agricultural Statistics of Bangladesh 2025,Urban,duck,cultivated_0.01-0.04ac,212904.0,27771.0,159003.0,13.04,5.73,
BBS Yearbook of Agricultural Statistics of Bangladesh 2025,Urban,duck,small_0.05-2.49ac,734325.0,134963.0,878975.0,18.38,6.51,
BBS Yearbook of Agricultural Statistics of Bangladesh 2025,Urban,duck,medium_2.50-7.49ac,93853.0,38351.0,299230.0,40.86,7.8,
BBS Yearbook of Agricultural Statistics of Bangladesh 2025,Urban,duck,large_7.50ac+,4985.0,646.0,12083.0,12.96,18.7,
BBS Yearbook of Agricultural Statistics of Bangladesh 2025,Urban,duck,farm_total,833163.0,173960.0,1190288.0,20.88,6.84,
BBS Yearbook of Agricultural Statistics of Bangladesh 2025,Urban,pigeon,all,5799422.0,170367.0,2201722.0,2.94,12.92,
BBS Yearbook of Agricultural Statistics of Bangladesh 2025,Urban,pigeon,no_operated_land,1775260.0,15182.0,166140.0,0.86,10.94,
BBS Yearbook of Agricultural Statistics of Bangladesh 2025,Urban,pigeon,no_cultivated_land,2978095.0,92567.0,1177556.0,3.11,12.72,head: no_cultivated_land printed 11775|56; recomputed from the row total
BBS Yearbook of Agricultural Statistics of Bangladesh 2025,Urban,pigeon,cultivated_0.01-0.04ac,212904.0,11950.0,156716.0,5.61,13.11,
BBS Yearbook of Agricultural Statistics of Bangladesh 2025,Urban,pigeon,small_0.05-2.49ac,734325.0,40297.0,551104.0,5.49,13.68,
BBS Yearbook of Agricultural Statistics of Bangladesh 2025,Urban,pigeon,medium_2.50-7.49ac,93853.0,10062.0,142050.0,10.72,14.12,
BBS Yearbook of Agricultural Statistics of Bangladesh 2025,Urban,pigeon,large_7.50ac+,4985.0,309.0,8156.0,6.2,26.39,
BBS Yearbook of Agricultural Statistics of Bangladesh 2025,Urban,pigeon,farm_total,833163.0,50668.0,701310.0,6.08,13.84,
