year,page,sentence
2010,8,"The north eastern part adversely affected by the pre-monsoon flash flood, in the last part of April and again the first part of May in 2010 resulted standing crop damages."
2010,8,This unusual pre-monsoon high water level in the north east part is similar to the year of 2004.
2010,8,"Inspite of moderate magnitude of flood occurred in the year 2010, some of the regions experienced river bank errosion and flash flood."
2010,16,"The north eastern part also adversely affected by the pre-monsoon flash flood, in the last part of April and again the first part of May resulted standing crop damages."
2010,39,"The north eastern part also adversely affected by the pre-monsoon flash flood, in the last part of April and again in the first part of May resulted standing crop damages."
2010,43,"In the Meghna basin most of the rivers due to excessive rainfall in the 2nd fortnight of April and 1st part of May generated onrush of inflow from the hilly region outside Bangladesh got higher water levels resulting flash flood of higher magnitude in the districts of Sylhet, Sunamganj, Habiganj and part of Moulvi Bazar."
2010,43,This unusual high WL in the pre-monsoon(April-May) caused flesh floods in the entire North￾Eastern region of Bangladesh resulted huge standing crop damage.
2011,8,Some of the regions experienced river bank errosion and flash flood.
2011,29,"During the monsoon-2011 there were flash floods affecting the Jariajanjail (in the North east, in Netrokona district) and Bandarban-Coxs Bazar(South east)."
2012,6,Some of the regions experienced river bank errosion and flash flood.
2012,28,"During the monsoon-2012 there were flash floods affecting the Jariajanjail (in the North east, in Netrokona district) and Bandarban-Coxs Bazar(South east)."
2013,3,4 Flash Flood Forecast for North East Part.
2013,5,3 : Sample flash flood forecast.
2013,8,Some of the regions experienced river bank errosion and flash flood.
2013,19,"In some areas, more than a month's worth of rain fell over two weeks as a result flash floods hit in few locations of south eastern zone."
2014,3,1 Development of Flash Flood Forecasting System .
2014,5,2: Screenshot of Flash Flood Guidance web-portal.
2014,5,3 : Module for analysis of flash flood potential.
2014,5,4 : Sample Flash Flood Forecast graphics and bulletin .
2014,6,"Flash Flood Guidance has been practiced in Sunamgonj and Jaliapalong, Ukhia, Coxs Bazar."
2014,8,No flash flood experienced during pre-monsoon (uto mid May).
2014,8,During monsoon (June to September) few places of south east and north east hit by the Flash Flood.
2014,8,"In few places experienced river bank errosion, flash flood and tidal flood in the coastal zone."
2014,17,"During the monsoon 2014, the flood was an average one and stayed for short duration in South Eastern Hill Basin-flash flood and short to medium in other three basins, the Brahmaputra, the Ganges, and the Meghna."
2014,17,NO flash flood hit upto May in the North East and South East.
2015,2,4 Flash Flood Forecast for North East Part .
2015,4,5: A sample of Flash Flood Forecast Bulletin .
2015,7,Some of the regions experienced river bank errosion and flash flood.
2015,19,"In the stations of Kanaighat, Sylhet, Sunamganj, Sheola, Sherpur, Durgapur, Lorergarh, Nakuagaon and Chandpur were recorded above 300mm rainfall in Consecutive maximum rainfall which led to flash flood in that North-Eastern part of Bangladesh in the month of June 2015."
2016,15,"Causative Factors There are for climatic distinct seasons(i) Winter -December to February (ii) Premonsoon March to May, (iii) Monsoon- June to September (iv) Post monsoon- October to November."
2017,2,1 Flash Flood Forecast for North East Part.
2017,6,1: FLASH FLOOD WEB PORTAL .
2017,9,The country also faced severe flash flood in very early April in the North East region and landslide in June at many places in the South East hilly region.
2017,16,"Causative Factors There are for climatic distinct seasons(i) Winter November to February (ii) Premonsoon March to May, (iii) Monsoon June to September (iv) Post monsoon."
2018,4,1 Experimental Pre-monsoon Danger Level for the North-Eastern Region .
2018,4,2 Expansion of Flash Flood Monitoring and Forecasting Stations.
2018,8,1 : HISTORICAL PRE-MONSOON HYDROGRAPH AT SUNAMGANJ WITH PMDL AND DL.
2018,9,2 : EXPERIMENTAL FLASH FLOOD FORECASTING STATIONS DURING PRE-MONSOON .
2018,10,"The FFWC is acting as the focal point on flood forecasting and warning services in co-ordination with other ministries and agencies like BMD, DDM, DAE during the pre-monsoon and monsoon for flood disaster mitigation and management."
2018,11,"bd) and toll-free Interactive Voice Response (IVR) method (number 1090) publicly and through email and fax to all relevant government organizations and selected medias, NGOs, stakeholders and others Besides this, during the pre-monsoon season FFWC is providing flash flood forecast and outlook for the North-Eastern region of the country to minimize damage of standing Boro crops in Haor basins."
2018,11,"From 2017, FFWC has experimentally started 3-days deterministic flash flood forecasting which has been further developed this year under the BWDB part of Haor Infrastructure and Livelihood Improvement Project (HILIP) by LGED."
2018,11,Also new danger levels have been adopted for the pre-monsoon season from this year on as the monsoon danger level provides much less safety factor with respect to Boro crops.
2018,12,"During pre-monsoon, the Haor basins were inundated slightly earlier than normal during the 2 nd week of May but no significant damage to crops occurred."
2018,12,Flash flood of Manu river at Moulvibazar during 2nd -3 rd week of June was the most severe event of the season and also in last 10 years within the basin.
2018,12,60 Notable improvements have been made during 2018 as Pre-monsoon Danger Levels for the North-East region have been introduced as well as the 3-days experimental flash flood forecasting system for the region has been expanded.
2018,17,During the pre-monsoon season the center is involved in flash flood forecasting in the North￾Eastern region with a view to saving the standing Boro crops in Haor basins.
2018,20,"Causative Factors There are for climatic distinct seasons (i) Winter December to February (ii) Pre-monsoon March to May, (iii) Monsoon June to September (iv) Post-monsoon October to November."
2018,20,"During the pre-monsoon season, the country generally receives little rainfall, however the North-Eastern region of the country adjacent to the Meghalaya sometimes receives heavy rainfall which induces flash flood in the Haor basin."
2018,21,"However, the Moulvibazar district was hit by severe flash flooding due to the river Manu during the onset of monsoon in June."
2018,22,"Annual Flood Report 2018 Page- 22 CHAPTER 2 : RAINFALL SITUATION During the Pre-monsoon months of March and April in 2018, the Meghna basin within the country in the North￾Eastern and adjacent region experienced 38."
2018,22,9% Less Month wise rainfall situations of the country during March to October for the Pre-monsoon and Monsoon seasons of 2018 are described in the following sections.
2018,38,"However, the Haor region of the Meghna basin was flooded during the pre-monsoon at second week of May and some higher lands of the basin were flooded for very short duration."
2018,44,"Out of the stations which crossed DL this year, 4 stations crossed DL on Kushiyara, Manu and Khowai rivers during the pre-monsoon period at the second week of May."
2018,44,"During this time 12 stations on the Surma-Kushiyara, Manu, Khowai and Kangsha rivers crossed and flowed above Pre-Monsoon Danger Levels (PMDL)."
2018,44,3 presents comparative statistics of river situation for some selected stations on major rivers of Meghna basin during 2018 pre-monsoon with that of years 2010 and 2017 (historical pre-monsoon flash flood years).
2019,4,1 Operational Flash Flood Forecasting System for the North-Eastern Region.
2019,5,3 : COMPARISON OF WATER LEVEL (IN MPWD) OF 2019 AND HISTORICAL EVENTS OF 2017 & 1998 OF SOME IMPORTANT STATIONS IN THE MEGHNA BASIN DURING THE PRE-MONSOON (15 MAR-15 MAY).
2019,9,1 : OPERATIONAL FLASH FLOOD FORECASTING STATIONS DURING PRE-MONSOON.
2019,10,"The FFWC is acting as the focal point on flood forecasting and warning services in co-ordination with other ministries and agencies like BMD, DDM, DAE during the pre-monsoon and monsoon for flood disaster mitigation and management."
2019,11,"From 2017, FFWC has experimentally started 3-days deterministic flash flood forecasting under the BWDB part of Haor Infrastructure and Livelihood Improvement Project (HILIP) by LGED."
2019,12,Moderate to severe flash floods occurred in the North-Eastern and South-Eastern regions during the period but all stayed for short duration.
2019,12,"During pre-monsoon, some low-lying places of the Haor basins were inundated slightly earlier than normal during the 1st week of May due to rainfall event induced by cyclonic storm ‘Fani’ but no significant damage to crops occurred."
2019,12,61 Notable improvements have been made during 2019 as the 3-days experimental flash flood forecasting system for the North-East region has been made operational.
2019,17,During the pre-monsoon season the center is involved in flash flood forecasting in the North￾Eastern region with a view to saving the standing Boro crops in Haor basins.
2019,20,"Causative Factors There are for climatic distinct seasons (i) Winter December to February (ii) Pre-monsoon March to May, (iii) Monsoon June to September (iv) Post-monsoon October to November."
2019,20,"During the pre-monsoon season, the country generally receives little rainfall, however the North-Eastern region of the country adjacent to the Meghalaya sometimes receives heavy rainfall which induces flash flood in the Haor basin."
2019,22,"Annual Flood Report 2019 Page- 22 CHAPTER 2 : RAINFALL SITUATION During the Pre-monsoon months of March and April in 2019, the Meghna basin within the country in the North￾Eastern and adjacent region experienced 76."
2019,22,3% Less Month wise rainfall situations of the country during March to October for the Pre-monsoon and Monsoon seasons of 2019 are described in the following sections.
2019,45,"During the pre-monsoon (15 March - 15 May 2019), out of 36 WL monitoring stations in the basin, all stations flowed below their respective Pre-Monsoon Danger Levels (PMDL) upto April."
2019,45,"However due to heavy rainfall activity within the basin induced by cyclone ‘Fani’ during the first week of May; 4 stations on Surma, Sarigowain, Someswari and Kangsha rivers crossed PMDL for short period inducing flash floods at local scale."
2019,45,3 presents comparative statistics of WL during 2019 pre-monsoon for some selected stations on major rivers of Meghna basin with historical pre-monsoon flash flood years 2010 and 2017.
2020,5,3 : COMPARISON OF WATER LEVEL (IN M PWD) OF 2020 AND HISTORICAL EVENTS OF 2017 & 2010 OF SOME IMPORTANT STATIONS IN THE MEGHNA BASIN DURING THE PRE-MONSOON (15 MAR-15 MAY).
2020,12,No pre-monsoon flooding occurred this year.
2020,17,During the pre-monsoon season the center is involved in 3- days deterministic flash flood forecasting at 25 monitoring points on the major rivers in the North￾Eastern region with a view to saving the standing Boro crops in Haor basins.
2020,20,"Causative Factors There are for climatic distinct seasons (i) Winter December to February (ii) Pre-monsoon March to May, (iii) Monsoon June to September (iv) Post-monsoon October to November."
2020,20,"During the pre-monsoon season, the country generally receives little rainfall, however the North-Eastern region of the country adjacent to the Meghalaya sometimes receives heavy rainfall which induces flash flood in the Haor basin."
2020,23,"Annual Flood Report 2020 Page- 22 CHAPTER 2 : RAINFALL SITUATION During the pre-monsoon months of March and April in 2020, the Meghna basin within the country in the North￾Eastern and adjacent region experienced 94."
2020,23,3% More Month wise rainfall situations of the country during March to October for the pre-monsoon and monsoon seasons of 2020 are described in the following sections.
2020,39,No flooding occurred in the Upper Meghna basin during pre-monsoon period.
2020,46,Annual Flood Report 2020 Page- 45 flowed below their respective pre-monsoon danger levels (PMDLs).
2020,46,3 presents comparative statistics of WL during 2020 pre-monsoon for some selected stations on major rivers of Meghna basin with historical pre-monsoon flash flood years 2010 and 2017.
2021,12,Moderate to severe flash flooding occurred in parts of South-Eastern region inducing severe landslides in Bandarban and Cox’s Bazar districts in last weeks of July.
2021,12,No pre-monsoon flooding occurred this year.
2021,17,During the pre-monsoon season the center is involved in 3- days deterministic flash flood forecasting at 37 monitoring points on the major rivers in the North￾Eastern region with a view to saving the standing Boro crops in Haor basins.
2021,20,"Causative Factors There are for climatic distinct seasons (i) Winter December to February (ii) Pre-monsoon March to May, (iii) Monsoon June to September (iv) Post-monsoon October to November."
2021,20,"During the pre-monsoon season, the country generally receives little rainfall, however the North-Eastern region of the country adjacent to the Meghalaya sometimes receives heavy rainfall which induces flash flood in the Haor basin."
2021,23,"Annual Flood Report 2021 Page- 22 CHAPTER 2 : RAINFALL SITUATION During the pre-monsoon months of March and April in 2021, the Meghna basin within the country in the North-Eastern and adjacent region experienced 65."
2021,23,64% Less Month wise rainfall situations of the country during March to October for the pre-monsoon and monsoon seasons of 2021 are described in the following sections.
2021,38,No flooding occurred in the Upper Meghna basin during pre-monsoon period.
2021,44,"Out of 36 WL monitoring stations, all stations flowed below their respective Pre-Monsoon Danger Levels (PMDL) upto 15 May."
2021,44,3 presents comparative statistics of river situation for some selected stations on major rivers of Meghna basin during 2021 pre-monsoon with that of years 2010 and 2017 (historical pre-monsoon flash flood years).
