year,flash_flood_before_15_may,timing,ffwc_says,report_page,sunamganj_peak_mpwd,sunamganj_premonsoon_dl_mpwd,sunamganj_days_above_premonsoon_dl,jariajanjail_peak_mpwd,jariajanjail_premonsoon_dl_mpwd,jariajanjail_days_above_premonsoon_dl,kanaighat_peak_mpwd,kanaighat_premonsoon_dl_mpwd,kanaighat_days_above_premonsoon_dl
2010,yes,late April and again early May,"The north eastern part adversely affected by the pre-monsoon flash flood, in the last part of April and again the first part of May in 2010 resulted standing crop damages.",8.0,8.05,6.5,,6.53,6.8,0.0,14.35,11.35,
2011,not stated,,,,,,,,,,,,
2012,not stated,,,,,,,,,,,,
2013,not stated,,,,,,,,,,,,
2014,no,,No flash flood experienced during pre-monsoon (uto mid May).,8.0,,,,,,,,,
2015,not before mid-May,June (monsoon),"In the stations of Kanaighat, Sylhet, Sunamganj, Sheola, Sherpur, Durgapur, Lorergarh, Nakuagaon and Chandpur were recorded above 300mm rainfall in Consecutive maximum rainfall which led to flash flood in that North-Eastern part of Bangladesh in the month of June 2015.",19.0,,,,,,,,,
2016,not stated,,,,,,,,,,,,
2017,yes,very early April,The country also faced severe flash flood in very early April in the North East region and landslide in June at many places in the South East hilly region.,9.0,8.1,6.5,,9.71,6.8,,14.49,11.35,
2018,late,second week of May (none in March-April),"During this time 12 stations on the Surma-Kushiyara, Manu, Khowai and Kangsha rivers crossed and flowed above Pre-Monsoon Danger Levels (PMDL).",44.0,5.43,6.5,0.0,9.41,6.8,11.0,12.91,11.35,7.0
2019,short,,Moderate to severe flash floods occurred in the North-Eastern and South-Eastern regions during the period but all stayed for short duration.,12.0,6.34,6.5,0.0,8.61,6.8,6.0,12.01,11.35,1.0
2020,no,,No pre-monsoon flooding occurred this year.,12.0,3.04,6.5,0.0,6.13,6.8,0.0,5.31,11.35,0.0
2021,no,,No pre-monsoon flooding occurred this year.,12.0,5.22,6.5,0.0,6.56,6.8,0.0,10.31,11.35,0.0
