site_id,name,district,lat,lon,shape_id
ADM3_Abhaynagar,Abhaynagar,,23.0177,89.4204,5055444B52925985874339
ADM3_Adabor,Adabor,,23.7702,90.3533,5055444B49102485932636
ADM3_Adamdighi,Adamdighi,,24.7992,89.0595,5055444B58770697674534
ADM3_Aditmari,Aditmari,,25.9421,89.3687,5055444B32465848615946
ADM3_Agailjhara,Agailjhara,,22.968,90.1408,5055444B95524802719487
ADM3_Ajmiriganj,Ajmiriganj,,24.5533,91.2843,5055444B99945132628682
ADM3_Akhaura,Akhaura,,23.8386,91.1951,5055444B62959054248390
ADM3_Akkelpur,Akkelpur,,24.934,89.0421,5055444B76477721024576
ADM3_Alamdanga,Alamdanga,,23.7293,88.9081,5055444B84155048182974
ADM3_Alfadanga,Alfadanga,,23.2968,89.6699,5055444B55670429127605
ADM3_Alikadam,Alikadam,,21.6001,92.3846,5055444B70145349624714
ADM3_Amtali,Amtali,,22.0749,90.2028,5055444B15057296288923
ADM3_Anowara,Anowara,,22.2026,91.8812,5055444B66497559634365
ADM3_Araihazar,Araihazar,,23.761,90.6689,5055444B13859636437629
ADM3_Ashuganj,Ashuganj,,24.0158,91.0184,5055444B32932838704208
ADM3_Assasuni,Assasuni,,22.5192,89.1874,5055444B75161647827572
ADM3_Atgharia,Atgharia,,24.1083,89.2819,5055444B13262596743861
ADM3_Atpara,Atpara,,24.7914,90.8762,5055444B38720066295886
ADM3_Atrai,Atrai,,24.6252,88.9879,5055444B3575688139772
ADM3_Atwari,Atwari,,26.2496,88.4264,5055444B48705627763179
ADM3_Austagram,Austagram,,24.323,91.1215,5055444B71886622986948
ADM3_Babuganj,Babuganj,,22.8235,90.3146,5055444B11753174954303
ADM3_Badalgachhi,Badalgachhi,,24.9659,88.9435,5055444B60678935174681
ADM3_Badarganj,Badarganj,,25.6659,89.0564,5055444B71688043167729
ADM3_Badda,Badda,,23.798,90.4489,5055444B32230680322744
ADM3_BagatiPara,Bagati Para,,24.3122,88.9467,5055444B5068099947740
ADM3_BagerhatSadar,Bagerhat Sadar,,22.6775,89.7632,5055444B68778321552411
ADM3_Bagha,Bagha,,24.2004,88.8283,5055444B95183901987528
ADM3_BaghaiChhari,Baghai Chhari,,23.3731,92.2294,5055444B27929495018112
ADM3_BagherPara,Bagher Para,,23.2424,89.3355,5055444B50671922094556
ADM3_Baghmara,Baghmara,,24.5911,88.8107,5055444B7328601552159
ADM3_Bahubal,Bahubal,,24.3606,91.5464,5055444B50852908884979
ADM3_Bajitpur,Bajitpur,,24.2245,90.9512,5055444B13058474946517
ADM3_Bakalia,Bakalia,,22.3473,91.8555,5055444B62979600608461
ADM3_Bakerganj,Bakerganj,,22.5524,90.3826,5055444B60675040208225
ADM3_Bakshiganj,Bakshiganj,,25.2149,89.8527,5055444B53302442828
ADM3_Balaganj,Balaganj,,24.6954,91.7734,5055444B42219902295699
ADM3_BaliaKandi,Balia Kandi,,23.6497,89.5507,5055444B27992117808883
ADM3_Baliadangi,Baliadangi,,26.1085,88.2637,5055444B48916414184469
ADM3_Bamna,Bamna,,22.2725,90.0581,5055444B77373604613442
ADM3_BanariPara,Banari Para,,22.8118,90.1284,5055444B41993390999306
ADM3_Banchharampur,Banchharampur,,23.7801,90.807,5055444B96018438653421
ADM3_Bandar,Bandar,,23.6377,90.5378,5055444B32271374417544
ADM3_BandarbanSadar,Bandarban Sadar,,22.1711,92.2182,5055444B74490098108798
ADM3_Bangshal,Bangshal,,23.7182,90.4051,5055444B3033227423351
ADM3_Baniachong,Baniachong,,24.4947,91.3654,5055444B40412060728075
ADM3_Banshkhali,Banshkhali,,22.0147,91.9402,5055444B49096359165052
ADM3_Baraigram,Baraigram,,24.2737,89.1476,5055444B50551499462707
ADM3_BargunaSadar,Barguna Sadar,,22.1346,90.109,5055444B33820531733438
ADM3_Barhatta,Barhatta,,24.9196,90.8852,5055444B42611772267022
ADM3_BarisalSadarKotwali,Barisal Sadar (Kotwali),,22.7146,90.3822,5055444B73276272307545
ADM3_Barkal,Barkal,,22.8454,92.3447,5055444B37824837156541
ADM3_Barlekha,Barlekha,,24.7082,92.1756,5055444B82170766050132
ADM3_Barura,Barura,,23.3557,91.0394,5055444B91077345667431
ADM3_Basail,Basail,,24.2311,90.0394,5055444B21032011714269
ADM3_Batiaghata,Batiaghata,,22.7143,89.5162,5055444B76424346984523
ADM3_Bauphal,Bauphal,,22.433,90.5384,5055444B39294686315052
ADM3_BayejidBostami,Bayejid Bostami,,22.4193,91.8079,5055444B75251324769772
ADM3_BeaniBazar,Beani Bazar,,24.8489,92.1591,5055444B74522241895423
ADM3_Begumganj,Begumganj,,22.9306,91.0952,5055444B21927885992688
ADM3_Belabo,Belabo,,24.0986,90.8493,5055444B29598599915126
ADM3_BelaiChhari,Belai Chhari,,22.3028,92.4852,5055444B29897435624834
ADM3_Belkuchi,Belkuchi,,24.2953,89.7021,5055444B61751715276638
ADM3_Bera,Bera,,23.9424,89.656,5055444B90956087424891
ADM3_Betagi,Betagi,,22.3472,90.1482,5055444B49366988279383
ADM3_Bhairab,Bhairab,,24.0974,90.9816,5055444B14711722116105
ADM3_Bhaluka,Bhaluka,,24.3817,90.3535,5055444B10360406555635
ADM3_Bhandaria,Bhandaria,,22.4542,90.0215,5055444B55847146222236
ADM3_Bhanga,Bhanga,,23.3867,90.0098,5055444B5119414311829
ADM3_Bhangura,Bhangura,,24.239,89.3927,5055444B89119170954251
ADM3_Bhedarganj,Bhedarganj,,23.2114,90.51,5055444B15524173324977
ADM3_Bheramara,Bheramara,,24.0568,88.9815,5055444B14686967042049
ADM3_BholaSadar,Bhola Sadar,,22.6837,90.6188,5055444B7097225858324
ADM3_Bholahat,Bholahat,,24.8963,88.2097,5055444B5224825785279
ADM3_Bhuapur,Bhuapur,,24.4767,89.8143,5055444B16297383305925
ADM3_Bhurungamari,Bhurungamari,,26.1161,89.6935,5055444B87531326935884
ADM3_Bijoynagar,Bijoynagar,,23.9944,91.2282,5055444B37995463425931
ADM3_BimanBandar,Biman Bandar,,23.8475,90.406,5055444B57714745100095
ADM3_Biral,Biral,,25.6467,88.5477,5055444B78948578275311
ADM3_Birampur,Birampur,,25.3791,88.9637,5055444B79507658875525
ADM3_Birganj,Birganj,,25.9279,88.6266,5055444B22722799866654
ADM3_Bishwambarpur,Bishwambarpur,,25.1098,91.3151,5055444B29430612429174
ADM3_Bishwanath,Bishwanath,,24.8349,91.7292,5055444B7917442502790
ADM3_Boalia,Boalia,,24.3779,88.6133,5055444B84943606791974
ADM3_Boalkhali,Boalkhali,,22.377,91.9701,5055444B39554160616851
ADM3_Boalmari,Boalmari,,23.4045,89.6971,5055444B63302256730709
ADM3_Bochaganj,Bochaganj,,25.7857,88.4535,5055444B39806235806178
ADM3_Boda,Boda,,26.2306,88.6127,5055444B728279832924
ADM3_BograSadar,Bogra Sadar,,24.8955,89.3557,5055444B83464339159312
ADM3_BrahmanPara,Brahman Para,,23.6452,91.0966,5055444B87015491124884
ADM3_BrahmanbariaSadar,Brahmanbaria Sadar,,23.9506,91.119,5055444B14183911871917
ADM3_Burhanuddin,Burhanuddin,,22.4774,90.7331,5055444B893784701157
ADM3_Burichang,Burichang,,23.5337,91.117,5055444B51169249412494
ADM3_Cantonment,Cantonment,,23.8145,90.3999,5055444B56407900252664
ADM3_ChakBazar,Chak Bazar,,23.717,90.3938,5055444B82655553221044
ADM3_Chakaria,Chakaria,,21.7402,92.0524,5055444B84996258897066
ADM3_Chandanaish,Chandanaish,,22.2122,92.0635,5055444B97657491175799
ADM3_Chandgaon,Chandgaon,,22.3876,91.8649,5055444B37030351476694
ADM3_Chandina,Chandina,,23.4459,90.9465,5055444B69698146690678
ADM3_ChandpurSadar,Chandpur Sadar,,23.227,90.6908,5055444B35741244965074
ADM3_CharBhadrasan,Char Bhadrasan,,23.5926,89.978,5055444B75331922255178
ADM3_CharFasson,Char Fasson,,22.1331,90.7071,5055444B66059160751289
ADM3_CharRajibpur,Char Rajibpur,,25.4433,89.764,5055444B63634660661381
ADM3_Charghat,Charghat,,24.3001,88.7754,5055444B52811201124670
ADM3_Chatkhil,Chatkhil,,23.0538,90.9639,5055444B29892543857449
ADM3_Chatmohar,Chatmohar,,24.2252,89.302,5055444B40727855162076
ADM3_Chauddagram,Chauddagram,,23.2203,91.2804,5055444B9070330767349
ADM3_Chaugachha,Chaugachha,,23.2634,89.0218,5055444B52558284836839
ADM3_Chauhali,Chauhali,,24.1363,89.7566,5055444B20988672766215
ADM3_Chhagalnaiya,Chhagalnaiya,,23.017,91.507,5055444B26511265806420
ADM3_Chhatak,Chhatak,,24.9439,91.6155,5055444B94988032496724
ADM3_Chilmari,Chilmari,,25.5663,89.7184,5055444B31518469261205
ADM3_Chirirbandar,Chirirbandar,,25.6654,88.7865,5055444B51943841593923
ADM3_Chitalmari,Chitalmari,,22.8123,89.8653,5055444B77604595910958
ADM3_ChittagongPort,Chittagong Port,,22.3085,91.7859,5055444B96751245569599
ADM3_ChuadangaSadar,Chuadanga Sadar,,23.5886,88.8846,5055444B67851108717142
ADM3_Chunarughat,Chunarughat,,24.1816,91.5174,5055444B46183445583986
ADM3_ComillaAdarshaSadar,Comilla Adarsha Sadar,,23.4699,91.1712,5055444B48258460974709
ADM3_ComillaSadarDakshin,Comilla Sadar Dakshin,,23.358,91.1833,5055444B83041215814881
ADM3_Companiganj_539746,Companiganj,,22.7825,91.2735,5055444B56228986539746
ADM3_Companiganj_185666,Companiganj,,25.0796,91.7734,5055444B34344695185666
ADM3_CoxsBazarSadar,Cox's Bazar Sadar,,21.5056,92.0347,5055444B44088891115489
ADM3_Dacope,Dacope,,22.3889,89.5185,5055444B27282750635430
ADM3_Daganbhuiyan,Daganbhuiyan,,22.9706,91.2997,5055444B99414305730014
ADM3_DakshinSunamganj,Dakshin Sunamganj,,24.9126,91.4106,5055444B18079460407879
ADM3_DakshinSurma,Dakshin Surma,,24.8161,91.877,5055444B91315333896705
ADM3_Dakshinkhan,Dakshinkhan,,23.8611,90.425,5055444B54932712585204
ADM3_Damudya,Damudya,,23.1368,90.4217,5055444B78904096490349
ADM3_Damurhuda,Damurhuda,,23.5931,88.7404,5055444B42162342633446
ADM3_DarusSalam,Darus Salam,,23.7841,90.3452,5055444B58026692506241
ADM3_Dashmina,Dashmina,,22.2802,90.5379,5055444B84377812112263
ADM3_Daudkandi,Daudkandi,,23.5027,90.7731,5055444B33374130329407
ADM3_Daulatkhan,Daulatkhan,,22.5959,90.702,5055444B15230519967712
ADM3_Daulatpur_839920,Daulatpur,,23.9558,89.7977,5055444B23473824839920
ADM3_Daulatpur_050002,Daulatpur,,22.8753,89.5092,5055444B46757628050002
ADM3_Daulatpur_326946,Daulatpur,,24.0272,88.8392,5055444B53912976326946
ADM3_Debhata,Debhata,,22.5972,89.0153,5055444B7317208084306
ADM3_Debidwar,Debidwar,,23.5783,90.9979,5055444B86934116157766
ADM3_Debiganj,Debiganj,,26.1321,88.7194,5055444B68978005941657
ADM3_Delduar,Delduar,,24.142,89.9377,5055444B15353027914244
ADM3_Demra,Demra,,23.7245,90.481,5055444B14528909504793
ADM3_Derai,Derai,,24.7875,91.336,5055444B19243019661723
ADM3_Dewanganj,Dewanganj,,25.2636,89.7659,5055444B37852279213101
ADM3_Dhamoirhat,Dhamoirhat,,25.1304,88.823,5055444B49062995436606
ADM3_Dhamrai,Dhamrai,,23.9371,90.1414,5055444B39396107660312
ADM3_Dhanbari,Dhanbari,,24.6867,89.9333,5055444B25808786190602
ADM3_Dhanmondi,Dhanmondi,,23.7452,90.3734,5055444B44526348177341
ADM3_Dharampasha,Dharampasha,,25.0107,91.0407,5055444B99906709627914
ADM3_Dhobaura,Dhobaura,,25.1012,90.5249,5055444B86250199527476
ADM3_Dhunat,Dhunat,,24.6825,89.5503,5055444B75599042311563
ADM3_Dhupchanchia,Dhupchanchia,,24.8837,89.1392,5055444B62446820117735
ADM3_Dighalia,Dighalia,,22.9252,89.5601,5055444B20721684317964
ADM3_Dighinala,Dighinala,,23.3994,92.0498,5055444B92856865175572
ADM3_Dimla,Dimla,,26.1721,88.9725,5055444B48556909875029
ADM3_DinajpurSadar,Dinajpur Sadar,,25.6081,88.6774,5055444B62353958062010
ADM3_Dohar,Dohar,,23.6009,90.1093,5055444B89474781080787
ADM3_Domar,Domar,,26.1586,88.8252,5055444B45421324298866
ADM3_DoubleMooring,Double Mooring,,22.3304,91.8093,5055444B66556337069640
ADM3_Dowarabazar,Dowarabazar,,25.0717,91.5625,5055444B64610175900905
ADM3_Dumki,Dumki,,22.4503,90.3719,5055444B35753624845680
ADM3_Dumuria,Dumuria,,22.8054,89.398,5055444B11044248230769
ADM3_Durgapur_169588,Durgapur,,25.0897,90.6821,5055444B76788625169588
ADM3_Durgapur_796536,Durgapur,,24.4667,88.7601,5055444B93638080796536
ADM3_Fakirhat,Fakirhat,,22.7425,89.6657,5055444B5933683148381
ADM3_Faridganj,Faridganj,,23.1462,90.7609,5055444B71558155368166
ADM3_Faridpur,Faridpur,,24.1606,89.4488,5055444B5426320976059
ADM3_FaridpurSadar,Faridpur Sadar,,23.6048,89.8165,5055444B21946407329202
ADM3_Fatikchhari,Fatikchhari,,22.7563,91.7472,5055444B95801532899797
ADM3_Fenchuganj,Fenchuganj,,24.6938,91.9617,5055444B87277518835017
ADM3_FeniSadar,Feni Sadar,,22.99,91.4159,5055444B40138424940148
ADM3_Fulbari,Fulbari,,25.4701,88.9019,5055444B44901139304438
ADM3_Fulbaria,Fulbaria,,24.5865,90.2546,5055444B78175035306518
ADM3_Fulchhari,Fulchhari,,25.2543,89.6539,5055444B23049188583489
ADM3_Fulgazi,Fulgazi,,23.118,91.4425,5055444B33879349571627
ADM3_Gabtali,Gabtali,,24.8868,89.465,5055444B85005696436554
ADM3_Gaffargaon,Gaffargaon,,24.3935,90.5495,5055444B28348959120095
ADM3_GaibandhaSadar,Gaibandha Sadar,,25.3497,89.5667,5055444B3189341921764
ADM3_Galachipa,Galachipa,,22.2031,90.423,5055444B92476324318819
ADM3_Gangachara,Gangachara,,25.8742,89.1933,5055444B51911213656614
ADM3_Gangni,Gangni,,23.8576,88.771,5055444B93126942536388
ADM3_Gauripur,Gauripur,,24.756,90.5858,5055444B70908799520391
ADM3_Gaurnadi,Gaurnadi,,22.9662,90.2447,5055444B66414754271755
ADM3_Gazaria,Gazaria,,23.5472,90.6297,5055444B82094787312382
ADM3_GazipurSadar,Gazipur Sadar,,24.0141,90.3962,5055444B30367199884921
ADM3_Gendaria,Gendaria,,23.7066,90.4225,5055444B38357461991586
ADM3_Ghatail,Ghatail,,24.4735,90.0516,5055444B57482053594042
ADM3_Ghior,Ghior,,23.8732,89.9046,5055444B67168337318866
ADM3_Ghoraghat,Ghoraghat,,25.2844,89.2143,5055444B96277257106353
ADM3_Goalandaghat,Goalandaghat,,23.7564,89.7661,5055444B47253162871751
ADM3_Gobindaganj,Gobindaganj,,25.1572,89.3691,5055444B10956713741536
ADM3_Godagari,Godagari,,24.4836,88.4147,5055444B45852065441553
ADM3_Golabganj,Golabganj,,24.812,92.017,5055444B69213858716566
ADM3_Gomastapur,Gomastapur,,24.8569,88.355,5055444B89693136712968
ADM3_GopalganjSadar,Gopalganj Sadar,,23.0604,89.8489,5055444B13443177435533
ADM3_Gopalpur,Gopalpur,,24.572,89.9036,5055444B71793030218448
ADM3_Gosairhat,Gosairhat,,23.0796,90.447,5055444B74969054630595
ADM3_Gowainghat,Gowainghat,,25.0831,91.9583,5055444B62684954860182
ADM3_Gulshan,Gulshan,,23.7896,90.4121,5055444B56461784969328
ADM3_Gurudaspur,Gurudaspur,,24.3728,89.203,5055444B53518678954927
ADM3_HabiganjSadar,Habiganj Sadar,,24.3359,91.4143,5055444B24382626124582
ADM3_HaimChar,Haim Char,,23.0727,90.6618,5055444B97119696275156
ADM3_Hajiganj,Hajiganj,,23.263,90.8372,5055444B37219354955474
ADM3_Hakimpur,Hakimpur,,25.2921,89.062,5055444B56333063181641
ADM3_Halishahar,Halishahar,,22.3375,91.776,5055444B67671348239307
ADM3_Haluaghat,Haluaghat,,25.0846,90.3513,5055444B66377868060311
ADM3_Harinakunda,Harinakunda,,23.6428,89.0766,5055444B20021225888412
ADM3_Haripur,Haripur,,25.8785,88.1549,5055444B33565614058430
ADM3_Harirampur,Harirampur,,23.7242,89.9478,5055444B53451019672150
ADM3_Hathazari,Hathazari,,22.5287,91.7971,5055444B98016911778597
ADM3_Hatibandha,Hatibandha,,26.1215,89.1409,5055444B78670664180744
ADM3_Hatiya,Hatiya,,22.2431,91.1116,5055444B26590135153615
ADM3_Hazaribagh,Hazaribagh,,23.7389,90.3593,5055444B79082430711641
ADM3_Hizla,Hizla,,22.966,90.5334,5055444B36389182328145
ADM3_Homna,Homna,,23.6791,90.8128,5055444B68305043582994
ADM3_Hossainpur,Hossainpur,,24.4488,90.6628,5055444B58039681953949
ADM3_Ishwardi,Ishwardi,,24.0778,89.0972,5055444B93250488853616
ADM3_Ishwarganj,Ishwarganj,,24.645,90.5994,5055444B3881119476901
ADM3_Islampur,Islampur,,25.0752,89.7613,5055444B8648993873034
ADM3_Itna,Itna,,24.5491,91.0826,5055444B52552217694509
ADM3_Jagannathpur,Jagannathpur,,24.7469,91.5558,5055444B57165749218775
ADM3_Jaintiapur,Jaintiapur,,25.0565,92.1014,5055444B19736672664555
ADM3_Jaldhaka,Jaldhaka,,26.0296,88.9933,5055444B28351243268521
ADM3_Jamalganj,Jamalganj,,24.9542,91.203,5055444B62205139742422
ADM3_JamalpurSadar,Jamalpur Sadar,,24.8442,90.0125,5055444B56108573685352
ADM3_Jatrabari,Jatrabari,,23.7134,90.4515,5055444B25595964672870
ADM3_JhalokatiSadar,Jhalokati Sadar,,22.6797,90.1922,5055444B65755720973040
ADM3_JhenaidahSadar,Jhenaidah Sadar,,23.5165,89.1577,5055444B48976868209107
ADM3_Jhenaigati,Jhenaigati,,25.1818,90.053,5055444B69691307586178
ADM3_Jhikargachha,Jhikargachha,,23.0688,89.0542,5055444B85710752222432
ADM3_JibanNagar,Jiban Nagar,,23.4411,88.8491,5055444B6466456665233
ADM3_JoypurhatSadar,Joypurhat Sadar,,25.1055,89.0199,5055444B93992233540184
ADM3_JuraiChhari,Jurai Chhari,,22.6309,92.4225,5055444B74589798981468
ADM3_Juri,Juri,,24.5532,92.1432,5055444B59468636811398
ADM3_Kabirhat,Kabirhat,,22.8133,91.1999,5055444B43660249750517
ADM3_Kachua_371605,Kachua,,23.3627,90.8817,5055444B26000063371605
ADM3_Kachua_342001,Kachua,,22.6523,89.8748,5055444B45763883342001
ADM3_Kadamtali,Kadamtali,,23.6872,90.4484,5055444B98895982185439
ADM3_Kafrul,Kafrul,,23.7953,90.3848,5055444B63983691041165
ADM3_Kahaloo,Kahaloo,,24.8323,89.2505,5055444B94680478371785
ADM3_Kaharole,Kaharole,,25.8009,88.5988,5055444B76754438754784
ADM3_KalaPara,Kala Para,,21.8914,90.1948,5055444B33791215686777
ADM3_Kalabagan,Kalabagan,,23.7469,90.386,5055444B44586905762707
ADM3_Kalai,Kalai,,25.0779,89.1977,5055444B30865127714111
ADM3_Kalaroa,Kalaroa,,22.8807,89.0303,5055444B76251255413943
ADM3_Kalia,Kalia,,23.028,89.644,5055444B27555215453497
ADM3_Kaliakair,Kaliakair,,24.1033,90.2645,5055444B52699552656375
ADM3_Kaliganj_086039,Kaliganj,,23.9642,90.5549,5055444B61428192086039
ADM3_Kaliganj_882675,Kaliganj,,23.3697,89.1518,5055444B90064357882675
ADM3_Kaliganj_663470,Kaliganj,,22.4473,89.0623,5055444B41249726663470
ADM3_Kaliganj_098735,Kaliganj,,25.9856,89.2402,5055444B80538323098735
ADM3_Kalihati,Kalihati,,24.36,89.9448,5055444B56749671391085
ADM3_Kalkini,Kalkini,,23.0709,90.2481,5055444B57411868126880
ADM3_Kalmakanda,Kalmakanda,,25.077,90.8573,5055444B66227675822918
ADM3_Kalukhali,Kalukhali,,23.741,89.4743,5055444B5247362700203
ADM3_Kamalganj,Kamalganj,,24.3157,91.8592,5055444B17952966104219
ADM3_Kamalnagar,Kamalnagar,,22.7677,90.8653,5055444B78094476092411
ADM3_Kamarkhanda,Kamarkhanda,,24.3751,89.6434,5055444B74368179000930
ADM3_KamrangirChar,Kamrangir Char,,23.712,90.3715,5055444B25875561692739
ADM3_Kanaighat,Kanaighat,,24.9935,92.218,5055444B41434433148091
ADM3_Kanthalia,Kanthalia,,22.4203,90.1024,5055444B40108237642327
ADM3_Kapasia,Kapasia,,24.1472,90.5999,5055444B15486218196636
ADM3_Kaptai,Kaptai,,22.4599,92.1934,5055444B98244501145639
ADM3_Karimganj,Karimganj,,24.4513,90.896,5055444B80392478978834
ADM3_Kasba,Kasba,,23.763,91.1303,5055444B61264629124243
ADM3_Kashiani,Kashiani,,23.1907,89.7963,5055444B44426403332782
ADM3_Katiadi,Katiadi,,24.2911,90.824,5055444B24455875774794
ADM3_Kaunia,Kaunia,,25.7639,89.395,5055444B28911251557363
ADM3_Kawkhali,Kawkhali,,22.6067,90.0585,5055444B7582936934927
ADM3_KawkhaliBetbunia,Kawkhali (Betbunia),,22.6207,92.0095,5055444B19367082920466
ADM3_Kazipur,Kazipur,,24.6702,89.6872,5055444B60898734615082
ADM3_Kendua,Kendua,,24.6773,90.8028,5055444B31571719417761
ADM3_Keraniganj,Keraniganj,,23.6935,90.3443,5055444B13645595955380
ADM3_Keshabpur,Keshabpur,,22.8801,89.2318,5055444B35284050445786
ADM3_KhagrachhariSadar,Khagrachhari Sadar,,23.1286,91.9861,5055444B92688731308594
ADM3_Khaliajuri,Khaliajuri,,24.7023,91.1212,5055444B19619959781410
ADM3_Khalishpur,Khalishpur,,22.8497,89.5363,5055444B34358039659895
ADM3_KhanJahanAli,Khan Jahan Ali,,22.9168,89.4907,5055444B24865476374111
ADM3_Khansama,Khansama,,25.8698,88.7652,5055444B43604682805019
ADM3_Khetlal,Khetlal,,25.0225,89.1181,5055444B82593576675649
ADM3_Khilgaon,Khilgaon,,23.76,90.455,5055444B61701169401467
ADM3_Khilkhet,Khilkhet,,23.8344,90.4474,5055444B65231246155988
ADM3_Khoksa,Khoksa,,23.8089,89.2998,5055444B67450707106328
ADM3_KhulnaSadar,Khulna Sadar,,22.8006,89.5687,5055444B15799752378337
ADM3_Khulshi,Khulshi,,22.3661,91.8002,5055444B97703922589889
ADM3_Kishoreganj,Kishoreganj,,25.8961,89.0328,5055444B13115177631970
ADM3_KishoreganjSadar,Kishoreganj Sadar,,24.4238,90.7833,5055444B23116047472537
ADM3_KotaliPara,Kotali Para,,23.0111,90.0207,5055444B41131729628640
ADM3_Kotchandpur,Kotchandpur,,23.4479,88.9987,5055444B95278477608214
ADM3_Kotwali_226647,Kotwali,,22.3429,91.8325,5055444B43057747226647
ADM3_Kotwali_832933,Kotwali,,23.7099,90.4079,5055444B96747808832933
ADM3_Kotwali_291187,Kotwali,,23.1819,89.2192,5055444B46202498291187
ADM3_Koyra,Koyra,,22.3377,89.3466,5055444B74268178694093
ADM3_Kulaura,Kulaura,,24.4903,92.0123,5055444B34645993170454
ADM3_KuliarChar,Kuliar Char,,24.152,90.8881,5055444B4949777620192
ADM3_Kumarkhali,Kumarkhali,,23.8567,89.2096,5055444B47909201503305
ADM3_KurigramSadar,Kurigram Sadar,,25.826,89.6907,5055444B50958574054556
ADM3_KushtiaSadar,Kushtia Sadar,,23.8223,89.0896,5055444B28612098242790
ADM3_Kutubdia,Kutubdia,,21.8378,91.8625,5055444B6774293613253
ADM3_Lakhai,Lakhai,,24.2981,91.2603,5055444B57247897751497
ADM3_Laksam,Laksam,,23.2388,91.1053,5055444B78219247274360
ADM3_Lakshmichhari,Lakshmichhari,,22.7849,91.929,5055444B76771399523865
ADM3_LakshmipurSadar,Lakshmipur Sadar,,22.9239,90.8684,5055444B13201052505859
ADM3_Lalbagh,Lalbagh,,23.7213,90.3783,5055444B37083431015696
ADM3_Lalmohan,Lalmohan,,22.3148,90.7543,5055444B5187624990089
ADM3_LalmonirhatSadar,Lalmonirhat Sadar,,25.8747,89.4527,5055444B31815132153948
ADM3_Lalpur,Lalpur,,24.1983,88.9849,5055444B7503946702912
ADM3_Lama,Lama,,21.8181,92.2076,5055444B8807227421792
ADM3_Langadu,Langadu,,22.9505,92.2089,5055444B82968761851300
ADM3_Lohagara_836566,Lohagara,,21.9862,92.111,5055444B32629504836566
ADM3_Lohagara_691580,Lohagara,,23.2048,89.6234,5055444B42901183691580
ADM3_Lohajang,Lohajang,,23.4706,90.3413,5055444B16433505042831
ADM3_Madan,Madan,,24.6775,90.9669,5055444B11405319731642
ADM3_Madarganj,Madarganj,,24.8819,89.7408,5055444B83620057326875
ADM3_MadaripurSadar,Madaripur Sadar,,23.1938,90.175,5055444B75961082304780
ADM3_Madhabpur,Madhabpur,,24.1205,91.3415,5055444B26771557951521
ADM3_Madhukhali,Madhukhali,,23.5409,89.612,5055444B21452508615420
ADM3_Madhupur,Madhupur,,24.6502,90.0602,5055444B31553273158599
ADM3_MaguraSadar,Magura Sadar,,23.4519,89.4131,5055444B78521168573013
ADM3_Mahadebpur,Mahadebpur,,24.9199,88.7647,5055444B79967096461469
ADM3_Mahalchhari,Mahalchhari,,22.9515,92.0232,5055444B90687829441345
ADM3_Maheshkhali,Maheshkhali,,21.6094,91.9218,5055444B67374732574136
ADM3_Maheshpur,Maheshpur,,23.3197,88.8578,5055444B40942545652713
ADM3_Manda,Manda,,24.7444,88.713,5055444B25908372106798
ADM3_Manikchhari,Manikchhari,,22.8412,91.8191,5055444B84634680798783
ADM3_ManikganjSadar,Manikganj Sadar,,23.8357,90.0305,5055444B26017737484602
ADM3_Manirampur,Manirampur,,23.0062,89.2202,5055444B69742529684169
ADM3_Manohardi,Manohardi,,24.1607,90.7304,5055444B30201395073710
ADM3_Manoharganj,Manoharganj,,23.1402,91.067,5055444B22432577988520
ADM3_Manpura,Manpura,,22.2002,90.9548,5055444B7100787207450
ADM3_Mathbaria,Mathbaria,,22.2853,89.9507,5055444B80501500491091
ADM3_Matihar,Matihar,,24.3676,88.6468,5055444B51642868289665
ADM3_Matiranga,Matiranga,,23.1044,91.8548,5055444B50883090324101
ADM3_MatlabDakshin,Matlab Dakshin,,23.3501,90.7475,5055444B79931584238091
ADM3_MatlabUttar,Matlab Uttar,,23.4145,90.642,5055444B59303037542676
ADM3_MaulviBazarSadar,Maulvi Bazar Sadar,,24.4995,91.7123,5055444B59699637370048
ADM3_Meghna,Meghna,,23.6248,90.6909,5055444B22662076450588
ADM3_Mehendiganj,Mehendiganj,,22.8404,90.56,5055444B74768834499877
ADM3_MeherpurSadar,Meherpur Sadar,,23.7661,88.6611,5055444B46245287013568
ADM3_Melandaha,Melandaha,,24.9574,89.8247,5055444B58797813051725
ADM3_Mirpur_169518,Mirpur,,23.7942,90.3618,5055444B1093476169518
ADM3_Mirpur_956594,Mirpur,,23.8961,88.9896,5055444B311297956594
ADM3_Mirsharai,Mirsharai,,22.81,91.5502,5055444B69190373788059
ADM3_Mirzaganj,Mirzaganj,,22.3569,90.2167,5055444B29956220315136
ADM3_Mirzapur,Mirzapur,,24.1159,90.1072,5055444B21231975915207
ADM3_MithaPukur,Mitha Pukur,,25.5713,89.2612,5055444B64460137576377
ADM3_Mithamain,Mithamain,,24.433,91.1107,5055444B44243630461995
ADM3_Mohammadpur_517929,Mohammadpur,,23.7586,90.3565,5055444B96237484517929
ADM3_Mohammadpur_792291,Mohammadpur,,23.4009,89.5523,5055444B50148309792291
ADM3_Mohanganj,Mohanganj,,24.8268,91.0237,5055444B90444582723877
ADM3_Mohanpur,Mohanpur,,24.5536,88.6403,5055444B74655378820598
ADM3_Mollahat,Mollahat,,22.8827,89.7733,5055444B47603984491155
ADM3_Mongla,Mongla,,22.3313,89.6749,5055444B32061612470944
ADM3_Morrelganj,Morrelganj,,22.4838,89.8336,5055444B56461064683403
ADM3_Motijheel,Motijheel,,23.7347,90.4215,5055444B92723626214353
ADM3_MujibNagar,Mujib Nagar,,23.6683,88.6213,5055444B97958802920528
ADM3_Muksudpur,Muksudpur,,23.2667,89.9144,5055444B82620831567558
ADM3_Muktagachha,Muktagachha,,24.743,90.2038,5055444B43282791113331
ADM3_Muladi,Muladi,,22.9526,90.3759,5055444B40910797955149
ADM3_MunshiganjSadar,Munshiganj Sadar,,23.4865,90.5276,5055444B71946296416416
ADM3_Muradnagar,Muradnagar,,23.6776,90.9437,5055444B46038543043233
ADM3_MymensinghSadar,Mymensingh Sadar,,24.7746,90.3614,5055444B90775494635734
ADM3_Nabiganj,Nabiganj,,24.5696,91.5444,5055444B95626234950113
ADM3_Nabinagar,Nabinagar,,23.8635,90.9804,5055444B46982243115028
ADM3_Nachole,Nachole,,24.7267,88.3964,5055444B4211226512154
ADM3_Nagarkanda,Nagarkanda,,23.4373,89.8944,5055444B32574655365855
ADM3_Nagarpur,Nagarpur,,24.0477,89.8742,5055444B94760569525433
ADM3_Nageshwari,Nageshwari,,25.9585,89.7401,5055444B88377635255294
ADM3_Naikhongchhari,Naikhongchhari,,21.469,92.2287,5055444B3274428108722
ADM3_Nakla,Nakla,,24.9568,90.1836,5055444B95271208193973
ADM3_Nalchity,Nalchity,,22.6007,90.2736,5055444B67892409347150
ADM3_Nalitabari,Nalitabari,,25.1175,90.1835,5055444B16793155331867
ADM3_Nandail,Nandail,,24.5502,90.677,5055444B36065227637036
ADM3_Nandigram,Nandigram,,24.6813,89.2268,5055444B95396653214812
ADM3_Nangalkot,Nangalkot,,23.1401,91.2093,5055444B76725439062785
ADM3_Naniarchar,Naniarchar,,22.8217,92.0694,5055444B1204952470090
ADM3_NaogaonSadar,Naogaon Sadar,,24.811,88.8981,5055444B48392577301269
ADM3_NarailSadar,Narail Sadar,,23.1546,89.4948,5055444B86380402084799
ADM3_NarayanganjSadar,Narayanganj Sadar,,23.6275,90.4811,5055444B24324023791660
ADM3_Naria,Naria,,23.3046,90.4273,5055444B74474908989262
ADM3_NarsingdiSadar,Narsingdi Sadar,,23.8667,90.7082,5055444B56950685480062
ADM3_Nasirnagar,Nasirnagar,,24.1822,91.1875,5055444B53942313768557
ADM3_NatoreSadar,Natore Sadar,,24.4432,88.9841,5055444B49495174582406
ADM3_Nawabganj_222310,Nawabganj,,23.6735,90.1608,5055444B6233610222310
ADM3_Nawabganj_718336,Nawabganj,,25.4204,89.0916,5055444B29878683718336
ADM3_NawabganjSadar,Nawabganj Sadar,,24.5649,88.258,5055444B78695242801039
ADM3_Nazirpur,Nazirpur,,22.7703,89.9743,5055444B52021808696745
ADM3_NesarabadSwarupkati,Nesarabad (Swarupkati),,22.7226,90.0857,5055444B29300824944570
ADM3_NetrokonaSadar,Netrokona Sadar,,24.8868,90.7374,5055444B11666029706524
ADM3_NewMarket,New Market,,23.7355,90.3808,5055444B9752476477947
ADM3_Niamatpur,Niamatpur,,24.8285,88.5515,5055444B35482632168622
ADM3_Nikli,Nikli,,24.3368,90.9631,5055444B31777377596981
ADM3_NilphamariSadar,Nilphamari Sadar,,25.9417,88.8548,5055444B81704367582691
ADM3_NoakhaliSadarSudharam,Noakhali Sadar (Sudharam),,22.8024,91.0606,5055444B59544750070179
ADM3_Paba,Paba,,24.4022,88.6004,5055444B6547949128734
ADM3_PabnaSadar,Pabna Sadar,,23.9938,89.2814,5055444B21601893255114
ADM3_Pahartali,Pahartali,,22.3596,91.7728,5055444B18185339389693
ADM3_Paikgachha,Paikgachha,,22.5906,89.3403,5055444B32742026242546
ADM3_Pakundia,Pakundia,,24.3206,90.6926,5055444B2198312346565
ADM3_Palash,Palash,,23.9538,90.6494,5055444B96134179230312
ADM3_Palashbari,Palashbari,,25.2636,89.3967,5055444B31221494753785
ADM3_Pallabi,Pallabi,,23.8254,90.3683,5055444B7396550141885
ADM3_Paltan,Paltan,,23.735,90.4139,5055444B25185864846738
ADM3_PanchagarhSadar,Panchagarh Sadar,,26.3674,88.5818,5055444B34393793043573
ADM3_Panchbibi,Panchbibi,,25.2022,89.0704,5055444B1649196171252
ADM3_Panchhari,Panchhari,,23.3197,91.9101,5055444B74503201942965
ADM3_Panchlaish,Panchlaish,,22.3734,91.8288,5055444B64565543707518
ADM3_Pangsha,Pangsha,,23.7878,89.3869,5055444B93889096596285
ADM3_Parbatipur,Parbatipur,,25.6188,88.9256,5055444B76537033079747
ADM3_Parshuram,Parshuram,,23.2013,91.4397,5055444B3242961930205
ADM3_Patenga,Patenga,,22.263,91.7958,5055444B40707250714885
ADM3_Patgram,Patgram,,26.347,89.0256,5055444B98087879130234
ADM3_Patharghata,Patharghata,,22.0941,89.9658,5055444B56621242326739
ADM3_Patiya,Patiya,,22.292,91.964,5055444B19774112487674
ADM3_Patnitala,Patnitala,,25.0754,88.7165,5055444B91431094862758
ADM3_PatuakhaliSadar,Patuakhali Sadar,,22.3358,90.329,5055444B33989432035169
ADM3_Pekua,Pekua,,21.8182,91.9527,5055444B9589532337582
ADM3_Phulbari,Phulbari,,25.9481,89.5713,5055444B25764140823276
ADM3_Phulpur,Phulpur,,24.9085,90.4064,5055444B96560704124015
ADM3_Phultala,Phultala,,22.9565,89.4419,5055444B58469671805988
ADM3_Pirgachha,Pirgachha,,25.6652,89.42,5055444B86740606942965
ADM3_Pirganj_117283,Pirganj,,25.4237,89.2743,5055444B35718531117283
ADM3_Pirganj_912558,Pirganj,,25.8412,88.3679,5055444B42154785912558
ADM3_PirojpurSadar,Pirojpur Sadar,,22.6086,89.9811,5055444B11684382381514
ADM3_Porsha,Porsha,,24.9922,88.5177,5055444B54487127643063
ADM3_Purbadhala,Purbadhala,,24.9338,90.602,5055444B54942136795919
ADM3_Puthia,Puthia,,24.411,88.8274,5055444B90282468448704
ADM3_Rajapur,Rajapur,,22.5507,90.131,5055444B90978043630705
ADM3_Rajarhat,Rajarhat,,25.7861,89.5424,5055444B93678014899997
ADM3_Rajasthali,Rajasthali,,22.3785,92.2416,5055444B15060771373546
ADM3_RajbariSadar,Rajbari Sadar,,23.7175,89.6542,5055444B85021187940919
ADM3_Rajnagar,Rajnagar,,24.5653,91.8608,5055444B11792824344189
ADM3_Rajoir,Rajoir,,23.2013,90.037,5055444B47802764053873
ADM3_Rajpara,Rajpara,,24.377,88.5672,5055444B47903202093493
ADM3_Ramganj,Ramganj,,23.0989,90.8726,5055444B57812164143880
ADM3_Ramgarh,Ramgarh,,22.935,91.831,5055444B38799821527712
ADM3_Ramgati,Ramgati,,22.6654,90.9468,5055444B89015715919581
ADM3_Ramna,Ramna,,23.7483,90.4059,5055444B66987540891927
ADM3_Rampal,Rampal,,22.5914,89.6522,5055444B66391023963948
ADM3_Rampura,Rampura,,23.7606,90.4209,5055444B30627422876303
ADM3_Ramu,Ramu,,21.4408,92.1211,5055444B73950402088749
ADM3_RangamatiSadar,Rangamati Sadar,,22.6365,92.199,5055444B57589177592395
ADM3_RangpurSadar,Rangpur Sadar,,25.7459,89.2124,5055444B60964273253151
ADM3_Rangunia,Rangunia,,22.465,92.0666,5055444B52491986806664
ADM3_Raninagar,Raninagar,,24.7107,89.0218,5055444B30475124532663
ADM3_Ranisankail,Ranisankail,,25.9401,88.2458,5055444B74943148977386
ADM3_Raozan,Raozan,,22.5208,91.917,5055444B26554901820582
ADM3_Raumari,Raumari,,25.5915,89.8275,5055444B84227309830947
ADM3_Rowangchhari,Rowangchhari,,22.2091,92.3397,5055444B74571408942121
ADM3_Royganj,Royganj,,24.4923,89.5156,5055444B16102075953805
ADM3_Roypur,Roypur,,23.0003,90.7312,5055444B1613484588697
ADM3_Roypura,Roypura,,23.9602,90.8721,5055444B39659813181832
ADM3_Ruma,Ruma,,22.0126,92.4294,5055444B15740177551005
ADM3_Rupganj,Rupganj,,23.8128,90.5388,5055444B98720015841654
ADM3_Rupsa,Rupsa,,22.8203,89.6364,5055444B36775211946071
ADM3_Sabujbagh,Sabujbagh,,23.7346,90.4421,5055444B47617762942552
ADM3_Sadarpur,Sadarpur,,23.4959,90.0526,5055444B68847835082367
ADM3_Sadullapur,Sadullapur,,25.3948,89.4264,5055444B23601063726349
ADM3_Saghatta,Saghatta,,25.1234,89.5638,5055444B53491444498319
ADM3_Saidpur,Saidpur,,25.8028,88.9221,5055444B15265131690562
ADM3_Sakhipur,Sakhipur,,24.3066,90.1728,5055444B2662823308468
ADM3_Saltha,Saltha,,23.42,89.7997,5055444B68654289756116
ADM3_Sandwip,Sandwip,,22.4912,91.491,5055444B38303257659951
ADM3_Santhia,Santhia,,24.0422,89.5168,5055444B30152429816544
ADM3_Sapahar,Sapahar,,25.1182,88.5303,5055444B68995178117667
ADM3_Sarail,Sarail,,24.1032,91.1122,5055444B36413802235947
ADM3_Sarankhola,Sarankhola,,22.2253,89.8144,5055444B91761091581926
ADM3_Sariakandi,Sariakandi,,24.8812,89.6141,5055444B56899132484318
ADM3_Sarishabari,Sarishabari,,24.7186,89.8304,5055444B77410212597117
ADM3_Satkania,Satkania,,22.1045,92.0605,5055444B15331282943417
ADM3_SatkhiraSadar,Satkhira Sadar,,22.721,89.0386,5055444B68417393184011
ADM3_Saturia,Saturia,,23.9575,90.0016,5055444B13608186326056
ADM3_Savar,Savar,,23.8811,90.2807,5055444B14680374784380
ADM3_Senbagh,Senbagh,,22.9924,91.2121,5055444B94204865824830
ADM3_Serajdikhan,Serajdikhan,,23.5978,90.3563,5055444B42865599243727
ADM3_ShahAli,Shah Ali,,23.8116,90.3475,5055444B88449011386405
ADM3_ShahMakhdum,Shah Makhdum,,24.4029,88.6086,5055444B12266298386193
ADM3_Shahbagh,Shahbagh,,23.7326,90.3993,5055444B26697181188091
ADM3_Shahjadpur,Shahjadpur,,24.1628,89.6301,5055444B61931792811678
ADM3_Shahrasti,Shahrasti,,23.2087,90.9569,5055444B68903355888510
ADM3_Shailkupa,Shailkupa,,23.6634,89.2422,5055444B71336622802607
ADM3_Shajahanpur,Shajahanpur,,24.7601,89.375,5055444B26369547392038
ADM3_Shalikha,Shalikha,,23.3481,89.3585,5055444B40078895461279
ADM3_ShariatpurSadar,Shariatpur Sadar,,23.2161,90.3159,5055444B47272791978719
ADM3_Sharsha,Sharsha,,23.0449,88.9407,5055444B18695908729515
ADM3_SherebanglaNagar,Sher-e-bangla Nagar,,23.7699,90.3757,5055444B71144810702424
ADM3_Sherpur,Sherpur,,24.6291,89.4223,5055444B70149320100288
ADM3_SherpurSadar,Sherpur Sadar,,24.9929,90.0199,5055444B8502207940741
ADM3_ShibChar,Shib Char,,23.3754,90.1742,5055444B86703057545377
ADM3_Shibalaya,Shibalaya,,23.8383,89.8102,5055444B74745553133953
ADM3_Shibganj_340057,Shibganj,,25.0166,89.3067,5055444B6771742340057
ADM3_Shibganj_581700,Shibganj,,24.7043,88.1548,5055444B62264346581700
ADM3_Shibpur,Shibpur,,24.026,90.7454,5055444B16111921801
ADM3_Shyamnagar,Shyamnagar,,22.2236,89.1612,5055444B91970115546789
ADM3_Shyampur,Shyampur,,23.6971,90.4299,5055444B82614645252879
ADM3_Singair,Singair,,23.7834,90.1543,5055444B61145755581844
ADM3_Singra,Singra,,24.5241,89.186,5055444B99745031093411
ADM3_SirajganjSadar,Sirajganj Sadar,,24.494,89.6885,5055444B98549548680688
ADM3_Sitakunda,Sitakunda,,22.5588,91.6828,5055444B64235181700103
ADM3_Sonadanga,Sonadanga,,22.8197,89.5425,5055444B25330959395307
ADM3_Sonagazi,Sonagazi,,22.8655,91.395,5055444B14188015816574
ADM3_Sonaimuri,Sonaimuri,,23.0262,91.0777,5055444B89790535635406
ADM3_Sonargaon,Sonargaon,,23.6756,90.5933,5055444B64704613710909
ADM3_Sonatola,Sonatola,,24.9971,89.514,5055444B64677126820268
ADM3_Sreebardi,Sreebardi,,25.1656,89.9549,5055444B4323491857941
ADM3_Sreemangal,Sreemangal,,24.301,91.698,5055444B61286165049189
ADM3_Sreenagar,Sreenagar,,23.547,90.2632,5055444B3417610497527
ADM3_Sreepur_171075,Sreepur,,24.2052,90.4431,5055444B53188311171075
ADM3_Sreepur_021808,Sreepur,,23.5963,89.4244,5055444B72092725021808
ADM3_Subarnachar,Subarnachar,,22.637,91.1277,5055444B25255559930535
ADM3_Sujanagar,Sujanagar,,23.8967,89.5127,5055444B66896198128187
ADM3_Sulla,Sulla,,24.6864,91.2569,5055444B90768873722388
ADM3_SunamganjSadar,Sunamganj Sadar,,25.0508,91.3955,5055444B97560692768354
ADM3_Sundarganj,Sundarganj,,25.51,89.564,5055444B52225315755922
ADM3_Sutrapur,Sutrapur,,23.7137,90.4174,5055444B49503871645568
ADM3_SylhetSadar,Sylhet Sadar,,24.9413,91.8474,5055444B38529052727167
ADM3_Tahirpur,Tahirpur,,25.1281,91.1633,5055444B95452950620517
ADM3_Tala,Tala,,22.7401,89.2105,5055444B51023191617559
ADM3_TangailSadar,Tangail Sadar,,24.2564,89.8661,5055444B87492899662704
ADM3_Tanore,Tanore,,24.6202,88.5312,5055444B20385993089689
ADM3_Taraganj,Taraganj,,25.7806,89.0334,5055444B41041723149943
ADM3_Tarail,Tarail,,24.5503,90.8908,5055444B72148073143785
ADM3_Tarash,Tarash,,24.4431,89.3581,5055444B40057720303666
ADM3_Tazumuddin,Tazumuddin,,22.404,90.8164,5055444B2612720248468
ADM3_Tejgaon,Tejgaon,,23.7629,90.3917,5055444B91995345267504
ADM3_TejgaonIndArea,Tejgaon Ind. Area,,23.7646,90.4032,5055444B57500985162038
ADM3_Teknaf,Teknaf,,20.9961,92.2224,5055444B37552741338938
ADM3_Tentulia,Tentulia,,26.5134,88.4298,5055444B24539740757234
ADM3_Terokhada,Terokhada,,22.9126,89.6543,5055444B83461070324075
ADM3_ThakurgaonSadar,Thakurgaon Sadar,,26.0707,88.4644,5055444B92466625108630
ADM3_Thanchi,Thanchi,,21.6372,92.531,5055444B32847645930703
ADM3_Titas,Titas,,23.5897,90.797,5055444B67482191059434
ADM3_Tongibari,Tongibari,,23.4761,90.4527,5055444B54809057308219
ADM3_Trishal,Trishal,,24.5639,90.4093,5055444B56674431526223
ADM3_TungiPara,Tungi Para,,22.9256,89.9045,5055444B95964430529833
ADM3_Turag,Turag,,23.8599,90.3666,5055444B30733148378014
ADM3_Ukhia,Ukhia,,21.2295,92.1159,5055444B67012705011880
ADM3_Ulipur,Ulipur,,25.6891,89.6689,5055444B25253769673904
ADM3_UllahPara,Ullah Para,,24.3273,89.5181,5055444B69566265360354
ADM3_UttarKhan,Uttar Khan,,23.8746,90.4448,5055444B65870568835453
ADM3_Uttara,Uttara,,23.8721,90.394,5055444B45163668529800
ADM3_Wazirpur,Wazirpur,,22.8656,90.1659,5055444B71045315974475
ADM3_Zakiganj,Zakiganj,,24.926,92.3671,5055444B92630668918235
ADM3_Zanjira,Zanjira,,23.3655,90.3183,5055444B37868983096118
ADM3_Zianagar,Zianagar,,22.4657,89.9345,5055444B71206516737064
