year,item,value,unit,source
2015-16,buffalo,14.71,lakh head,"DLS, Livestock Economy at a glance (edition 2024-25)"
2016-17,buffalo,14.78,lakh head,"DLS, Livestock Economy at a glance (edition 2025-26)"
2017-18,buffalo,14.79,lakh head,"DLS, Livestock Economy at a glance (edition 2025-26)"
2018-19,buffalo,14.86,lakh head,"DLS, Livestock Economy at a glance (edition 2025-26)"
2019-20,buffalo,14.93,lakh head,"DLS, Livestock Economy at a glance (edition 2025-26)"
2020-21,buffalo,15.0,lakh head,"DLS, Livestock Economy at a glance (edition 2025-26)"
2021-22,buffalo,15.08,lakh head,"DLS, Livestock Economy at a glance (edition 2025-26)"
2022-23,buffalo,15.16,lakh head,"DLS, Livestock Economy at a glance (edition 2025-26)"
2023-24,buffalo,15.24,lakh head,"DLS, Livestock Economy at a glance (edition 2025-26)"
2024-25,buffalo,15.32,lakh head,"DLS, Livestock Economy at a glance (edition 2025-26)"
2025-26,buffalo,15.39,lakh head,"DLS, Livestock Economy at a glance (edition 2025-26)"
2015-16,cattle,237.85,lakh head,"DLS, Livestock Economy at a glance (edition 2024-25)"
2016-17,cattle,239.35,lakh head,"DLS, Livestock Economy at a glance (edition 2025-26)"
2017-18,cattle,240.86,lakh head,"DLS, Livestock Economy at a glance (edition 2025-26)"
2018-19,cattle,242.38,lakh head,"DLS, Livestock Economy at a glance (edition 2025-26)"
2019-20,cattle,243.91,lakh head,"DLS, Livestock Economy at a glance (edition 2025-26)"
2020-21,cattle,245.45,lakh head,"DLS, Livestock Economy at a glance (edition 2025-26)"
2021-22,cattle,247.0,lakh head,"DLS, Livestock Economy at a glance (edition 2025-26)"
2022-23,cattle,248.56,lakh head,"DLS, Livestock Economy at a glance (edition 2025-26)"
2023-24,cattle,250.13,lakh head,"DLS, Livestock Economy at a glance (edition 2025-26)"
2024-25,cattle,251.71,lakh head,"DLS, Livestock Economy at a glance (edition 2025-26)"
2025-26,cattle,253.29,lakh head,"DLS, Livestock Economy at a glance (edition 2025-26)"
2015-16,chicken,2683.93,lakh head,"DLS, Livestock Economy at a glance (edition 2024-25)"
2016-17,chicken,2751.83,lakh head,"DLS, Livestock Economy at a glance (edition 2025-26)"
2017-18,chicken,2821.45,lakh head,"DLS, Livestock Economy at a glance (edition 2025-26)"
2018-19,chicken,2892.83,lakh head,"DLS, Livestock Economy at a glance (edition 2025-26)"
2019-20,chicken,2966.02,lakh head,"DLS, Livestock Economy at a glance (edition 2025-26)"
2020-21,chicken,3041.06,lakh head,"DLS, Livestock Economy at a glance (edition 2025-26)"
2021-22,chicken,3118.0,lakh head,"DLS, Livestock Economy at a glance (edition 2025-26)"
2022-23,chicken,3196.89,lakh head,"DLS, Livestock Economy at a glance (edition 2025-26)"
2023-24,chicken,3277.77,lakh head,"DLS, Livestock Economy at a glance (edition 2025-26)"
2024-25,chicken,3360.7,lakh head,"DLS, Livestock Economy at a glance (edition 2025-26)"
2025-26,chicken,3445.72,lakh head,"DLS, Livestock Economy at a glance (edition 2025-26)"
2015-16,duck,522.4,lakh head,"DLS, Livestock Economy at a glance (edition 2024-25)"
2016-17,duck,540.16,lakh head,"DLS, Livestock Economy at a glance (edition 2025-26)"
2017-18,duck,558.53,lakh head,"DLS, Livestock Economy at a glance (edition 2025-26)"
2018-19,duck,577.52,lakh head,"DLS, Livestock Economy at a glance (edition 2025-26)"
2019-20,duck,597.16,lakh head,"DLS, Livestock Economy at a glance (edition 2025-26)"
2020-21,duck,617.46,lakh head,"DLS, Livestock Economy at a glance (edition 2025-26)"
2021-22,duck,638.45,lakh head,"DLS, Livestock Economy at a glance (edition 2025-26)"
2022-23,duck,660.16,lakh head,"DLS, Livestock Economy at a glance (edition 2025-26)"
2023-24,duck,682.61,lakh head,"DLS, Livestock Economy at a glance (edition 2025-26)"
2024-25,duck,705.82,lakh head,"DLS, Livestock Economy at a glance (edition 2025-26)"
2025-26,duck,729.82,lakh head,"DLS, Livestock Economy at a glance (edition 2025-26)"
2015-16,egg,1191.24,crore,"DLS, Livestock Economy at a glance (edition 2024-25)"
2016-17,egg,1493.31,crore,"DLS, Livestock Economy at a glance (edition 2025-26)"
2017-18,egg,1552.0,crore,"DLS, Livestock Economy at a glance (edition 2025-26)"
2018-19,egg,1711.0,crore,"DLS, Livestock Economy at a glance (edition 2025-26)"
2019-20,egg,1736.0,crore,"DLS, Livestock Economy at a glance (edition 2025-26)"
2020-21,egg,2057.64,crore,"DLS, Livestock Economy at a glance (edition 2025-26)"
2021-22,egg,2335.35,crore,"DLS, Livestock Economy at a glance (edition 2025-26)"
2022-23,egg,2337.63,crore,"DLS, Livestock Economy at a glance (edition 2025-26)"
2023-24,egg,2374.97,crore,"DLS, Livestock Economy at a glance (edition 2025-26)"
2024-25,egg,2440.65,crore,"DLS, Livestock Economy at a glance (edition 2025-26)"
2025-26,egg,2509.41,crore,"DLS, Livestock Economy at a glance (edition 2025-26)"
2015-16,goat,257.66,lakh head,"DLS, Livestock Economy at a glance (edition 2024-25)"
2016-17,goat,259.31,lakh head,"DLS, Livestock Economy at a glance (edition 2025-26)"
2017-18,goat,261.0,lakh head,"DLS, Livestock Economy at a glance (edition 2025-26)"
2018-19,goat,262.67,lakh head,"DLS, Livestock Economy at a glance (edition 2025-26)"
2019-20,goat,264.35,lakh head,"DLS, Livestock Economy at a glance (edition 2025-26)"
2020-21,goat,266.04,lakh head,"DLS, Livestock Economy at a glance (edition 2025-26)"
2021-22,goat,267.74,lakh head,"DLS, Livestock Economy at a glance (edition 2025-26)"
2022-23,goat,269.45,lakh head,"DLS, Livestock Economy at a glance (edition 2025-26)"
2023-24,goat,271.17,lakh head,"DLS, Livestock Economy at a glance (edition 2025-26)"
2024-25,goat,272.91,lakh head,"DLS, Livestock Economy at a glance (edition 2025-26)"
2025-26,goat,274.65,lakh head,"DLS, Livestock Economy at a glance (edition 2025-26)"
2015-16,meat,61.52,lakh tonnes,"DLS, Livestock Economy at a glance (edition 2024-25)"
2016-17,meat,71.54,lakh tonnes,"DLS, Livestock Economy at a glance (edition 2025-26)"
2017-18,meat,72.06,lakh tonnes,"DLS, Livestock Economy at a glance (edition 2025-26)"
2018-19,meat,75.14,lakh tonnes,"DLS, Livestock Economy at a glance (edition 2025-26)"
2019-20,meat,76.74,lakh tonnes,"DLS, Livestock Economy at a glance (edition 2025-26)"
2020-21,meat,84.4,lakh tonnes,"DLS, Livestock Economy at a glance (edition 2025-26)"
2021-22,meat,92.65,lakh tonnes,"DLS, Livestock Economy at a glance (edition 2025-26)"
2022-23,meat,87.1,lakh tonnes,"DLS, Livestock Economy at a glance (edition 2025-26)"
2023-24,meat,92.25,lakh tonnes,"DLS, Livestock Economy at a glance (edition 2025-26)"
2024-25,meat,89.54,lakh tonnes,"DLS, Livestock Economy at a glance (edition 2025-26)"
2025-26,meat,90.7,lakh tonnes,"DLS, Livestock Economy at a glance (edition 2025-26)"
2015-16,milk,72.75,lakh tonnes,"DLS, Livestock Economy at a glance (edition 2024-25)"
2016-17,milk,92.83,lakh tonnes,"DLS, Livestock Economy at a glance (edition 2025-26)"
2017-18,milk,94.01,lakh tonnes,"DLS, Livestock Economy at a glance (edition 2025-26)"
2018-19,milk,99.23,lakh tonnes,"DLS, Livestock Economy at a glance (edition 2025-26)"
2019-20,milk,106.8,lakh tonnes,"DLS, Livestock Economy at a glance (edition 2025-26)"
2020-21,milk,119.85,lakh tonnes,"DLS, Livestock Economy at a glance (edition 2025-26)"
2021-22,milk,130.74,lakh tonnes,"DLS, Livestock Economy at a glance (edition 2025-26)"
2022-23,milk,140.68,lakh tonnes,"DLS, Livestock Economy at a glance (edition 2025-26)"
2023-24,milk,150.44,lakh tonnes,"DLS, Livestock Economy at a glance (edition 2025-26)"
2024-25,milk,155.38,lakh tonnes,"DLS, Livestock Economy at a glance (edition 2025-26)"
2025-26,milk,157.53,lakh tonnes,"DLS, Livestock Economy at a glance (edition 2025-26)"
2015-16,sheep,33.35,lakh head,"DLS, Livestock Economy at a glance (edition 2024-25)"
2016-17,sheep,34.01,lakh head,"DLS, Livestock Economy at a glance (edition 2025-26)"
2017-18,sheep,34.68,lakh head,"DLS, Livestock Economy at a glance (edition 2025-26)"
2018-19,sheep,35.37,lakh head,"DLS, Livestock Economy at a glance (edition 2025-26)"
2019-20,sheep,36.07,lakh head,"DLS, Livestock Economy at a glance (edition 2025-26)"
2020-21,sheep,36.79,lakh head,"DLS, Livestock Economy at a glance (edition 2025-26)"
2021-22,sheep,37.52,lakh head,"DLS, Livestock Economy at a glance (edition 2025-26)"
2022-23,sheep,38.27,lakh head,"DLS, Livestock Economy at a glance (edition 2025-26)"
2023-24,sheep,39.03,lakh head,"DLS, Livestock Economy at a glance (edition 2025-26)"
2024-25,sheep,39.81,lakh head,"DLS, Livestock Economy at a glance (edition 2025-26)"
2025-26,sheep,40.6,lakh head,"DLS, Livestock Economy at a glance (edition 2025-26)"
