site_id,union,soil_type_bn,season,land_type_bn,crop_bn,urea_kg_ha,tsp_kg_ha,dap_kg_ha,mop_kg_ha,gypsum_kg_ha,zinc_sulphate_kg_ha,boric_acid_kg_ha,lime_kg_ha
KHU_BATIAGHATA,বটিয়াঘাটা,পলি মাটি,Kharif-1,উঁচু জমি,"পাট (ও-৯৮৯৭, ওএম-১ এবং বিজেআরআই তোষাপাট-৪ (ও-৭২))",163.9,90.0,90.0,76.0,69.5,0.0,0.0,0.0
KHU_BATIAGHATA,বটিয়াঘাটা,পলি মাটি,Kharif-1,উঁচু জমি,"মাসকলাই (বারি মাস-১, বারি মাস-২, বারি মাস-৩, বারি মাস-৪ এবং বিনা মাস-১)",33.7,90.0,90.0,19.0,27.8,0.0,0.0,0.0
KHU_BATIAGHATA,বটিয়াঘাটা,পলি মাটি,Kharif-1,উঁচু জমি,"চীনাবাদাম (ঝিঙ্গা, ত্রিদানা, বারি চীনা বাদাম-৫, ৬, ৭, ৮, ৯, ১০, বিনা চীনা বাদাম-১, ২, ৩, ৪, ৫, ৬, ৭, ৮ এবং ৯)",66.2,212.6,212.6,46.0,102.9,0.0,0.0,0.0
KHU_BATIAGHATA,বটিয়াঘাটা,পলি মাটি,Kharif-1,উঁচু জমি,"তিল (বারি তিল-২, ৩, ৪, বিনা তিল-১, ২, ৩ এবং ৪)",136.8,177.6,177.6,61.0,61.2,0.0,0.0,0.0
KHU_BATIAGHATA,বটিয়াঘাটা,পলি মাটি,Kharif-1,উঁচু জমি,গিনি ঘাস,245.3,177.6,177.6,37.0,44.5,0.0,0.0,0.0
KHU_BATIAGHATA,বটিয়াঘাটা,পলি মাটি,Kharif-1,উঁচু জমি,জাম্বু ঘাস,82.5,55.0,55.0,13.0,44.5,0.0,0.0,0.0
KHU_BATIAGHATA,বটিয়াঘাটা,পলি মাটি,Kharif-1,উঁচু জমি,জার্মান ঘাস,191.0,177.6,177.6,34.0,44.5,0.0,0.0,0.0
KHU_BATIAGHATA,বটিয়াঘাটা,পলি মাটি,Kharif-1,উঁচু জমি,ডাল ঘাস,272.5,177.6,177.6,34.0,44.5,0.0,0.0,0.0
KHU_BATIAGHATA,বটিয়াঘাটা,পলি মাটি,Kharif-1,উঁচু জমি,"নেপিয়ার ঘাস (আইজিএফআরআই-৩, আইজিএফআরআই-৬, আইজিএফআরআই-৭, আইজিএফআরআই-১০, সিও-৩)",310.4,212.6,212.6,46.0,44.5,0.0,0.0,0.0
KHU_BATIAGHATA,বটিয়াঘাটা,পলি মাটি,Kharif-1,উঁচু জমি,প্যারা ঘাস,218.2,177.6,177.6,34.0,44.5,0.0,0.0,0.0
KHU_BATIAGHATA,বটিয়াঘাটা,পলি মাটি,Kharif-1,উঁচু জমি,"পেঁয়াজ (গ্রীষ্মকালীন) (বারি পিঁয়াজ-২,  বারি পিঁয়াজ-৩ এবং বারি পিঁয়াজ-৫)",136.8,177.6,177.6,61.0,69.5,0.0,0.0,0.0
KHU_BATIAGHATA,বটিয়াঘাটা,পলি মাটি,Kharif-1,উঁচু জমি,"আউশ (বি আর-১, ২, ১৪, ১৬, ২৬, ব্রিধান-২৭, ৪৮ এবং বিনা ধান-১৯)",174.8,72.5,72.5,61.0,27.8,0.0,0.0,0.0
KHU_BATIAGHATA,বটিয়াঘাটা,পলি মাটি,Kharif-1,উঁচু জমি,"আউশ রোপা (বি আর-৬, বি আর-৭, বি আর-২৪, ব্রি ধান-৬৫, ব্রি ধান-৪২, ৪৩)",120.5,72.5,72.5,46.0,27.8,0.0,0.0,0.0
KHU_BATIAGHATA,বটিয়াঘাটা,পলি মাটি,Kharif-1,উঁচু জমি,"গম (বৃষ্টি নির্ভর)  (বারি-২৫, ২৭, ২৮, ২৯, ৩০, ৩১, ৩২, ৩৩, বারি ট্রাইটেকলি-১, ২ এবং বিনা-১)",82.5,90.0,90.0,37.0,21.1,0.0,0.0,0.0
KHU_BATIAGHATA,বটিয়াঘাটা,পলি মাটি,Kharif-1,উঁচু জমি,"ভূট্টা (বারি হাইব্রিড ভূট্টা-৩, ৫, ৬, ৭, ৮, ৯, ১০, ১১, ১২, ১৩, বারি মিষ্টি ভূট্টা-১)",408.1,352.7,352.7,121.1,127.9,0.0,0.0,0.0
KHU_BATIAGHATA,বটিয়াঘাটা,পলি মাটি,Kharif-1,উঁচু জমি,"ভূট্টা (বারি-৫, ৬, ৭, খৈ-ভূট্টা এবং মোহর ভূট্টা)",245.3,212.6,212.6,73.0,77.9,0.0,0.0,0.0
KHU_BATIAGHATA,বটিয়াঘাটা,পলি মাটি,Kharif-1,মাঝারি উঁচু জমি,"পাট (ও-৯৮৯৭, ওএম-১ এবং বিজেআরআই তোষাপাট-৪ (ও-৭২))",163.9,90.0,90.0,76.0,56.3,13.3,0.0,0.0
KHU_BATIAGHATA,বটিয়াঘাটা,পলি মাটি,Kharif-1,মাঝারি উঁচু জমি,"মাসকলাই (বারি মাস-১, বারি মাস-২, বারি মাস-৩, বারি মাস-৪ এবং বিনা মাস-১)",33.7,90.0,90.0,19.0,27.8,0.0,0.0,0.0
KHU_BATIAGHATA,বটিয়াঘাটা,পলি মাটি,Kharif-1,মাঝারি উঁচু জমি,"চীনাবাদাম (ঝিঙ্গা, ত্রিদানা, বারি চীনা বাদাম-৫, ৬, ৭, ৮, ৯, ১০, বিনা চীনা বাদাম-১, ২, ৩, ৪, ৫, ৬, ৭, ৮ এবং ৯)",66.2,212.6,212.6,46.0,96.2,6.7,0.0,0.0
KHU_BATIAGHATA,বটিয়াঘাটা,পলি মাটি,Kharif-1,মাঝারি উঁচু জমি,"তিল (বারি তিল-২, ৩, ৪, বিনা তিল-১, ২, ৩ এবং ৪)",136.8,177.6,177.6,61.0,52.5,8.7,0.0,0.0
KHU_BATIAGHATA,বটিয়াঘাটা,পলি মাটি,Kharif-1,মাঝারি উঁচু জমি,"আউশ (বি আর-১, ২, ১৪, ১৬, ২৬, ব্রিধান-২৭, ৪৮ এবং বিনা ধান-১৯)",174.8,52.5,52.5,61.0,23.0,4.8,0.0,0.0
KHU_BATIAGHATA,বটিয়াঘাটা,পলি মাটি,Kharif-1,মাঝারি উঁচু জমি,"আউশ রোপা (বি আর-৬, বি আর-৭, বি আর-২৪, ব্রি ধান-৬৫, ব্রি ধান-৪২, ৪৩)",120.5,52.5,52.5,46.0,23.7,4.1,0.0,0.0
KHU_BATIAGHATA,বটিয়াঘাটা,পলি মাটি,Kharif-1,মাঝারি উঁচু জমি,"গম (বৃষ্টি নির্ভর)  (বারি-২৫, ২৭, ২৮, ২৯, ৩০, ৩১, ৩২, ৩৩, বারি ট্রাইটেকলি-১, ২ এবং বিনা-১)",82.5,90.0,90.0,37.0,17.9,3.3,0.0,0.0
KHU_BATIAGHATA,বটিয়াঘাটা,পলি মাটি,Kharif-1,মাঝারি উঁচু জমি,"ভূট্টা (বারি হাইব্রিড ভূট্টা-৩, ৫, ৬, ৭, ৮, ৯, ১০, ১১, ১২, ১৩, বারি মিষ্টি ভূট্টা-১)",408.1,352.7,352.7,121.1,114.7,13.3,0.0,0.0
KHU_BATIAGHATA,বটিয়াঘাটা,পলি মাটি,Kharif-1,মাঝারি উঁচু জমি,"ভূট্টা (বারি-৫, ৬, ৭, খৈ-ভূট্টা এবং মোহর ভূট্টা)",245.3,212.6,212.6,73.0,68.5,9.4,0.0,0.0
KHU_BATIAGHATA,বটিয়াঘাটা,পলি মাটি,Kharif-2,উঁচু জমি,"আমন রোপা (বি আর-১১, ২২, ২৩, ব্রি ধান-৪০, ৪১, ৪৪, ৪৬, ৪৯, ৫১, ৫২, ৫৩, ৫৪, ৫৬, ৬২, ৬৬, ৭০, ৭১, ৭২, ৭৩, ৭৫, ৭৬, ৭৮, ৭৯, ৮০, ব্রি হাইব্রিড ধান-৪, ৬, বিনা ধান-৪, ৭, ১১, ১২, ১৫, ১৬, ১৭ এবং ২০)",163.9,90.0,90.0,76.0,36.2,0.0,0.0,0.0
KHU_BATIAGHATA,বটিয়াঘাটা,পলি মাটি,Kharif-2,উঁচু জমি,"আমন রোপা (বি আর-২৫, ব্রি ধান-৩৩, ৩৪, ৩৭, ৩৮, ৩৯, ৫৬, ৫৭, বিনা ধান-১২ এবং ১৩)",131.3,72.5,72.5,61.0,27.8,0.0,0.0,0.0
KHU_BATIAGHATA,বটিয়াঘাটা,পলি মাটি,Kharif-2,উঁচু জমি,"আমন রোপা (বি আর-৫, বিনা ধান-৯, কাঠারীভোগ, কালিজিরা, চিনিগুড়া)",98.8,55.0,55.0,46.0,27.8,0.0,0.0,0.0
KHU_BATIAGHATA,বটিয়াঘাটা,পলি মাটি,Kharif-2,মাঝারি উঁচু জমি,"আমন রোপা (বি আর-১১, ২২, ২৩, ব্রি ধান-৪০, ৪১, ৪৪, ৪৬, ৪৯, ৫১, ৫২, ৫৩, ৫৪, ৫৬, ৬২, ৬৬, ৭০, ৭১, ৭২, ৭৩, ৭৫, ৭৬, ৭৮, ৭৯, ৮০, ব্রি হাইব্রিড ধান-৪, ৬, বিনা ধান-৪, ৭, ১১, ১২, ১৫, ১৬, ১৭ এবং ২০)",163.9,65.0,65.0,76.0,30.7,5.4,0.0,0.0
KHU_BATIAGHATA,বটিয়াঘাটা,পলি মাটি,Kharif-2,মাঝারি উঁচু জমি,"আমন রোপা (বি আর-২৫, ব্রি ধান-৩৩, ৩৪, ৩৭, ৩৮, ৩৯, ৫৬, ৫৭, বিনা ধান-১২ এবং ১৩)",131.3,52.5,52.5,61.0,23.0,4.8,0.0,0.0
KHU_BATIAGHATA,বটিয়াঘাটা,পলি মাটি,Kharif-2,মাঝারি উঁচু জমি,"আমন রোপা (বি আর-৫, বিনা ধান-৯, কাঠারীভোগ, কালিজিরা, চিনিগুড়া)",98.8,40.0,40.0,46.0,23.7,4.1,0.0,0.0
KHU_BATIAGHATA,বটিয়াঘাটা,পলি মাটি,Rabi,উঁচু জমি,"খেসারী (বারি খেসারী-১, ২, ৩, ৪ এবং বিনা খেসারী-১)",28.2,90.0,90.0,19.0,27.8,0.0,0.0,0.0
KHU_BATIAGHATA,বটিয়াঘাটা,পলি মাটি,Rabi,উঁচু জমি,"ছোলা (বারি ২, ৩, ৪, ৫, ৬, ৭, ৯, ১০, বিনা-৬, ৭, ৮, ৯, ১০ ইত্যাদি)",49.9,107.5,107.5,25.0,36.2,0.0,0.0,0.0
KHU_BATIAGHATA,বটিয়াঘাটা,পলি মাটি,Rabi,উঁচু জমি,"মুগ (বারি মুগ-২, ৩, ৪, ৫, ৬, ৭, ৮, বিনা মুগ-৫, ৬, ৭, ৮, বারি মুগ-৯, বাউ মুগ-১, বিইউ মুগ-১, ২ এবং ৪)",33.7,107.5,107.5,25.0,36.2,0.0,0.0,0.0
KHU_BATIAGHATA,বটিয়াঘাটা,পলি মাটি,Rabi,উঁচু জমি,"মসুর (বারি মসূর-৩, ৫, ৬, ৭, ৮, ৯ এবং ১০)",39.1,107.5,107.5,22.0,27.8,0.0,0.0,0.0
KHU_BATIAGHATA,বটিয়াঘাটা,পলি মাটি,Rabi,উঁচু জমি,"চীনাবাদাম (ঝিঙ্গা, ত্রিদানা, বারি চীনা বাদাম-৫, ৬, ৭, ৮, ৯, ১০, বিনা চীনা বাদাম-১, ২, ৩, ৪, ৫, ৬, ৭, ৮ এবং ৯)",66.2,212.6,212.6,46.0,102.9,0.0,0.0,0.0
KHU_BATIAGHATA,বটিয়াঘাটা,পলি মাটি,Rabi,উঁচু জমি,সূর্যমুখী (কিরনী এবং বারি সূর্যমুখী-২),191.0,212.6,212.6,85.0,69.5,0.0,0.0,0.0
KHU_BATIAGHATA,বটিয়াঘাটা,পলি মাটি,Rabi,উঁচু জমি,"সরিষা (টরি-৭, বারি সরিষা-৯, ১৪, ১৫, সেফাল, অগ্রনী, বিনা সরিষা-৬, ৭, ৮)",163.9,160.1,160.1,61.0,44.5,0.0,0.0,0.0
KHU_BATIAGHATA,বটিয়াঘাটা,পলি মাটি,Rabi,উঁচু জমি,"সরিষা (বারি সরিষা-৬, ৭, ৮, ১১, ১৩, ১৬, ১৭, বিনা সরিষা-৩, ৪, ৫, ৬, ৭, ৯, ১০ )",218.2,212.6,212.6,91.0,77.9,0.0,0.0,0.0
KHU_BATIAGHATA,বটিয়াঘাটা,পলি মাটি,Rabi,উঁচু জমি,"পেঁয়াজ (বারি পিঁয়াজ-১, বারি পিঁয়াজ-২, বারি পিঁয়াজ-৩, বারি পিঁয়াজ-৪, বারি পিঁয়াজ-৫)",191.0,265.1,265.1,91.0,86.2,0.0,0.0,0.0
KHU_BATIAGHATA,বটিয়াঘাটা,পলি মাটি,Rabi,উঁচু জমি,"রসুন (বারি রসুন-১, বারি রসুন-২, বাউ রসুন-২, বাউ রসুন-৩ এবং অন্যান্য)",207.3,282.6,282.6,91.0,86.2,0.0,0.0,0.0
KHU_BATIAGHATA,বটিয়াঘাটা,পলি মাটি,Rabi,উঁচু জমি,"গম (সেচসহ) (বারি-২৫, ২৭, ২৮, ২৯, ৩০, ৩১, ৩২, ৩৩, বারি ট্রাইটেকলি-১, ২ এবং বিনা-১)",218.2,142.6,142.6,91.0,44.5,0.0,0.0,0.0
KHU_BATIAGHATA,বটিয়াঘাটা,পলি মাটি,Rabi,উঁচু জমি,"বোরো (ব্রি ধান-২৯, ৫৮, ৫৯, ৬০, ৬৮, ৬৯, ৭৪, বিনা ধান-৬, ১৮, ব্রি হাইব্রিড ধান-২, ৩, এবং ৫)",326.7,142.6,142.6,115.0,52.8,0.0,0.0,0.0
KHU_BATIAGHATA,বটিয়াঘাটা,পলি মাটি,Rabi,উঁচু জমি,"বোরো (বি আর-১, বি আর-২, বি আর-৭, বি আর-১৫, ব্রি ধান-৩৬, বিনা ধান-৮ এবং বিনা ধান-১০)",218.2,107.5,107.5,76.0,36.2,0.0,0.0,0.0
KHU_BATIAGHATA,বটিয়াঘাটা,পলি মাটি,Rabi,উঁচু জমি,"বোরো (বি আর-১৪, ১৬, ১৭, ১৮, ১৯, ২৬, ব্রি ধান-২৮, ৪৫, ৪৭, ৫০, ৬১, ৬৩, ৬৪, ৬৭, বিনাধান-৫, ৬, ৮, ১০, এবং ১৪)",261.6,125.1,125.1,91.0,36.2,0.0,0.0,0.0
KHU_BATIAGHATA,বটিয়াঘাটা,পলি মাটি,Rabi,উঁচু জমি,"ভূট্টা (বারি হাইব্রিড ভূট্টা-৩, ৫, ৬, ৭, ৮, ৯, ১০, ১১, ১২, ১৩, বারি মিষ্টি ভূট্টা-১)",408.1,352.7,352.7,121.1,127.9,0.0,0.0,0.0
KHU_BATIAGHATA,বটিয়াঘাটা,পলি মাটি,Rabi,উঁচু জমি,"ভূট্টা (বারি-৫, ৬, ৭, খৈ-ভূট্টা এবং মোহর ভূট্টা)",245.3,212.6,212.6,73.0,77.9,0.0,0.0,0.0
KHU_BATIAGHATA,বটিয়াঘাটা,পলি মাটি,Rabi,উঁচু জমি,"আলু (বারি-৬ (মুল্টা), ৭ (ডায়মন্ট), ৮ (কার্ডিনাল), ১৩ (গ্রান্ডনুলা), ১৭ (রাজা), ২৫, ২৮, ২৯, ৩০, ৩১, ৩৪ (লোরা), ৩৫, ৩৬, ৪০, ৪১, ৪৬, ৪৮, ৫৩, ৫৪ (মুসিকা), ৫৬, ৫৭, ৬২, ৬৩, ৬৬ (পামেলা), ৬৮ (আটলান্টিক), ৭০ (ডেশটিনি), ৭৪ (বাসেলোনা), ৭৫, ৭৬ এবং ৭৭)",245.3,177.6,177.6,136.1,44.5,0.0,0.0,0.0
KHU_BATIAGHATA,বটিয়াঘাটা,পলি মাটি,Rabi,উঁচু জমি,"মিষ্টি আলু (তৃপ্তি, কমলা সুন্দরী, বারি-৩(দৌলতপুরী), বারি-৪, বারি-৫, বারি-৮, বারি-১০, বারি-১১, বারি-১২ এবং বারি-১৩)",218.2,212.6,212.6,121.1,44.5,0.0,0.0,0.0
KHU_BATIAGHATA,বটিয়াঘাটা,পলি মাটি,Rabi,মাঝারি উঁচু জমি,"খেসারী (বারি খেসারী-১, ২, ৩, ৪ এবং বিনা খেসারী-১)",28.2,90.0,90.0,19.0,27.8,0.0,0.0,0.0
KHU_BATIAGHATA,বটিয়াঘাটা,পলি মাটি,Rabi,মাঝারি উঁচু জমি,"ছোলা (বারি ২, ৩, ৪, ৫, ৬, ৭, ৯, ১০, বিনা-৬, ৭, ৮, ৯, ১০ ইত্যাদি)",49.9,107.5,107.5,25.0,29.4,6.7,0.0,0.0
KHU_BATIAGHATA,বটিয়াঘাটা,পলি মাটি,Rabi,মাঝারি উঁচু জমি,"মুগ (বারি মুগ-২, ৩, ৪, ৫, ৬, ৭, ৮, বিনা মুগ-৫, ৬, ৭, ৮, বারি মুগ-৯, বাউ মুগ-১, বিইউ মুগ-১, ২ এবং ৪)",33.7,107.5,107.5,25.0,29.4,6.7,0.0,0.0
KHU_BATIAGHATA,বটিয়াঘাটা,পলি মাটি,Rabi,মাঝারি উঁচু জমি,"মসুর (বারি মসূর-৩, ৫, ৬, ৭, ৮, ৯ এবং ১০)",39.1,107.5,107.5,22.0,21.1,6.7,0.0,0.0
KHU_BATIAGHATA,বটিয়াঘাটা,পলি মাটি,Rabi,মাঝারি উঁচু জমি,"চীনাবাদাম (ঝিঙ্গা, ত্রিদানা, বারি চীনা বাদাম-৫, ৬, ৭, ৮, ৯, ১০, বিনা চীনা বাদাম-১, ২, ৩, ৪, ৫, ৬, ৭, ৮ এবং ৯)",66.2,212.6,212.6,46.0,96.2,6.7,0.0,0.0
KHU_BATIAGHATA,বটিয়াঘাটা,পলি মাটি,Rabi,মাঝারি উঁচু জমি,সূর্যমুখী (কিরনী এবং বারি সূর্যমুখী-২),191.0,212.6,212.6,85.0,62.8,6.7,0.0,0.0
KHU_BATIAGHATA,বটিয়াঘাটা,পলি মাটি,Rabi,মাঝারি উঁচু জমি,"সরিষা (টরি-৭, বারি সরিষা-৯, ১৪, ১৫, সেফাল, অগ্রনী, বিনা সরিষা-৬, ৭, ৮)",163.9,160.1,160.1,61.0,37.8,6.7,0.0,0.0
KHU_BATIAGHATA,বটিয়াঘাটা,পলি মাটি,Rabi,মাঝারি উঁচু জমি,"সরিষা (বারি সরিষা-৬, ৭, ৮, ১১, ১৩, ১৬, ১৭, বিনা সরিষা-৩, ৪, ৫, ৬, ৭, ৯, ১০ )",218.2,212.6,212.6,91.0,67.9,10.0,0.0,0.0
KHU_BATIAGHATA,বটিয়াঘাটা,পলি মাটি,Rabi,মাঝারি উঁচু জমি,"গম (সেচসহ) (বারি-২৫, ২৭, ২৮, ২৯, ৩০, ৩১, ৩২, ৩৩, বারি ট্রাইটেকলি-১, ২ এবং বিনা-১)",218.2,142.6,142.6,91.0,35.8,8.7,0.0,0.0
KHU_BATIAGHATA,বটিয়াঘাটা,পলি মাটি,Rabi,মাঝারি উঁচু জমি,"বোরো (ব্রি ধান-২৯, ৫৮, ৫৯, ৬০, ৬৮, ৬৯, ৭৪, বিনা ধান-৬, ১৮, ব্রি হাইব্রিড ধান-২, ৩, এবং ৫)",326.7,102.5,102.5,115.0,44.1,8.7,0.0,0.0
KHU_BATIAGHATA,বটিয়াঘাটা,পলি মাটি,Rabi,মাঝারি উঁচু জমি,"বোরো (বি আর-১, বি আর-২, বি আর-৭, বি আর-১৫, ব্রি ধান-৩৬, বিনা ধান-৮ এবং বিনা ধান-১০)",218.2,77.5,77.5,76.0,30.7,5.4,0.0,0.0
KHU_BATIAGHATA,বটিয়াঘাটা,পলি মাটি,Rabi,মাঝারি উঁচু জমি,"বোরো (বি আর-১৪, ১৬, ১৭, ১৮, ১৯, ২৬, ব্রি ধান-২৮, ৪৫, ৪৭, ৫০, ৬১, ৬৩, ৬৪, ৬৭, বিনাধান-৫, ৬, ৮, ১০, এবং ১৪)",261.6,90.0,90.0,91.0,29.4,6.7,0.0,0.0
KHU_BATIAGHATA,বটিয়াঘাটা,পলি মাটি,Rabi,মাঝারি উঁচু জমি,"ভূট্টা (বারি হাইব্রিড ভূট্টা-৩, ৫, ৬, ৭, ৮, ৯, ১০, ১১, ১২, ১৩, বারি মিষ্টি ভূট্টা-১)",408.1,352.7,352.7,121.1,114.7,13.3,0.0,0.0
KHU_BATIAGHATA,বটিয়াঘাটা,পলি মাটি,Rabi,মাঝারি উঁচু জমি,"ভূট্টা (বারি-৫, ৬, ৭, খৈ-ভূট্টা এবং মোহর ভূট্টা)",245.3,212.6,212.6,73.0,68.5,9.4,0.0,0.0
KHU_BATIAGHATA,বটিয়াঘাটা,পলি মাটি,Rabi,মাঝারি উঁচু জমি,"আলু (বারি-৬ (মুল্টা), ৭ (ডায়মন্ট), ৮ (কার্ডিনাল), ১৩ (গ্রান্ডনুলা), ১৭ (রাজা), ২৫, ২৮, ২৯, ৩০, ৩১, ৩৪ (লোরা), ৩৫, ৩৬, ৪০, ৪১, ৪৬, ৪৮, ৫৩, ৫৪ (মুসিকা), ৫৬, ৫৭, ৬২, ৬৩, ৬৬ (পামেলা), ৬৮ (আটলান্টিক), ৭০ (ডেশটিনি), ৭৪ (বাসেলোনা), ৭৫, ৭৬ এবং ৭৭)",245.3,177.6,177.6,136.1,29.3,15.2,0.0,0.0
KHU_BATIAGHATA,বটিয়াঘাটা,পলি মাটি,Rabi,মাঝারি উঁচু জমি,"মিষ্টি আলু (তৃপ্তি, কমলা সুন্দরী, বারি-৩(দৌলতপুরী), বারি-৪, বারি-৫, বারি-৮, বারি-১০, বারি-১১, বারি-১২ এবং বারি-১৩)",218.2,212.6,212.6,121.1,34.5,10.0,0.0,0.0
KHU_BATIAGHATA,বটিয়াঘাটা,পলি মাটি,Rabi,মাঝারি নিচু জমি,"বোরো (ব্রি ধান-২৯, ৫৮, ৫৯, ৬০, ৬৮, ৬৯, ৭৪, বিনা ধান-৬, ১৮, ব্রি হাইব্রিড ধান-২, ৩, এবং ৫)",0.0,0.0,0.0,0.0,0.0,0.0,0.0,0.0
KHU_BATIAGHATA,বটিয়াঘাটা,পলি মাটি,Rabi,মাঝারি নিচু জমি,"বোরো (বি আর-১, বি আর-২, বি আর-৭, বি আর-১৫, ব্রি ধান-৩৬, বিনা ধান-৮ এবং বিনা ধান-১০)",0.0,0.0,0.0,0.0,0.0,0.0,0.0,0.0
KHU_BATIAGHATA,বটিয়াঘাটা,পলি মাটি,Rabi,মাঝারি নিচু জমি,"বোরো (বি আর-১৪, ১৬, ১৭, ১৮, ১৯, ২৬, ব্রি ধান-২৮, ৪৫, ৪৭, ৫০, ৬১, ৬৩, ৬৪, ৬৭, বিনাধান-৫, ৬, ৮, ১০, এবং ১৪)",0.0,0.0,0.0,0.0,0.0,0.0,0.0,0.0
KHU_BATIAGHATA,বটিয়াঘাটা,পলি মাটি,Rabi,নিচু জমি,"বোরো (ব্রি ধান-২৯, ৫৮, ৫৯, ৬০, ৬৮, ৬৯, ৭৪, বিনা ধান-৬, ১৮, ব্রি হাইব্রিড ধান-২, ৩, এবং ৫)",0.0,0.0,0.0,0.0,0.0,0.0,0.0,0.0
KHU_BATIAGHATA,বটিয়াঘাটা,পলি মাটি,Rabi,নিচু জমি,"বোরো (বি আর-১, বি আর-২, বি আর-৭, বি আর-১৫, ব্রি ধান-৩৬, বিনা ধান-৮ এবং বিনা ধান-১০)",0.0,0.0,0.0,0.0,0.0,0.0,0.0,0.0
KHU_BATIAGHATA,বটিয়াঘাটা,পলি মাটি,Rabi,নিচু জমি,"বোরো (বি আর-১৪, ১৬, ১৭, ১৮, ১৯, ২৬, ব্রি ধান-২৮, ৪৫, ৪৭, ৫০, ৬১, ৬৩, ৬৪, ৬৭, বিনাধান-৫, ৬, ৮, ১০, এবং ১৪)",0.0,0.0,0.0,0.0,0.0,0.0,0.0,0.0
RAJ_TANORE,তালন্দ,খিয়ার মাটি,Kharif-1,উঁচু জমি,"পাট (ও-৯৮৯৭, ওএম-১ এবং বিজেআরআই তোষাপাট-৪ (ও-৭২))",229.0,65.0,65.0,76.0,109.7,4.4,0.0,0.0
RAJ_TANORE,তালন্দ,খিয়ার মাটি,Kharif-1,উঁচু জমি,"মাসকলাই (বারি মাস-১, বারি মাস-২, বারি মাস-৩, বারি মাস-৪ এবং বিনা মাস-১)",46.7,65.0,65.0,19.0,44.5,0.0,0.0,0.0
RAJ_TANORE,তালন্দ,খিয়ার মাটি,Kharif-1,উঁচু জমি,"চীনাবাদাম (ঝিঙ্গা, ত্রিদানা, বারি চীনা বাদাম-৫, ৬, ৭, ৮, ৯, ১০, বিনা চীনা বাদাম-১, ২, ৩, ৪, ৫, ৬, ৭, ৮ এবং ৯)",92.3,152.6,152.6,46.0,167.5,2.2,2.1,0.0
RAJ_TANORE,তালন্দ,খিয়ার মাটি,Kharif-1,উঁচু জমি,"তিল (বারি তিল-২, ৩, ৪, বিনা তিল-১, ২, ৩ এবং ৪)",191.0,127.6,127.6,61.0,97.3,2.8,2.9,0.0
RAJ_TANORE,তালন্দ,খিয়ার মাটি,Kharif-1,উঁচু জমি,গিনি ঘাস,343.0,127.6,127.6,37.0,68.0,4.4,0.0,0.0
RAJ_TANORE,তালন্দ,খিয়ার মাটি,Kharif-1,উঁচু জমি,জাম্বু ঘাস,115.1,40.0,40.0,13.0,68.0,4.4,0.0,0.0
RAJ_TANORE,তালন্দ,খিয়ার মাটি,Kharif-1,উঁচু জমি,জার্মান ঘাস,267.0,127.6,127.6,34.0,68.0,4.4,0.0,0.0
RAJ_TANORE,তালন্দ,খিয়ার মাটি,Kharif-1,উঁচু জমি,ডাল ঘাস,381.0,127.6,127.6,34.0,68.0,4.4,0.0,0.0
RAJ_TANORE,তালন্দ,খিয়ার মাটি,Kharif-1,উঁচু জমি,"নেপিয়ার ঘাস (আইজিএফআরআই-৩, আইজিএফআরআই-৬, আইজিএফআরআই-৭, আইজিএফআরআই-১০, সিও-৩)",440.7,152.6,152.6,46.0,68.0,4.4,0.0,0.0
RAJ_TANORE,তালন্দ,খিয়ার মাটি,Kharif-1,উঁচু জমি,প্যারা ঘাস,305.0,127.6,127.6,34.0,68.0,4.4,0.0,0.0
RAJ_TANORE,তালন্দ,খিয়ার মাটি,Kharif-1,উঁচু জমি,"পেঁয়াজ (গ্রীষ্মকালীন) (বারি পিঁয়াজ-২,  বারি পিঁয়াজ-৩ এবং বারি পিঁয়াজ-৫)",191.0,127.6,127.6,61.0,111.8,2.2,1.5,0.0
RAJ_TANORE,তালন্দ,খিয়ার মাটি,Kharif-1,উঁচু জমি,"আউশ (বি আর-১, ২, ১৪, ১৬, ২৬, ব্রিধান-২৭, ৪৮ এবং বিনা ধান-১৯)",244.2,52.5,52.5,20.0,43.0,1.5,0.0,0.0
RAJ_TANORE,তালন্দ,খিয়ার মাটি,Kharif-1,উঁচু জমি,"আউশ রোপা (বি আর-৬, বি আর-৭, বি আর-২৪, ব্রি ধান-৬৫, ব্রি ধান-৪২, ৪৩)",168.3,52.5,52.5,15.0,43.2,1.3,0.0,0.0
RAJ_TANORE,তালন্দ,খিয়ার মাটি,Kharif-1,উঁচু জমি,"গম (বৃষ্টি নির্ভর)  (বারি-২৫, ২৭, ২৮, ২৯, ৩০, ৩১, ৩২, ৩৩, বারি ট্রাইটেকলি-১, ২ এবং বিনা-১)",115.1,65.0,65.0,37.0,35.0,0.0,1.5,0.0
RAJ_TANORE,তালন্দ,খিয়ার মাটি,Kharif-1,উঁচু জমি,"ভূট্টা (বারি হাইব্রিড ভূট্টা-৩, ৫, ৬, ৭, ৮, ৯, ১০, ১১, ১২, ১৩, বারি মিষ্টি ভূট্টা-১)",571.0,252.6,252.6,121.1,207.0,4.4,2.3,0.0
RAJ_TANORE,তালন্দ,খিয়ার মাটি,Kharif-1,উঁচু জমি,"ভূট্টা (বারি-৫, ৬, ৭, খৈ-ভূট্টা এবং মোহর ভূট্টা)",343.0,152.6,152.6,73.0,124.9,3.1,2.1,0.0
RAJ_TANORE,তালন্দ,খিয়ার মাটি,Kharif-1,মাঝারি উঁচু জমি,"পাট (ও-৯৮৯৭, ওএম-১ এবং বিজেআরআই তোষাপাট-৪ (ও-৭২))",229.0,90.0,90.0,126.1,100.8,13.3,0.0,100.1
RAJ_TANORE,তালন্দ,খিয়ার মাটি,Kharif-1,মাঝারি উঁচু জমি,"মাসকলাই (বারি মাস-১, বারি মাস-২, বারি মাস-৩, বারি মাস-৪ এবং বিনা মাস-১)",46.7,90.0,90.0,31.0,44.5,0.0,0.0,100.1
RAJ_TANORE,তালন্দ,খিয়ার মাটি,Kharif-1,মাঝারি উঁচু জমি,"চীনাবাদাম (ঝিঙ্গা, ত্রিদানা, বারি চীনা বাদাম-৫, ৬, ৭, ৮, ৯, ১০, বিনা চীনা বাদাম-১, ২, ৩, ৪, ৫, ৬, ৭, ৮ এবং ৯)",92.3,212.6,212.6,76.0,162.9,6.7,0.0,100.1
RAJ_TANORE,তালন্দ,খিয়ার মাটি,Kharif-1,মাঝারি উঁচু জমি,"তিল (বারি তিল-২, ৩, ৪, বিনা তিল-১, ২, ৩ এবং ৪)",191.0,177.6,177.6,101.0,91.4,8.7,0.0,100.1
RAJ_TANORE,তালন্দ,খিয়ার মাটি,Kharif-1,মাঝারি উঁচু জমি,"আউশ (বি আর-১, ২, ১৪, ১৬, ২৬, ব্রিধান-২৭, ৪৮ এবং বিনা ধান-১৯)",244.2,72.5,72.5,61.0,39.7,4.8,0.0,100.1
RAJ_TANORE,তালন্দ,খিয়ার মাটি,Kharif-1,মাঝারি উঁচু জমি,"আউশ রোপা (বি আর-৬, বি আর-৭, বি আর-২৪, ব্রি ধান-৬৫, ব্রি ধান-৪২, ৪৩)",168.3,72.5,72.5,46.0,40.4,4.1,0.0,100.1
RAJ_TANORE,তালন্দ,খিয়ার মাটি,Kharif-1,মাঝারি উঁচু জমি,"গম (বৃষ্টি নির্ভর)  (বারি-২৫, ২৭, ২৮, ২৯, ৩০, ৩১, ৩২, ৩৩, বারি ট্রাইটেকলি-১, ২ এবং বিনা-১)",115.1,90.0,90.0,61.0,31.8,3.3,0.0,100.1
RAJ_TANORE,তালন্দ,খিয়ার মাটি,Kharif-1,মাঝারি উঁচু জমি,"ভূট্টা (বারি হাইব্রিড ভূট্টা-৩, ৫, ৬, ৭, ৮, ৯, ১০, ১১, ১২, ১৩, বারি মিষ্টি ভূট্টা-১)",571.0,352.7,352.7,201.1,198.1,13.3,0.0,100.1
RAJ_TANORE,তালন্দ,খিয়ার মাটি,Kharif-1,মাঝারি উঁচু জমি,"ভূট্টা (বারি-৫, ৬, ৭, খৈ-ভূট্টা এবং মোহর ভূট্টা)",343.0,212.6,212.6,121.1,118.6,9.4,0.0,100.1
RAJ_TANORE,তালন্দ,খিয়ার মাটি,Kharif-2,উঁচু জমি,"আমন রোপা (বি আর-১১, ২২, ২৩, ব্রি ধান-৪০, ৪১, ৪৪, ৪৬, ৪৯, ৫১, ৫২, ৫৩, ৫৪, ৫৬, ৬২, ৬৬, ৭০, ৭১, ৭২, ৭৩, ৭৫, ৭৬, ৭৮, ৭৯, ৮০, ব্রি হাইব্রিড ধান-৪, ৬, বিনা ধান-৪, ৭, ১১, ১২, ১৫, ১৬, ১৭ এবং ২০)",229.0,65.0,65.0,25.0,56.7,1.7,0.0,0.0
RAJ_TANORE,তালন্দ,খিয়ার মাটি,Kharif-2,উঁচু জমি,"আমন রোপা (বি আর-২৫, ব্রি ধান-৩৩, ৩৪, ৩৭, ৩৮, ৩৯, ৫৬, ৫৭, বিনা ধান-১২ এবং ১৩)",183.4,52.5,52.5,20.0,43.0,1.5,0.0,0.0
RAJ_TANORE,তালন্দ,খিয়ার মাটি,Kharif-2,উঁচু জমি,"আমন রোপা (বি আর-৫, বিনা ধান-৯, কাঠারীভোগ, কালিজিরা, চিনিগুড়া)",137.9,40.0,40.0,15.0,43.2,1.3,0.0,0.0
RAJ_TANORE,তালন্দ,খিয়ার মাটি,Kharif-2,মাঝারি উঁচু জমি,"আমন রোপা (বি আর-১১, ২২, ২৩, ব্রি ধান-৪০, ৪১, ৪৪, ৪৬, ৪৯, ৫১, ৫২, ৫৩, ৫৪, ৫৬, ৬২, ৬৬, ৭০, ৭১, ৭২, ৭৩, ৭৫, ৭৬, ৭৮, ৭৯, ৮০, ব্রি হাইব্রিড ধান-৪, ৬, বিনা ধান-৪, ৭, ১১, ১২, ১৫, ১৬, ১৭ এবং ২০)",229.0,90.0,90.0,76.0,53.0,5.4,0.0,100.1
RAJ_TANORE,তালন্দ,খিয়ার মাটি,Kharif-2,মাঝারি উঁচু জমি,"আমন রোপা (বি আর-২৫, ব্রি ধান-৩৩, ৩৪, ৩৭, ৩৮, ৩৯, ৫৬, ৫৭, বিনা ধান-১২ এবং ১৩)",183.4,72.5,72.5,61.0,39.7,4.8,0.0,100.1
RAJ_TANORE,তালন্দ,খিয়ার মাটি,Kharif-2,মাঝারি উঁচু জমি,"আমন রোপা (বি আর-৫, বিনা ধান-৯, কাঠারীভোগ, কালিজিরা, চিনিগুড়া)",137.9,55.0,55.0,46.0,40.4,4.1,0.0,100.1
RAJ_TANORE,তালন্দ,খিয়ার মাটি,Rabi,উঁচু জমি,"খেসারী (বারি খেসারী-১, ২, ৩, ৪ এবং বিনা খেসারী-১)",39.1,65.0,65.0,19.0,44.5,0.0,0.0,0.0
RAJ_TANORE,তালন্দ,খিয়ার মাটি,Rabi,উঁচু জমি,"ছোলা (বারি ২, ৩, ৪, ৫, ৬, ৭, ৯, ১০, বিনা-৬, ৭, ৮, ৯, ১০ ইত্যাদি)",69.5,77.5,77.5,25.0,56.2,2.2,1.8,0.0
RAJ_TANORE,তালন্দ,খিয়ার মাটি,Rabi,উঁচু জমি,"মুগ (বারি মুগ-২, ৩, ৪, ৫, ৬, ৭, ৮, বিনা মুগ-৫, ৬, ৭, ৮, বারি মুগ-৯, বাউ মুগ-১, বিইউ মুগ-১, ২ এবং ৪)",46.7,77.5,77.5,25.0,56.2,2.2,1.8,0.0
RAJ_TANORE,তালন্দ,খিয়ার মাটি,Rabi,উঁচু জমি,"মসুর (বারি মসূর-৩, ৫, ৬, ৭, ৮, ৯ এবং ১০)",54.3,77.5,77.5,22.0,42.3,2.2,1.8,0.0
RAJ_TANORE,তালন্দ,খিয়ার মাটি,Rabi,উঁচু জমি,"চীনাবাদাম (ঝিঙ্গা, ত্রিদানা, বারি চীনা বাদাম-৫, ৬, ৭, ৮, ৯, ১০, বিনা চীনা বাদাম-১, ২, ৩, ৪, ৫, ৬, ৭, ৮ এবং ৯)",92.3,152.6,152.6,46.0,167.5,2.2,2.1,0.0
RAJ_TANORE,তালন্দ,খিয়ার মাটি,Rabi,উঁচু জমি,সূর্যমুখী (কিরনী এবং বারি সূর্যমুখী-২),267.0,152.6,152.6,85.0,111.8,2.2,2.3,0.0
RAJ_TANORE,তালন্দ,খিয়ার মাটি,Rabi,উঁচু জমি,"সরিষা (টরি-৭, বারি সরিষা-৯, ১৪, ১৫, সেফাল, অগ্রনী, বিনা সরিষা-৬, ৭, ৮)",229.0,115.0,115.0,61.0,70.1,2.2,1.5,0.0
RAJ_TANORE,তালন্দ,খিয়ার মাটি,Rabi,উঁচু জমি,"সরিষা (বারি সরিষা-৬, ৭, ৮, ১১, ১৩, ১৬, ১৭, বিনা সরিষা-৩, ৪, ৫, ৬, ৭, ৯, ১০ )",305.0,152.6,152.6,91.0,124.7,3.3,1.5,0.0
RAJ_TANORE,তালন্দ,খিয়ার মাটি,Rabi,উঁচু জমি,"পেঁয়াজ (বারি পিঁয়াজ-১, বারি পিঁয়াজ-২, বারি পিঁয়াজ-৩, বারি পিঁয়াজ-৪, বারি পিঁয়াজ-৫)",267.0,190.1,190.1,91.0,138.6,3.3,2.1,0.0
RAJ_TANORE,তালন্দ,খিয়ার মাটি,Rabi,উঁচু জমি,"রসুন (বারি রসুন-১, বারি রসুন-২, বাউ রসুন-২, বাউ রসুন-৩ এবং অন্যান্য)",289.8,202.6,202.6,91.0,135.1,6.7,9.1,0.0
RAJ_TANORE,তালন্দ,খিয়ার মাটি,Rabi,উঁচু জমি,"গম (সেচসহ) (বারি-২৫, ২৭, ২৮, ২৯, ৩০, ৩১, ৩২, ৩৩, বারি ট্রাইটেকলি-১, ২ এবং বিনা-১)",305.0,102.5,102.5,91.0,69.5,2.8,2.1,0.0
RAJ_TANORE,তালন্দ,খিয়ার মাটি,Rabi,উঁচু জমি,"বোরো (ব্রি ধান-২৯, ৫৮, ৫৯, ৬০, ৬৮, ৬৯, ৭৪, বিনা ধান-৬, ১৮, ব্রি হাইব্রিড ধান-২, ৩, এবং ৫)",457.0,102.5,102.5,38.0,83.4,2.8,0.0,0.0
RAJ_TANORE,তালন্দ,খিয়ার মাটি,Rabi,উঁচু জমি,"বোরো (বি আর-১, বি আর-২, বি আর-৭, বি আর-১৫, ব্রি ধান-৩৬, বিনা ধান-৮ এবং বিনা ধান-১০)",305.0,77.5,77.5,25.0,56.7,1.7,0.0,0.0
RAJ_TANORE,তালন্দ,খিয়ার মাটি,Rabi,উঁচু জমি,"বোরো (বি আর-১৪, ১৬, ১৭, ১৮, ১৯, ২৬, ব্রি ধান-২৮, ৪৫, ৪৭, ৫০, ৬১, ৬৩, ৬৪, ৬৭, বিনাধান-৫, ৬, ৮, ১০, এবং ১৪)",365.8,90.0,90.0,30.0,56.2,2.2,0.0,0.0
RAJ_TANORE,তালন্দ,খিয়ার মাটি,Rabi,উঁচু জমি,"ভূট্টা (বারি হাইব্রিড ভূট্টা-৩, ৫, ৬, ৭, ৮, ৯, ১০, ১১, ১২, ১৩, বারি মিষ্টি ভূট্টা-১)",571.0,252.6,252.6,121.1,207.0,4.4,2.3,0.0
RAJ_TANORE,তালন্দ,খিয়ার মাটি,Rabi,উঁচু জমি,"ভূট্টা (বারি-৫, ৬, ৭, খৈ-ভূট্টা এবং মোহর ভূট্টা)",343.0,152.6,152.6,73.0,124.9,3.1,2.1,0.0
RAJ_TANORE,তালন্দ,খিয়ার মাটি,Rabi,উঁচু জমি,"আলু (বারি-৬ (মুল্টা), ৭ (ডায়মন্ট), ৮ (কার্ডিনাল), ১৩ (গ্রান্ডনুলা), ১৭ (রাজা), ২৫, ২৮, ২৯, ৩০, ৩১, ৩৪ (লোরা), ৩৫, ৩৬, ৪০, ৪১, ৪৬, ৪৮, ৫৩, ৫৪ (মুসিকা), ৫৬, ৫৭, ৬২, ৬৩, ৬৬ (পামেলা), ৬৮ (আটলান্টিক), ৭০ (ডেশটিনি), ৭৪ (বাসেলোনা), ৭৫, ৭৬ এবং ৭৭)",343.0,127.6,127.6,136.1,68.0,4.4,2.3,0.0
RAJ_TANORE,তালন্দ,খিয়ার মাটি,Rabi,উঁচু জমি,"মিষ্টি আলু (তৃপ্তি, কমলা সুন্দরী, বারি-৩(দৌলতপুরী), বারি-৪, বারি-৫, বারি-৮, বারি-১০, বারি-১১, বারি-১২ এবং বারি-১৩)",305.0,152.6,152.6,121.1,69.0,3.3,2.3,0.0
RAJ_TANORE,তালন্দ,খিয়ার মাটি,Rabi,মাঝারি উঁচু জমি,"খেসারী (বারি খেসারী-১, ২, ৩, ৪ এবং বিনা খেসারী-১)",39.1,90.0,90.0,31.0,44.5,0.0,0.0,100.1
RAJ_TANORE,তালন্দ,খিয়ার মাটি,Rabi,মাঝারি উঁচু জমি,"ছোলা (বারি ২, ৩, ৪, ৫, ৬, ৭, ৯, ১০, বিনা-৬, ৭, ৮, ৯, ১০ ইত্যাদি)",69.5,107.5,107.5,41.0,51.7,6.7,0.0,100.1
RAJ_TANORE,তালন্দ,খিয়ার মাটি,Rabi,মাঝারি উঁচু জমি,"মুগ (বারি মুগ-২, ৩, ৪, ৫, ৬, ৭, ৮, বিনা মুগ-৫, ৬, ৭, ৮, বারি মুগ-৯, বাউ মুগ-১, বিইউ মুগ-১, ২ এবং ৪)",46.7,107.5,107.5,41.0,51.7,6.7,0.0,100.1
RAJ_TANORE,তালন্দ,খিয়ার মাটি,Rabi,মাঝারি উঁচু জমি,"মসুর (বারি মসূর-৩, ৫, ৬, ৭, ৮, ৯ এবং ১০)",54.3,107.5,107.5,36.0,37.8,6.7,0.0,100.1
RAJ_TANORE,তালন্দ,খিয়ার মাটি,Rabi,মাঝারি উঁচু জমি,"চীনাবাদাম (ঝিঙ্গা, ত্রিদানা, বারি চীনা বাদাম-৫, ৬, ৭, ৮, ৯, ১০, বিনা চীনা বাদাম-১, ২, ৩, ৪, ৫, ৬, ৭, ৮ এবং ৯)",92.3,212.6,212.6,76.0,162.9,6.7,0.0,100.1
RAJ_TANORE,তালন্দ,খিয়ার মাটি,Rabi,মাঝারি উঁচু জমি,সূর্যমুখী (কিরনী এবং বারি সূর্যমুখী-২),267.0,212.6,212.6,141.1,107.3,6.7,0.0,100.1
RAJ_TANORE,তালন্দ,খিয়ার মাটি,Rabi,মাঝারি উঁচু জমি,"সরিষা (টরি-৭, বারি সরিষা-৯, ১৪, ১৫, সেফাল, অগ্রনী, বিনা সরিষা-৬, ৭, ৮)",229.0,160.1,160.1,101.0,65.6,6.7,0.0,100.1
RAJ_TANORE,তালন্দ,খিয়ার মাটি,Rabi,মাঝারি উঁচু জমি,"সরিষা (বারি সরিষা-৬, ৭, ৮, ১১, ১৩, ১৬, ১৭, বিনা সরিষা-৩, ৪, ৫, ৬, ৭, ৯, ১০ )",305.0,212.6,212.6,151.1,117.9,10.0,0.0,100.1
RAJ_TANORE,তালন্দ,খিয়ার মাটি,Rabi,মাঝারি উঁচু জমি,"গম (সেচসহ) (বারি-২৫, ২৭, ২৮, ২৯, ৩০, ৩১, ৩২, ৩৩, বারি ট্রাইটেকলি-১, ২ এবং বিনা-১)",305.0,142.6,142.6,151.1,63.6,8.7,0.0,100.1
RAJ_TANORE,তালন্দ,খিয়ার মাটি,Rabi,মাঝারি উঁচু জমি,"বোরো (ব্রি ধান-২৯, ৫৮, ৫৯, ৬০, ৬৮, ৬৯, ৭৪, বিনা ধান-৬, ১৮, ব্রি হাইব্রিড ধান-২, ৩, এবং ৫)",457.0,142.6,142.6,115.0,77.5,8.7,0.0,100.1
RAJ_TANORE,তালন্দ,খিয়ার মাটি,Rabi,মাঝারি উঁচু জমি,"বোরো (বি আর-১, বি আর-২, বি আর-৭, বি আর-১৫, ব্রি ধান-৩৬, বিনা ধান-৮ এবং বিনা ধান-১০)",305.0,107.5,107.5,76.0,53.0,5.4,0.0,100.1
RAJ_TANORE,তালন্দ,খিয়ার মাটি,Rabi,মাঝারি উঁচু জমি,"বোরো (বি আর-১৪, ১৬, ১৭, ১৮, ১৯, ২৬, ব্রি ধান-২৮, ৪৫, ৪৭, ৫০, ৬১, ৬৩, ৬৪, ৬৭, বিনাধান-৫, ৬, ৮, ১০, এবং ১৪)",365.8,125.1,125.1,91.0,51.7,6.7,0.0,100.1
RAJ_TANORE,তালন্দ,খিয়ার মাটি,Rabi,মাঝারি উঁচু জমি,"ভূট্টা (বারি হাইব্রিড ভূট্টা-৩, ৫, ৬, ৭, ৮, ৯, ১০, ১১, ১২, ১৩, বারি মিষ্টি ভূট্টা-১)",571.0,352.7,352.7,201.1,198.1,13.3,0.0,100.1
RAJ_TANORE,তালন্দ,খিয়ার মাটি,Rabi,মাঝারি উঁচু জমি,"ভূট্টা (বারি-৫, ৬, ৭, খৈ-ভূট্টা এবং মোহর ভূট্টা)",343.0,212.6,212.6,121.1,118.6,9.4,0.0,100.1
RAJ_TANORE,তালন্দ,খিয়ার মাটি,Rabi,মাঝারি উঁচু জমি,"আলু (বারি-৬ (মুল্টা), ৭ (ডায়মন্ট), ৮ (কার্ডিনাল), ১৩ (গ্রান্ডনুলা), ১৭ (রাজা), ২৫, ২৮, ২৯, ৩০, ৩১, ৩৪ (লোরা), ৩৫, ৩৬, ৪০, ৪১, ৪৬, ৪৮, ৫৩, ৫৪ (মুসিকা), ৫৬, ৫৭, ৬২, ৬৩, ৬৬ (পামেলা), ৬৮ (আটলান্টিক), ৭০ (ডেশটিনি), ৭৪ (বাসেলোনা), ৭৫, ৭৬ এবং ৭৭)",343.0,177.6,177.6,226.1,57.1,15.2,0.0,100.1
RAJ_TANORE,তালন্দ,খিয়ার মাটি,Rabi,মাঝারি উঁচু জমি,"মিষ্টি আলু (তৃপ্তি, কমলা সুন্দরী, বারি-৩(দৌলতপুরী), বারি-৪, বারি-৫, বারি-৮, বারি-১০, বারি-১১, বারি-১২ এবং বারি-১৩)",305.0,212.6,212.6,201.1,62.3,10.0,0.0,100.1
RAJ_TANORE,তালন্দ,খিয়ার মাটি,Rabi,মাঝারি নিচু জমি,"বোরো (ব্রি ধান-২৯, ৫৮, ৫৯, ৬০, ৬৮, ৬৯, ৭৪, বিনা ধান-৬, ১৮, ব্রি হাইব্রিড ধান-২, ৩, এবং ৫)",457.0,142.6,142.6,115.0,38.5,14.4,0.0,100.1
RAJ_TANORE,তালন্দ,খিয়ার মাটি,Rabi,মাঝারি নিচু জমি,"বোরো (বি আর-১, বি আর-২, বি আর-৭, বি আর-১৫, ব্রি ধান-৩৬, বিনা ধান-৮ এবং বিনা ধান-১০)",305.0,107.5,107.5,76.0,27.2,8.9,0.0,100.1
RAJ_TANORE,তালন্দ,খিয়ার মাটি,Rabi,মাঝারি নিচু জমি,"বোরো (বি আর-১৪, ১৬, ১৭, ১৮, ১৯, ২৬, ব্রি ধান-২৮, ৪৫, ৪৭, ৫০, ৬১, ৬৩, ৬৪, ৬৭, বিনাধান-৫, ৬, ৮, ১০, এবং ১৪)",365.8,125.1,125.1,91.0,25.1,11.1,0.0,100.1
RAJ_TANORE,তালন্দ,খিয়ার মাটি,Rabi,নিচু জমি,"বোরো (ব্রি ধান-২৯, ৫৮, ৫৯, ৬০, ৬৮, ৬৯, ৭৪, বিনা ধান-৬, ১৮, ব্রি হাইব্রিড ধান-২, ৩, এবং ৫)",326.7,142.6,142.6,115.0,13.9,2.8,0.0,0.0
RAJ_TANORE,তালন্দ,খিয়ার মাটি,Rabi,নিচু জমি,"বোরো (বি আর-১, বি আর-২, বি আর-৭, বি আর-১৫, ব্রি ধান-৩৬, বিনা ধান-৮ এবং বিনা ধান-১০)",218.2,107.5,107.5,76.0,9.4,1.7,0.0,0.0
RAJ_TANORE,তালন্দ,খিয়ার মাটি,Rabi,নিচু জমি,"বোরো (বি আর-১৪, ১৬, ১৭, ১৮, ১৯, ২৬, ব্রি ধান-২৮, ৪৫, ৪৭, ৫০, ৬১, ৬৩, ৬৪, ৬৭, বিনাধান-৫, ৬, ৮, ১০, এবং ১৪)",261.6,125.1,125.1,91.0,8.9,2.2,0.0,0.0
RAN_MITHAPUKUR,দুর্গাপুর,পলি মাটি,Kharif-1,উঁচু জমি,"পাট (ও-৯৮৯৭, ওএম-১ এবং বিজেআরআই তোষাপাট-৪ (ও-৭২))",163.9,90.0,90.0,126.1,136.5,22.0,0.0,100.1
RAN_MITHAPUKUR,দুর্গাপুর,পলি মাটি,Kharif-1,উঁচু জমি,"মাসকলাই (বারি মাস-১, বারি মাস-২, বারি মাস-৩, বারি মাস-৪ এবং বিনা মাস-১)",33.7,90.0,90.0,31.0,61.2,0.0,0.0,100.1
RAN_MITHAPUKUR,দুর্গাপুর,পলি মাটি,Kharif-1,উঁচু জমি,"চীনাবাদাম (ঝিঙ্গা, ত্রিদানা, বারি চীনা বাদাম-৫, ৬, ৭, ৮, ৯, ১০, বিনা চীনা বাদাম-১, ২, ৩, ৪, ৫, ৬, ৭, ৮ এবং ৯)",66.2,212.6,212.6,76.0,225.3,11.1,2.1,100.1
RAN_MITHAPUKUR,দুর্গাপুর,পলি মাটি,Kharif-1,উঁচু জমি,"তিল (বারি তিল-২, ৩, ৪, বিনা তিল-১, ২, ৩ এবং ৪)",136.8,177.6,177.6,101.0,124.7,14.4,2.9,100.1
RAN_MITHAPUKUR,দুর্গাপুর,পলি মাটি,Kharif-1,উঁচু জমি,গিনি ঘাস,245.3,177.6,177.6,61.0,78.1,22.0,0.0,100.1
RAN_MITHAPUKUR,দুর্গাপুর,পলি মাটি,Kharif-1,উঁচু জমি,জাম্বু ঘাস,82.5,55.0,55.0,21.0,78.1,22.0,0.0,100.1
RAN_MITHAPUKUR,দুর্গাপুর,পলি মাটি,Kharif-1,উঁচু জমি,জার্মান ঘাস,191.0,177.6,177.6,56.0,78.1,22.0,0.0,100.1
RAN_MITHAPUKUR,দুর্গাপুর,পলি মাটি,Kharif-1,উঁচু জমি,ডাল ঘাস,272.5,177.6,177.6,56.0,78.1,22.0,0.0,100.1
RAN_MITHAPUKUR,দুর্গাপুর,পলি মাটি,Kharif-1,উঁচু জমি,"নেপিয়ার ঘাস (আইজিএফআরআই-৩, আইজিএফআরআই-৬, আইজিএফআরআই-৭, আইজিএফআরআই-১০, সিও-৩)",310.4,212.6,212.6,76.0,78.1,22.0,0.0,100.1
RAN_MITHAPUKUR,দুর্গাপুর,পলি মাটি,Kharif-1,উঁচু জমি,প্যারা ঘাস,218.2,177.6,177.6,56.0,78.1,22.0,0.0,100.1
RAN_MITHAPUKUR,দুর্গাপুর,পলি মাটি,Kharif-1,উঁচু জমি,"পেঁয়াজ (গ্রীষ্মকালীন) (বারি পিঁয়াজ-২,  বারি পিঁয়াজ-৩ এবং বারি পিঁয়াজ-৫)",136.8,177.6,177.6,101.0,147.4,11.1,1.5,100.1
RAN_MITHAPUKUR,দুর্গাপুর,পলি মাটি,Kharif-1,উঁচু জমি,"আউশ (বি আর-১, ২, ১৪, ১৬, ২৬, ব্রিধান-২৭, ৪৮ এবং বিনা ধান-১৯)",174.8,72.5,72.5,61.0,53.4,7.8,0.0,100.1
RAN_MITHAPUKUR,দুর্গাপুর,পলি মাটি,Kharif-1,উঁচু জমি,"আউশ রোপা (বি আর-৬, বি আর-৭, বি আর-২৪, ব্রি ধান-৬৫, ব্রি ধান-৪২, ৪৩)",120.5,72.5,72.5,46.0,54.4,6.7,0.0,100.1
RAN_MITHAPUKUR,দুর্গাপুর,পলি মাটি,Kharif-1,উঁচু জমি,"গম (বৃষ্টি নির্ভর)  (বারি-২৫, ২৭, ২৮, ২৯, ৩০, ৩১, ৩২, ৩৩, বারি ট্রাইটেকলি-১, ২ এবং বিনা-১)",82.5,90.0,90.0,61.0,38.9,10.0,1.5,100.1
RAN_MITHAPUKUR,দুর্গাপুর,পলি মাটি,Kharif-1,উঁচু জমি,"ভূট্টা (বারি হাইব্রিড ভূট্টা-৩, ৫, ৬, ৭, ৮, ৯, ১০, ১১, ১২, ১৩, বারি মিষ্টি ভূট্টা-১)",408.1,352.7,352.7,201.1,272.8,22.0,2.3,100.1
RAN_MITHAPUKUR,দুর্গাপুর,পলি মাটি,Kharif-1,উঁচু জমি,"ভূট্টা (বারি-৫, ৬, ৭, খৈ-ভূট্টা এবং মোহর ভূট্টা)",245.3,212.6,212.6,121.1,162.5,15.4,2.1,100.1
RAN_MITHAPUKUR,দুর্গাপুর,পলি মাটি,Kharif-1,মাঝারি উঁচু জমি,"পাট (ও-৯৮৯৭, ওএম-১ এবং বিজেআরআই তোষাপাট-৪ (ও-৭২))",163.9,90.0,90.0,126.1,100.8,13.3,0.0,100.1
RAN_MITHAPUKUR,দুর্গাপুর,পলি মাটি,Kharif-1,মাঝারি উঁচু জমি,"মাসকলাই (বারি মাস-১, বারি মাস-২, বারি মাস-৩, বারি মাস-৪ এবং বিনা মাস-১)",33.7,90.0,90.0,31.0,44.5,0.0,0.0,100.1
RAN_MITHAPUKUR,দুর্গাপুর,পলি মাটি,Kharif-1,মাঝারি উঁচু জমি,"চীনাবাদাম (ঝিঙ্গা, ত্রিদানা, বারি চীনা বাদাম-৫, ৬, ৭, ৮, ৯, ১০, বিনা চীনা বাদাম-১, ২, ৩, ৪, ৫, ৬, ৭, ৮ এবং ৯)",66.2,212.6,212.6,76.0,162.9,6.7,2.1,100.1
RAN_MITHAPUKUR,দুর্গাপুর,পলি মাটি,Kharif-1,মাঝারি উঁচু জমি,"তিল (বারি তিল-২, ৩, ৪, বিনা তিল-১, ২, ৩ এবং ৪)",136.8,177.6,177.6,101.0,91.4,8.7,2.9,100.1
RAN_MITHAPUKUR,দুর্গাপুর,পলি মাটি,Kharif-1,মাঝারি উঁচু জমি,"আউশ (বি আর-১, ২, ১৪, ১৬, ২৬, ব্রিধান-২৭, ৪৮ এবং বিনা ধান-১৯)",174.8,72.5,72.5,101.0,39.7,4.8,0.0,100.1
RAN_MITHAPUKUR,দুর্গাপুর,পলি মাটি,Kharif-1,মাঝারি উঁচু জমি,"আউশ রোপা (বি আর-৬, বি আর-৭, বি আর-২৪, ব্রি ধান-৬৫, ব্রি ধান-৪২, ৪৩)",120.5,72.5,72.5,76.0,40.4,4.1,0.0,100.1
RAN_MITHAPUKUR,দুর্গাপুর,পলি মাটি,Kharif-1,মাঝারি উঁচু জমি,"গম (বৃষ্টি নির্ভর)  (বারি-২৫, ২৭, ২৮, ২৯, ৩০, ৩১, ৩২, ৩৩, বারি ট্রাইটেকলি-১, ২ এবং বিনা-১)",82.5,90.0,90.0,61.0,31.8,3.3,1.5,100.1
RAN_MITHAPUKUR,দুর্গাপুর,পলি মাটি,Kharif-1,মাঝারি উঁচু জমি,"ভূট্টা (বারি হাইব্রিড ভূট্টা-৩, ৫, ৬, ৭, ৮, ৯, ১০, ১১, ১২, ১৩, বারি মিষ্টি ভূট্টা-১)",408.1,352.7,352.7,201.1,198.1,13.3,2.3,100.1
RAN_MITHAPUKUR,দুর্গাপুর,পলি মাটি,Kharif-1,মাঝারি উঁচু জমি,"ভূট্টা (বারি-৫, ৬, ৭, খৈ-ভূট্টা এবং মোহর ভূট্টা)",245.3,212.6,212.6,121.1,118.6,9.4,2.1,100.1
RAN_MITHAPUKUR,দুর্গাপুর,পলি মাটি,Kharif-2,উঁচু জমি,"আমন রোপা (বি আর-১১, ২২, ২৩, ব্রি ধান-৪০, ৪১, ৪৪, ৪৬, ৪৯, ৫১, ৫২, ৫৩, ৫৪, ৫৬, ৬২, ৬৬, ৭০, ৭১, ৭২, ৭৩, ৭৫, ৭৬, ৭৮, ৭৯, ৮০, ব্রি হাইব্রিড ধান-৪, ৬, বিনা ধান-৪, ৭, ১১, ১২, ১৫, ১৬, ১৭ এবং ২০)",163.9,90.0,90.0,76.0,71.7,8.9,0.0,100.1
RAN_MITHAPUKUR,দুর্গাপুর,পলি মাটি,Kharif-2,উঁচু জমি,"আমন রোপা (বি আর-২৫, ব্রি ধান-৩৩, ৩৪, ৩৭, ৩৮, ৩৯, ৫৬, ৫৭, বিনা ধান-১২ এবং ১৩)",131.3,72.5,72.5,61.0,53.4,7.8,0.0,100.1
RAN_MITHAPUKUR,দুর্গাপুর,পলি মাটি,Kharif-2,উঁচু জমি,"আমন রোপা (বি আর-৫, বিনা ধান-৯, কাঠারীভোগ, কালিজিরা, চিনিগুড়া)",98.8,55.0,55.0,46.0,54.4,6.7,0.0,100.1
RAN_MITHAPUKUR,দুর্গাপুর,পলি মাটি,Kharif-2,মাঝারি উঁচু জমি,"আমন রোপা (বি আর-১১, ২২, ২৩, ব্রি ধান-৪০, ৪১, ৪৪, ৪৬, ৪৯, ৫১, ৫২, ৫৩, ৫৪, ৫৬, ৬২, ৬৬, ৭০, ৭১, ৭২, ৭৩, ৭৫, ৭৬, ৭৮, ৭৯, ৮০, ব্রি হাইব্রিড ধান-৪, ৬, বিনা ধান-৪, ৭, ১১, ১২, ১৫, ১৬, ১৭ এবং ২০)",163.9,90.0,90.0,126.1,53.0,5.4,0.0,100.1
RAN_MITHAPUKUR,দুর্গাপুর,পলি মাটি,Kharif-2,মাঝারি উঁচু জমি,"আমন রোপা (বি আর-২৫, ব্রি ধান-৩৩, ৩৪, ৩৭, ৩৮, ৩৯, ৫৬, ৫৭, বিনা ধান-১২ এবং ১৩)",131.3,72.5,72.5,101.0,39.7,4.8,0.0,100.1
RAN_MITHAPUKUR,দুর্গাপুর,পলি মাটি,Kharif-2,মাঝারি উঁচু জমি,"আমন রোপা (বি আর-৫, বিনা ধান-৯, কাঠারীভোগ, কালিজিরা, চিনিগুড়া)",98.8,55.0,55.0,76.0,40.4,4.1,0.0,100.1
RAN_MITHAPUKUR,দুর্গাপুর,পলি মাটি,Rabi,উঁচু জমি,"খেসারী (বারি খেসারী-১, ২, ৩, ৪ এবং বিনা খেসারী-১)",28.2,90.0,90.0,31.0,61.2,0.0,0.0,100.1
RAN_MITHAPUKUR,দুর্গাপুর,পলি মাটি,Rabi,উঁচু জমি,"ছোলা (বারি ২, ৩, ৪, ৫, ৬, ৭, ৯, ১০, বিনা-৬, ৭, ৮, ৯, ১০ ইত্যাদি)",49.9,107.5,107.5,41.0,69.6,11.1,1.8,100.1
RAN_MITHAPUKUR,দুর্গাপুর,পলি মাটি,Rabi,উঁচু জমি,"মুগ (বারি মুগ-২, ৩, ৪, ৫, ৬, ৭, ৮, বিনা মুগ-৫, ৬, ৭, ৮, বারি মুগ-৯, বাউ মুগ-১, বিইউ মুগ-১, ২ এবং ৪)",33.7,107.5,107.5,41.0,69.6,11.1,1.8,100.1
RAN_MITHAPUKUR,দুর্গাপুর,পলি মাটি,Rabi,উঁচু জমি,"মসুর (বারি মসূর-৩, ৫, ৬, ৭, ৮, ৯ এবং ১০)",39.1,107.5,107.5,36.0,50.1,11.1,1.8,100.1
RAN_MITHAPUKUR,দুর্গাপুর,পলি মাটি,Rabi,উঁচু জমি,"চীনাবাদাম (ঝিঙ্গা, ত্রিদানা, বারি চীনা বাদাম-৫, ৬, ৭, ৮, ৯, ১০, বিনা চীনা বাদাম-১, ২, ৩, ৪, ৫, ৬, ৭, ৮ এবং ৯)",66.2,212.6,212.6,76.0,225.3,11.1,2.1,100.1
RAN_MITHAPUKUR,দুর্গাপুর,পলি মাটি,Rabi,উঁচু জমি,সূর্যমুখী (কিরনী এবং বারি সূর্যমুখী-২),191.0,212.6,212.6,141.1,147.4,11.1,2.3,100.1
RAN_MITHAPUKUR,দুর্গাপুর,পলি মাটি,Rabi,উঁচু জমি,"সরিষা (টরি-৭, বারি সরিষা-৯, ১৪, ১৫, সেফাল, অগ্রনী, বিনা সরিষা-৬, ৭, ৮)",163.9,160.1,160.1,101.0,89.0,11.1,1.5,100.1
RAN_MITHAPUKUR,দুর্গাপুর,পলি মাটি,Rabi,উঁচু জমি,"সরিষা (বারি সরিষা-৬, ৭, ৮, ১১, ১৩, ১৬, ১৭, বিনা সরিষা-৩, ৪, ৫, ৬, ৭, ৯, ১০ )",218.2,212.6,212.6,151.1,161.5,16.5,1.5,100.1
RAN_MITHAPUKUR,দুর্গাপুর,পলি মাটি,Rabi,উঁচু জমি,"পেঁয়াজ (বারি পিঁয়াজ-১, বারি পিঁয়াজ-২, বারি পিঁয়াজ-৩, বারি পিঁয়াজ-৪, বারি পিঁয়াজ-৫)",191.0,265.1,265.1,151.1,180.9,16.5,2.1,100.1
RAN_MITHAPUKUR,দুর্গাপুর,পলি মাটি,Rabi,উঁচু জমি,"রসুন (বারি রসুন-১, বারি রসুন-২, বাউ রসুন-২, বাউ রসুন-৩ এবং অন্যান্য)",207.3,282.6,282.6,151.1,182.0,15.4,9.1,100.1
RAN_MITHAPUKUR,দুর্গাপুর,পলি মাটি,Rabi,উঁচু জমি,"গম (সেচসহ) (বারি-২৫, ২৭, ২৮, ২৯, ৩০, ৩১, ৩২, ৩৩, বারি ট্রাইটেকলি-১, ২ এবং বিনা-১)",218.2,142.6,142.6,151.1,85.8,14.4,2.1,100.1
RAN_MITHAPUKUR,দুর্গাপুর,পলি মাটি,Rabi,উঁচু জমি,"বোরো (ব্রি ধান-২৯, ৫৮, ৫৯, ৬০, ৬৮, ৬৯, ৭৪, বিনা ধান-৬, ১৮, ব্রি হাইব্রিড ধান-২, ৩, এবং ৫)",326.7,142.6,142.6,115.0,105.2,14.4,0.0,100.1
RAN_MITHAPUKUR,দুর্গাপুর,পলি মাটি,Rabi,উঁচু জমি,"বোরো (বি আর-১, বি আর-২, বি আর-৭, বি আর-১৫, ব্রি ধান-৩৬, বিনা ধান-৮ এবং বিনা ধান-১০)",218.2,107.5,107.5,76.0,71.7,8.9,0.0,100.1
RAN_MITHAPUKUR,দুর্গাপুর,পলি মাটি,Rabi,উঁচু জমি,"বোরো (বি আর-১৪, ১৬, ১৭, ১৮, ১৯, ২৬, ব্রি ধান-২৮, ৪৫, ৪৭, ৫০, ৬১, ৬৩, ৬৪, ৬৭, বিনাধান-৫, ৬, ৮, ১০, এবং ১৪)",261.6,125.1,125.1,91.0,69.6,11.1,0.0,100.1
RAN_MITHAPUKUR,দুর্গাপুর,পলি মাটি,Rabi,উঁচু জমি,"ভূট্টা (বারি হাইব্রিড ভূট্টা-৩, ৫, ৬, ৭, ৮, ৯, ১০, ১১, ১২, ১৩, বারি মিষ্টি ভূট্টা-১)",408.1,352.7,352.7,201.1,272.8,22.0,2.3,100.1
RAN_MITHAPUKUR,দুর্গাপুর,পলি মাটি,Rabi,উঁচু জমি,"ভূট্টা (বারি-৫, ৬, ৭, খৈ-ভূট্টা এবং মোহর ভূট্টা)",245.3,212.6,212.6,121.1,162.5,15.4,2.1,100.1
RAN_MITHAPUKUR,দুর্গাপুর,পলি মাটি,Rabi,উঁচু জমি,"আলু (বারি-৬ (মুল্টা), ৭ (ডায়মন্ট), ৮ (কার্ডিনাল), ১৩ (গ্রান্ডনুলা), ১৭ (রাজা), ২৫, ২৮, ২৯, ৩০, ৩১, ৩৪ (লোরা), ৩৫, ৩৬, ৪০, ৪১, ৪৬, ৪৮, ৫৩, ৫৪ (মুসিকা), ৫৬, ৫৭, ৬২, ৬৩, ৬৬ (পামেলা), ৬৮ (আটলান্টিক), ৭০ (ডেশটিনি), ৭৪ (বাসেলোনা), ৭৫, ৭৬ এবং ৭৭)",245.3,177.6,177.6,226.1,76.2,23.9,2.3,100.1
RAN_MITHAPUKUR,দুর্গাপুর,পলি মাটি,Rabi,উঁচু জমি,"মিষ্টি আলু (তৃপ্তি, কমলা সুন্দরী, বারি-৩(দৌলতপুরী), বারি-৪, বারি-৫, বারি-৮, বারি-১০, বারি-১১, বারি-১২ এবং বারি-১৩)",218.2,212.6,212.6,201.1,83.6,16.5,2.3,100.1
RAN_MITHAPUKUR,দুর্গাপুর,পলি মাটি,Rabi,মাঝারি উঁচু জমি,"খেসারী (বারি খেসারী-১, ২, ৩, ৪ এবং বিনা খেসারী-১)",28.2,90.0,90.0,31.0,44.5,0.0,0.0,100.1
RAN_MITHAPUKUR,দুর্গাপুর,পলি মাটি,Rabi,মাঝারি উঁচু জমি,"ছোলা (বারি ২, ৩, ৪, ৫, ৬, ৭, ৯, ১০, বিনা-৬, ৭, ৮, ৯, ১০ ইত্যাদি)",49.9,107.5,107.5,41.0,51.7,6.7,1.8,100.1
RAN_MITHAPUKUR,দুর্গাপুর,পলি মাটি,Rabi,মাঝারি উঁচু জমি,"মুগ (বারি মুগ-২, ৩, ৪, ৫, ৬, ৭, ৮, বিনা মুগ-৫, ৬, ৭, ৮, বারি মুগ-৯, বাউ মুগ-১, বিইউ মুগ-১, ২ এবং ৪)",33.7,107.5,107.5,41.0,51.7,6.7,1.8,100.1
RAN_MITHAPUKUR,দুর্গাপুর,পলি মাটি,Rabi,মাঝারি উঁচু জমি,"মসুর (বারি মসূর-৩, ৫, ৬, ৭, ৮, ৯ এবং ১০)",39.1,107.5,107.5,36.0,37.8,6.7,1.8,100.1
RAN_MITHAPUKUR,দুর্গাপুর,পলি মাটি,Rabi,মাঝারি উঁচু জমি,"চীনাবাদাম (ঝিঙ্গা, ত্রিদানা, বারি চীনা বাদাম-৫, ৬, ৭, ৮, ৯, ১০, বিনা চীনা বাদাম-১, ২, ৩, ৪, ৫, ৬, ৭, ৮ এবং ৯)",66.2,212.6,212.6,76.0,162.9,6.7,2.1,100.1
RAN_MITHAPUKUR,দুর্গাপুর,পলি মাটি,Rabi,মাঝারি উঁচু জমি,সূর্যমুখী (কিরনী এবং বারি সূর্যমুখী-২),191.0,212.6,212.6,141.1,107.3,6.7,2.3,100.1
RAN_MITHAPUKUR,দুর্গাপুর,পলি মাটি,Rabi,মাঝারি উঁচু জমি,"সরিষা (টরি-৭, বারি সরিষা-৯, ১৪, ১৫, সেফাল, অগ্রনী, বিনা সরিষা-৬, ৭, ৮)",163.9,160.1,160.1,101.0,65.6,6.7,1.5,100.1
RAN_MITHAPUKUR,দুর্গাপুর,পলি মাটি,Rabi,মাঝারি উঁচু জমি,"সরিষা (বারি সরিষা-৬, ৭, ৮, ১১, ১৩, ১৬, ১৭, বিনা সরিষা-৩, ৪, ৫, ৬, ৭, ৯, ১০ )",218.2,212.6,212.6,151.1,117.9,10.0,1.5,100.1
RAN_MITHAPUKUR,দুর্গাপুর,পলি মাটি,Rabi,মাঝারি উঁচু জমি,"গম (সেচসহ) (বারি-২৫, ২৭, ২৮, ২৯, ৩০, ৩১, ৩২, ৩৩, বারি ট্রাইটেকলি-১, ২ এবং বিনা-১)",218.2,142.6,142.6,151.1,63.6,8.7,2.1,100.1
RAN_MITHAPUKUR,দুর্গাপুর,পলি মাটি,Rabi,মাঝারি উঁচু জমি,"বোরো (ব্রি ধান-২৯, ৫৮, ৫৯, ৬০, ৬৮, ৬৯, ৭৪, বিনা ধান-৬, ১৮, ব্রি হাইব্রিড ধান-২, ৩, এবং ৫)",326.7,142.6,142.6,191.1,77.5,8.7,0.0,100.1
RAN_MITHAPUKUR,দুর্গাপুর,পলি মাটি,Rabi,মাঝারি উঁচু জমি,"বোরো (বি আর-১, বি আর-২, বি আর-৭, বি আর-১৫, ব্রি ধান-৩৬, বিনা ধান-৮ এবং বিনা ধান-১০)",218.2,107.5,107.5,126.1,53.0,5.4,0.0,100.1
RAN_MITHAPUKUR,দুর্গাপুর,পলি মাটি,Rabi,মাঝারি উঁচু জমি,"বোরো (বি আর-১৪, ১৬, ১৭, ১৮, ১৯, ২৬, ব্রি ধান-২৮, ৪৫, ৪৭, ৫০, ৬১, ৬৩, ৬৪, ৬৭, বিনাধান-৫, ৬, ৮, ১০, এবং ১৪)",261.6,125.1,125.1,151.1,51.7,6.7,0.0,100.1
RAN_MITHAPUKUR,দুর্গাপুর,পলি মাটি,Rabi,মাঝারি উঁচু জমি,"ভূট্টা (বারি হাইব্রিড ভূট্টা-৩, ৫, ৬, ৭, ৮, ৯, ১০, ১১, ১২, ১৩, বারি মিষ্টি ভূট্টা-১)",408.1,352.7,352.7,201.1,198.1,13.3,2.3,100.1
RAN_MITHAPUKUR,দুর্গাপুর,পলি মাটি,Rabi,মাঝারি উঁচু জমি,"ভূট্টা (বারি-৫, ৬, ৭, খৈ-ভূট্টা এবং মোহর ভূট্টা)",245.3,212.6,212.6,121.1,118.6,9.4,2.1,100.1
RAN_MITHAPUKUR,দুর্গাপুর,পলি মাটি,Rabi,মাঝারি উঁচু জমি,"আলু (বারি-৬ (মুল্টা), ৭ (ডায়মন্ট), ৮ (কার্ডিনাল), ১৩ (গ্রান্ডনুলা), ১৭ (রাজা), ২৫, ২৮, ২৯, ৩০, ৩১, ৩৪ (লোরা), ৩৫, ৩৬, ৪০, ৪১, ৪৬, ৪৮, ৫৩, ৫৪ (মুসিকা), ৫৬, ৫৭, ৬২, ৬৩, ৬৬ (পামেলা), ৬৮ (আটলান্টিক), ৭০ (ডেশটিনি), ৭৪ (বাসেলোনা), ৭৫, ৭৬ এবং ৭৭)",245.3,177.6,177.6,226.1,57.1,15.2,2.3,100.1
RAN_MITHAPUKUR,দুর্গাপুর,পলি মাটি,Rabi,মাঝারি উঁচু জমি,"মিষ্টি আলু (তৃপ্তি, কমলা সুন্দরী, বারি-৩(দৌলতপুরী), বারি-৪, বারি-৫, বারি-৮, বারি-১০, বারি-১১, বারি-১২ এবং বারি-১৩)",218.2,212.6,212.6,201.1,62.3,10.0,2.3,100.1
RAN_MITHAPUKUR,দুর্গাপুর,পলি মাটি,Rabi,মাঝারি নিচু জমি,"বোরো (ব্রি ধান-২৯, ৫৮, ৫৯, ৬০, ৬৮, ৬৯, ৭৪, বিনা ধান-৬, ১৮, ব্রি হাইব্রিড ধান-২, ৩, এবং ৫)",326.7,142.6,142.6,267.1,71.9,14.4,0.0,0.0
RAN_MITHAPUKUR,দুর্গাপুর,পলি মাটি,Rabi,মাঝারি নিচু জমি,"বোরো (বি আর-১, বি আর-২, বি আর-৭, বি আর-১৫, ব্রি ধান-৩৬, বিনা ধান-৮ এবং বিনা ধান-১০)",218.2,107.5,107.5,176.1,49.5,8.9,0.0,0.0
RAN_MITHAPUKUR,দুর্গাপুর,পলি মাটি,Rabi,মাঝারি নিচু জমি,"বোরো (বি আর-১৪, ১৬, ১৭, ১৮, ১৯, ২৬, ব্রি ধান-২৮, ৪৫, ৪৭, ৫০, ৬১, ৬৩, ৬৪, ৬৭, বিনাধান-৫, ৬, ৮, ১০, এবং ১৪)",261.6,125.1,125.1,211.1,47.3,11.1,0.0,0.0
RAN_MITHAPUKUR,দুর্গাপুর,পলি মাটি,Rabi,নিচু জমি,"বোরো (ব্রি ধান-২৯, ৫৮, ৫৯, ৬০, ৬৮, ৬৯, ৭৪, বিনা ধান-৬, ১৮, ব্রি হাইব্রিড ধান-২, ৩, এবং ৫)",0.0,0.0,0.0,0.0,0.0,0.0,0.0,0.0
RAN_MITHAPUKUR,দুর্গাপুর,পলি মাটি,Rabi,নিচু জমি,"বোরো (বি আর-১, বি আর-২, বি আর-৭, বি আর-১৫, ব্রি ধান-৩৬, বিনা ধান-৮ এবং বিনা ধান-১০)",0.0,0.0,0.0,0.0,0.0,0.0,0.0,0.0
RAN_MITHAPUKUR,দুর্গাপুর,পলি মাটি,Rabi,নিচু জমি,"বোরো (বি আর-১৪, ১৬, ১৭, ১৮, ১৯, ২৬, ব্রি ধান-২৮, ৪৫, ৪৭, ৫০, ৬১, ৬৩, ৬৪, ৬৭, বিনাধান-৫, ৬, ৮, ১০, এবং ১৪)",0.0,0.0,0.0,0.0,0.0,0.0,0.0,0.0
SIR_ULLAHPARA,উল্লাপাড়া,পলি মাটি,Kharif-1,উঁচু জমি,"পাট (ও-৯৮৯৭, ওএম-১ এবং বিজেআরআই তোষাপাট-৪ (ও-৭২))",163.9,65.0,65.0,25.0,158.5,0.0,0.0,0.0
SIR_ULLAHPARA,উল্লাপাড়া,পলি মাটি,Kharif-1,উঁচু জমি,"মাসকলাই (বারি মাস-১, বারি মাস-২, বারি মাস-৩, বারি মাস-৪ এবং বিনা মাস-১)",33.7,65.0,65.0,6.0,61.2,0.0,0.0,0.0
SIR_ULLAHPARA,উল্লাপাড়া,পলি মাটি,Kharif-1,উঁচু জমি,"চীনাবাদাম (ঝিঙ্গা, ত্রিদানা, বারি চীনা বাদাম-৫, ৬, ৭, ৮, ৯, ১০, বিনা চীনা বাদাম-১, ২, ৩, ৪, ৫, ৬, ৭, ৮ এবং ৯)",66.2,152.6,152.6,15.0,236.4,0.0,2.1,0.0
SIR_ULLAHPARA,উল্লাপাড়া,পলি মাটি,Kharif-1,উঁচু জমি,"তিল (বারি তিল-২, ৩, ৪, বিনা তিল-১, ২, ৩ এবং ৪)",136.8,127.6,127.6,20.0,139.1,0.0,2.9,0.0
SIR_ULLAHPARA,উল্লাপাড়া,পলি মাটি,Kharif-1,উঁচু জমি,গিনি ঘাস,245.3,127.6,127.6,12.0,100.1,0.0,0.0,0.0
SIR_ULLAHPARA,উল্লাপাড়া,পলি মাটি,Kharif-1,উঁচু জমি,জাম্বু ঘাস,82.5,40.0,40.0,4.0,100.1,0.0,0.0,0.0
SIR_ULLAHPARA,উল্লাপাড়া,পলি মাটি,Kharif-1,উঁচু জমি,জার্মান ঘাস,191.0,127.6,127.6,11.0,100.1,0.0,0.0,0.0
SIR_ULLAHPARA,উল্লাপাড়া,পলি মাটি,Kharif-1,উঁচু জমি,ডাল ঘাস,272.5,127.6,127.6,11.0,100.1,0.0,0.0,0.0
SIR_ULLAHPARA,উল্লাপাড়া,পলি মাটি,Kharif-1,উঁচু জমি,"নেপিয়ার ঘাস (আইজিএফআরআই-৩, আইজিএফআরআই-৬, আইজিএফআরআই-৭, আইজিএফআরআই-১০, সিও-৩)",310.4,152.6,152.6,15.0,100.1,0.0,0.0,0.0
SIR_ULLAHPARA,উল্লাপাড়া,পলি মাটি,Kharif-1,উঁচু জমি,প্যারা ঘাস,218.2,127.6,127.6,11.0,100.1,0.0,0.0,0.0
SIR_ULLAHPARA,উল্লাপাড়া,পলি মাটি,Kharif-1,উঁচু জমি,"পেঁয়াজ (গ্রীষ্মকালীন) (বারি পিঁয়াজ-২,  বারি পিঁয়াজ-৩ এবং বারি পিঁয়াজ-৫)",136.8,127.6,127.6,20.0,158.5,0.0,1.5,0.0
SIR_ULLAHPARA,উল্লাপাড়া,পলি মাটি,Kharif-1,উঁচু জমি,"আউশ (বি আর-১, ২, ১৪, ১৬, ২৬, ব্রিধান-২৭, ৪৮ এবং বিনা ধান-১৯)",174.8,52.5,52.5,61.0,61.2,0.0,0.0,0.0
SIR_ULLAHPARA,উল্লাপাড়া,পলি মাটি,Kharif-1,উঁচু জমি,"আউশ রোপা (বি আর-৬, বি আর-৭, বি আর-২৪, ব্রি ধান-৬৫, ব্রি ধান-৪২, ৪৩)",120.5,52.5,52.5,46.0,61.2,0.0,0.0,0.0
SIR_ULLAHPARA,উল্লাপাড়া,পলি মাটি,Kharif-1,উঁচু জমি,"গম (বৃষ্টি নির্ভর)  (বারি-২৫, ২৭, ২৮, ২৯, ৩০, ৩১, ৩২, ৩৩, বারি ট্রাইটেকলি-১, ২ এবং বিনা-১)",82.5,65.0,65.0,12.0,49.0,0.0,1.5,0.0
SIR_ULLAHPARA,উল্লাপাড়া,পলি মাটি,Kharif-1,উঁচু জমি,"ভূট্টা (বারি হাইব্রিড ভূট্টা-৩, ৫, ৬, ৭, ৮, ৯, ১০, ১১, ১২, ১৩, বারি মিষ্টি ভূট্টা-১)",408.1,252.6,252.6,40.0,294.8,0.0,2.3,0.0
SIR_ULLAHPARA,উল্লাপাড়া,পলি মাটি,Kharif-1,উঁচু জমি,"ভূট্টা (বারি-৫, ৬, ৭, খৈ-ভূট্টা এবং মোহর ভূট্টা)",245.3,152.6,152.6,24.0,178.0,0.0,2.1,0.0
SIR_ULLAHPARA,উল্লাপাড়া,পলি মাটি,Kharif-1,মাঝারি উঁচু জমি,"পাট (ও-৯৮৯৭, ওএম-১ এবং বিজেআরআই তোষাপাট-৪ (ও-৭২))",98.8,90.0,90.0,126.1,109.7,4.4,0.0,0.0
SIR_ULLAHPARA,উল্লাপাড়া,পলি মাটি,Kharif-1,মাঝারি উঁচু জমি,"মাসকলাই (বারি মাস-১, বারি মাস-২, বারি মাস-৩, বারি মাস-৪ এবং বিনা মাস-১)",20.6,90.0,90.0,31.0,44.5,0.0,0.0,0.0
SIR_ULLAHPARA,উল্লাপাড়া,পলি মাটি,Kharif-1,মাঝারি উঁচু জমি,"চীনাবাদাম (ঝিঙ্গা, ত্রিদানা, বারি চীনা বাদাম-৫, ৬, ৭, ৮, ৯, ১০, বিনা চীনা বাদাম-১, ২, ৩, ৪, ৫, ৬, ৭, ৮ এবং ৯)",40.2,212.6,212.6,76.0,167.5,2.2,6.5,0.0
SIR_ULLAHPARA,উল্লাপাড়া,পলি মাটি,Kharif-1,মাঝারি উঁচু জমি,"তিল (বারি তিল-২, ৩, ৪, বিনা তিল-১, ২, ৩ এবং ৪)",82.5,177.6,177.6,101.0,97.3,2.8,9.1,0.0
SIR_ULLAHPARA,উল্লাপাড়া,পলি মাটি,Kharif-1,মাঝারি উঁচু জমি,"আউশ (বি আর-১, ২, ১৪, ১৬, ২৬, ব্রিধান-২৭, ৪৮ এবং বিনা ধান-১৯)",105.3,72.5,72.5,101.0,43.0,1.5,0.0,0.0
SIR_ULLAHPARA,উল্লাপাড়া,পলি মাটি,Kharif-1,মাঝারি উঁচু জমি,"আউশ রোপা (বি আর-৬, বি আর-৭, বি আর-২৪, ব্রি ধান-৬৫, ব্রি ধান-৪২, ৪৩)",72.7,72.5,72.5,76.0,43.2,1.3,0.0,0.0
SIR_ULLAHPARA,উল্লাপাড়া,পলি মাটি,Kharif-1,মাঝারি উঁচু জমি,"গম (বৃষ্টি নির্ভর)  (বারি-২৫, ২৭, ২৮, ২৯, ৩০, ৩১, ৩২, ৩৩, বারি ট্রাইটেকলি-১, ২ এবং বিনা-১)",49.9,90.0,90.0,61.0,35.0,0.0,4.7,0.0
SIR_ULLAHPARA,উল্লাপাড়া,পলি মাটি,Kharif-1,মাঝারি উঁচু জমি,"ভূট্টা (বারি হাইব্রিড ভূট্টা-৩, ৫, ৬, ৭, ৮, ৯, ১০, ১১, ১২, ১৩, বারি মিষ্টি ভূট্টা-১)",245.3,352.7,352.7,201.1,207.0,4.4,7.4,0.0
SIR_ULLAHPARA,উল্লাপাড়া,পলি মাটি,Kharif-1,মাঝারি উঁচু জমি,"ভূট্টা (বারি-৫, ৬, ৭, খৈ-ভূট্টা এবং মোহর ভূট্টা)",147.6,212.6,212.6,121.1,124.9,3.1,6.5,0.0
SIR_ULLAHPARA,উল্লাপাড়া,পলি মাটি,Kharif-2,উঁচু জমি,"আমন রোপা (বি আর-১১, ২২, ২৩, ব্রি ধান-৪০, ৪১, ৪৪, ৪৬, ৪৯, ৫১, ৫২, ৫৩, ৫৪, ৫৬, ৬২, ৬৬, ৭০, ৭১, ৭২, ৭৩, ৭৫, ৭৬, ৭৮, ৭৯, ৮০, ব্রি হাইব্রিড ধান-৪, ৬, বিনা ধান-৪, ৭, ১১, ১২, ১৫, ১৬, ১৭ এবং ২০)",163.9,65.0,65.0,76.0,80.7,0.0,0.0,0.0
SIR_ULLAHPARA,উল্লাপাড়া,পলি মাটি,Kharif-2,উঁচু জমি,"আমন রোপা (বি আর-২৫, ব্রি ধান-৩৩, ৩৪, ৩৭, ৩৮, ৩৯, ৫৬, ৫৭, বিনা ধান-১২ এবং ১৩)",131.3,52.5,52.5,61.0,61.2,0.0,0.0,0.0
SIR_ULLAHPARA,উল্লাপাড়া,পলি মাটি,Kharif-2,উঁচু জমি,"আমন রোপা (বি আর-৫, বিনা ধান-৯, কাঠারীভোগ, কালিজিরা, চিনিগুড়া)",98.8,40.0,40.0,46.0,61.2,0.0,0.0,0.0
SIR_ULLAHPARA,উল্লাপাড়া,পলি মাটি,Kharif-2,মাঝারি উঁচু জমি,"আমন রোপা (বি আর-১১, ২২, ২৩, ব্রি ধান-৪০, ৪১, ৪৪, ৪৬, ৪৯, ৫১, ৫২, ৫৩, ৫৪, ৫৬, ৬২, ৬৬, ৭০, ৭১, ৭২, ৭৩, ৭৫, ৭৬, ৭৮, ৭৯, ৮০, ব্রি হাইব্রিড ধান-৪, ৬, বিনা ধান-৪, ৭, ১১, ১২, ১৫, ১৬, ১৭ এবং ২০)",98.8,90.0,90.0,126.1,56.7,1.7,0.0,0.0
SIR_ULLAHPARA,উল্লাপাড়া,পলি মাটি,Kharif-2,মাঝারি উঁচু জমি,"আমন রোপা (বি আর-২৫, ব্রি ধান-৩৩, ৩৪, ৩৭, ৩৮, ৩৯, ৫৬, ৫৭, বিনা ধান-১২ এবং ১৩)",79.2,72.5,72.5,101.0,43.0,1.5,0.0,0.0
SIR_ULLAHPARA,উল্লাপাড়া,পলি মাটি,Kharif-2,মাঝারি উঁচু জমি,"আমন রোপা (বি আর-৫, বিনা ধান-৯, কাঠারীভোগ, কালিজিরা, চিনিগুড়া)",59.7,55.0,55.0,76.0,43.2,1.3,0.0,0.0
SIR_ULLAHPARA,উল্লাপাড়া,পলি মাটি,Rabi,উঁচু জমি,"খেসারী (বারি খেসারী-১, ২, ৩, ৪ এবং বিনা খেসারী-১)",28.2,65.0,65.0,6.0,61.2,0.0,0.0,0.0
SIR_ULLAHPARA,উল্লাপাড়া,পলি মাটি,Rabi,উঁচু জমি,"ছোলা (বারি ২, ৩, ৪, ৫, ৬, ৭, ৯, ১০, বিনা-৬, ৭, ৮, ৯, ১০ ইত্যাদি)",49.9,77.5,77.5,8.0,80.7,0.0,1.8,0.0
SIR_ULLAHPARA,উল্লাপাড়া,পলি মাটি,Rabi,উঁচু জমি,"মুগ (বারি মুগ-২, ৩, ৪, ৫, ৬, ৭, ৮, বিনা মুগ-৫, ৬, ৭, ৮, বারি মুগ-৯, বাউ মুগ-১, বিইউ মুগ-১, ২ এবং ৪)",33.7,77.5,77.5,8.0,80.7,0.0,1.8,0.0
SIR_ULLAHPARA,উল্লাপাড়া,পলি মাটি,Rabi,উঁচু জমি,"মসুর (বারি মসূর-৩, ৫, ৬, ৭, ৮, ৯ এবং ১০)",39.1,77.5,77.5,7.0,61.2,0.0,1.8,0.0
SIR_ULLAHPARA,উল্লাপাড়া,পলি মাটি,Rabi,উঁচু জমি,"চীনাবাদাম (ঝিঙ্গা, ত্রিদানা, বারি চীনা বাদাম-৫, ৬, ৭, ৮, ৯, ১০, বিনা চীনা বাদাম-১, ২, ৩, ৪, ৫, ৬, ৭, ৮ এবং ৯)",66.2,152.6,152.6,15.0,236.4,0.0,2.1,0.0
SIR_ULLAHPARA,উল্লাপাড়া,পলি মাটি,Rabi,উঁচু জমি,সূর্যমুখী (কিরনী এবং বারি সূর্যমুখী-২),191.0,152.6,152.6,28.0,158.5,0.0,2.3,0.0
SIR_ULLAHPARA,উল্লাপাড়া,পলি মাটি,Rabi,উঁচু জমি,"সরিষা (টরি-৭, বারি সরিষা-৯, ১৪, ১৫, সেফাল, অগ্রনী, বিনা সরিষা-৬, ৭, ৮)",163.9,115.0,115.0,20.0,100.1,0.0,1.5,0.0
SIR_ULLAHPARA,উল্লাপাড়া,পলি মাটি,Rabi,উঁচু জমি,"সরিষা (বারি সরিষা-৬, ৭, ৮, ১১, ১৩, ১৬, ১৭, বিনা সরিষা-৩, ৪, ৫, ৬, ৭, ৯, ১০ )",218.2,152.6,152.6,30.0,178.0,0.0,1.5,0.0
SIR_ULLAHPARA,উল্লাপাড়া,পলি মাটি,Rabi,উঁচু জমি,"পেঁয়াজ (বারি পিঁয়াজ-১, বারি পিঁয়াজ-২, বারি পিঁয়াজ-৩, বারি পিঁয়াজ-৪, বারি পিঁয়াজ-৫)",191.0,190.1,190.1,30.0,197.5,0.0,2.1,0.0
SIR_ULLAHPARA,উল্লাপাড়া,পলি মাটি,Rabi,উঁচু জমি,"রসুন (বারি রসুন-১, বারি রসুন-২, বাউ রসুন-২, বাউ রসুন-৩ এবং অন্যান্য)",207.3,202.6,202.6,30.0,195.3,2.2,9.1,0.0
SIR_ULLAHPARA,উল্লাপাড়া,পলি মাটি,Rabi,উঁচু জমি,"গম (সেচসহ) (বারি-২৫, ২৭, ২৮, ২৯, ৩০, ৩১, ৩২, ৩৩, বারি ট্রাইটেকলি-১, ২ এবং বিনা-১)",218.2,102.5,102.5,30.0,100.1,0.0,2.1,0.0
SIR_ULLAHPARA,উল্লাপাড়া,পলি মাটি,Rabi,উঁচু জমি,"বোরো (ব্রি ধান-২৯, ৫৮, ৫৯, ৬০, ৬৮, ৬৯, ৭৪, বিনা ধান-৬, ১৮, ব্রি হাইব্রিড ধান-২, ৩, এবং ৫)",326.7,102.5,102.5,115.0,119.6,0.0,0.0,0.0
SIR_ULLAHPARA,উল্লাপাড়া,পলি মাটি,Rabi,উঁচু জমি,"বোরো (বি আর-১, বি আর-২, বি আর-৭, বি আর-১৫, ব্রি ধান-৩৬, বিনা ধান-৮ এবং বিনা ধান-১০)",218.2,77.5,77.5,76.0,80.7,0.0,0.0,0.0
SIR_ULLAHPARA,উল্লাপাড়া,পলি মাটি,Rabi,উঁচু জমি,"বোরো (বি আর-১৪, ১৬, ১৭, ১৮, ১৯, ২৬, ব্রি ধান-২৮, ৪৫, ৪৭, ৫০, ৬১, ৬৩, ৬৪, ৬৭, বিনাধান-৫, ৬, ৮, ১০, এবং ১৪)",261.6,90.0,90.0,91.0,80.7,0.0,0.0,0.0
SIR_ULLAHPARA,উল্লাপাড়া,পলি মাটি,Rabi,উঁচু জমি,"ভূট্টা (বারি হাইব্রিড ভূট্টা-৩, ৫, ৬, ৭, ৮, ৯, ১০, ১১, ১২, ১৩, বারি মিষ্টি ভূট্টা-১)",408.1,252.6,252.6,40.0,294.8,0.0,2.3,0.0
SIR_ULLAHPARA,উল্লাপাড়া,পলি মাটি,Rabi,উঁচু জমি,"ভূট্টা (বারি-৫, ৬, ৭, খৈ-ভূট্টা এবং মোহর ভূট্টা)",245.3,152.6,152.6,24.0,178.0,0.0,2.1,0.0
SIR_ULLAHPARA,উল্লাপাড়া,পলি মাটি,Rabi,উঁচু জমি,"আলু (বারি-৬ (মুল্টা), ৭ (ডায়মন্ট), ৮ (কার্ডিনাল), ১৩ (গ্রান্ডনুলা), ১৭ (রাজা), ২৫, ২৮, ২৯, ৩০, ৩১, ৩৪ (লোরা), ৩৫, ৩৬, ৪০, ৪১, ৪৬, ৪৮, ৫৩, ৫৪ (মুসিকা), ৫৬, ৫৭, ৬২, ৬৩, ৬৬ (পামেলা), ৬৮ (আটলান্টিক), ৭০ (ডেশটিনি), ৭৪ (বাসেলোনা), ৭৫, ৭৬ এবং ৭৭)",245.3,127.6,127.6,45.0,100.1,0.0,2.3,0.0
SIR_ULLAHPARA,উল্লাপাড়া,পলি মাটি,Rabi,উঁচু জমি,"মিষ্টি আলু (তৃপ্তি, কমলা সুন্দরী, বারি-৩(দৌলতপুরী), বারি-৪, বারি-৫, বারি-৮, বারি-১০, বারি-১১, বারি-১২ এবং বারি-১৩)",218.2,152.6,152.6,40.0,100.1,0.0,2.3,0.0
SIR_ULLAHPARA,উল্লাপাড়া,পলি মাটি,Rabi,মাঝারি উঁচু জমি,"খেসারী (বারি খেসারী-১, ২, ৩, ৪ এবং বিনা খেসারী-১)",17.4,90.0,90.0,31.0,44.5,0.0,0.0,0.0
SIR_ULLAHPARA,উল্লাপাড়া,পলি মাটি,Rabi,মাঝারি উঁচু জমি,"ছোলা (বারি ২, ৩, ৪, ৫, ৬, ৭, ৯, ১০, বিনা-৬, ৭, ৮, ৯, ১০ ইত্যাদি)",30.4,107.5,107.5,41.0,56.2,2.2,5.6,0.0
SIR_ULLAHPARA,উল্লাপাড়া,পলি মাটি,Rabi,মাঝারি উঁচু জমি,"মুগ (বারি মুগ-২, ৩, ৪, ৫, ৬, ৭, ৮, বিনা মুগ-৫, ৬, ৭, ৮, বারি মুগ-৯, বাউ মুগ-১, বিইউ মুগ-১, ২ এবং ৪)",20.6,107.5,107.5,41.0,56.2,2.2,5.6,0.0
SIR_ULLAHPARA,উল্লাপাড়া,পলি মাটি,Rabi,মাঝারি উঁচু জমি,"মসুর (বারি মসূর-৩, ৫, ৬, ৭, ৮, ৯ এবং ১০)",23.9,107.5,107.5,36.0,42.3,2.2,5.6,0.0
SIR_ULLAHPARA,উল্লাপাড়া,পলি মাটি,Rabi,মাঝারি উঁচু জমি,"চীনাবাদাম (ঝিঙ্গা, ত্রিদানা, বারি চীনা বাদাম-৫, ৬, ৭, ৮, ৯, ১০, বিনা চীনা বাদাম-১, ২, ৩, ৪, ৫, ৬, ৭, ৮ এবং ৯)",40.2,212.6,212.6,76.0,167.5,2.2,6.5,0.0
SIR_ULLAHPARA,উল্লাপাড়া,পলি মাটি,Rabi,মাঝারি উঁচু জমি,সূর্যমুখী (কিরনী এবং বারি সূর্যমুখী-২),115.1,212.6,212.6,141.1,111.8,2.2,7.4,0.0
SIR_ULLAHPARA,উল্লাপাড়া,পলি মাটি,Rabi,মাঝারি উঁচু জমি,"সরিষা (টরি-৭, বারি সরিষা-৯, ১৪, ১৫, সেফাল, অগ্রনী, বিনা সরিষা-৬, ৭, ৮)",98.8,160.1,160.1,101.0,70.1,2.2,4.7,0.0
SIR_ULLAHPARA,উল্লাপাড়া,পলি মাটি,Rabi,মাঝারি উঁচু জমি,"সরিষা (বারি সরিষা-৬, ৭, ৮, ১১, ১৩, ১৬, ১৭, বিনা সরিষা-৩, ৪, ৫, ৬, ৭, ৯, ১০ )",131.3,212.6,212.6,151.1,124.7,3.3,7.6,0.0
SIR_ULLAHPARA,উল্লাপাড়া,পলি মাটি,Rabi,মাঝারি উঁচু জমি,"গম (সেচসহ) (বারি-২৫, ২৭, ২৮, ২৯, ৩০, ৩১, ৩২, ৩৩, বারি ট্রাইটেকলি-১, ২ এবং বিনা-১)",131.3,142.6,142.6,151.1,69.5,2.8,6.5,0.0
SIR_ULLAHPARA,উল্লাপাড়া,পলি মাটি,Rabi,মাঝারি উঁচু জমি,"বোরো (ব্রি ধান-২৯, ৫৮, ৫৯, ৬০, ৬৮, ৬৯, ৭৪, বিনা ধান-৬, ১৮, ব্রি হাইব্রিড ধান-২, ৩, এবং ৫)",196.5,142.6,142.6,191.1,83.4,2.8,0.0,0.0
SIR_ULLAHPARA,উল্লাপাড়া,পলি মাটি,Rabi,মাঝারি উঁচু জমি,"বোরো (বি আর-১, বি আর-২, বি আর-৭, বি আর-১৫, ব্রি ধান-৩৬, বিনা ধান-৮ এবং বিনা ধান-১০)",131.3,107.5,107.5,126.1,56.7,1.7,0.0,0.0
SIR_ULLAHPARA,উল্লাপাড়া,পলি মাটি,Rabi,মাঝারি উঁচু জমি,"বোরো (বি আর-১৪, ১৬, ১৭, ১৮, ১৯, ২৬, ব্রি ধান-২৮, ৪৫, ৪৭, ৫০, ৬১, ৬৩, ৬৪, ৬৭, বিনাধান-৫, ৬, ৮, ১০, এবং ১৪)",157.4,125.1,125.1,151.1,56.2,2.2,0.0,0.0
SIR_ULLAHPARA,উল্লাপাড়া,পলি মাটি,Rabi,মাঝারি উঁচু জমি,"ভূট্টা (বারি হাইব্রিড ভূট্টা-৩, ৫, ৬, ৭, ৮, ৯, ১০, ১১, ১২, ১৩, বারি মিষ্টি ভূট্টা-১)",245.3,352.7,352.7,201.1,207.0,4.4,7.4,0.0
SIR_ULLAHPARA,উল্লাপাড়া,পলি মাটি,Rabi,মাঝারি উঁচু জমি,"ভূট্টা (বারি-৫, ৬, ৭, খৈ-ভূট্টা এবং মোহর ভূট্টা)",147.6,212.6,212.6,121.1,124.9,3.1,6.5,0.0
SIR_ULLAHPARA,উল্লাপাড়া,পলি মাটি,Rabi,মাঝারি উঁচু জমি,"আলু (বারি-৬ (মুল্টা), ৭ (ডায়মন্ট), ৮ (কার্ডিনাল), ১৩ (গ্রান্ডনুলা), ১৭ (রাজা), ২৫, ২৮, ২৯, ৩০, ৩১, ৩৪ (লোরা), ৩৫, ৩৬, ৪০, ৪১, ৪৬, ৪৮, ৫৩, ৫৪ (মুসিকা), ৫৬, ৫৭, ৬২, ৬৩, ৬৬ (পামেলা), ৬৮ (আটলান্টিক), ৭০ (ডেশটিনি), ৭৪ (বাসেলোনা), ৭৫, ৭৬ এবং ৭৭)",147.6,177.6,177.6,226.1,68.0,4.4,7.1,0.0
SIR_ULLAHPARA,উল্লাপাড়া,পলি মাটি,Rabi,মাঝারি উঁচু জমি,"মিষ্টি আলু (তৃপ্তি, কমলা সুন্দরী, বারি-৩(দৌলতপুরী), বারি-৪, বারি-৫, বারি-৮, বারি-১০, বারি-১১, বারি-১২ এবং বারি-১৩)",131.3,212.6,212.6,201.1,69.0,3.3,7.4,0.0
SIR_ULLAHPARA,উল্লাপাড়া,পলি মাটি,Rabi,মাঝারি নিচু জমি,"বোরো (ব্রি ধান-২৯, ৫৮, ৫৯, ৬০, ৬৮, ৬৯, ৭৪, বিনা ধান-৬, ১৮, ব্রি হাইব্রিড ধান-২, ৩, এবং ৫)",326.7,102.5,102.5,267.1,86.2,0.0,0.0,0.0
SIR_ULLAHPARA,উল্লাপাড়া,পলি মাটি,Rabi,মাঝারি নিচু জমি,"বোরো (বি আর-১, বি আর-২, বি আর-৭, বি আর-১৫, ব্রি ধান-৩৬, বিনা ধান-৮ এবং বিনা ধান-১০)",218.2,77.5,77.5,176.1,58.4,0.0,0.0,0.0
SIR_ULLAHPARA,উল্লাপাড়া,পলি মাটি,Rabi,মাঝারি নিচু জমি,"বোরো (বি আর-১৪, ১৬, ১৭, ১৮, ১৯, ২৬, ব্রি ধান-২৮, ৪৫, ৪৭, ৫০, ৬১, ৬৩, ৬৪, ৬৭, বিনাধান-৫, ৬, ৮, ১০, এবং ১৪)",261.6,90.0,90.0,211.1,58.4,0.0,0.0,0.0
SIR_ULLAHPARA,উল্লাপাড়া,পলি মাটি,Rabi,নিচু জমি,"বোরো (ব্রি ধান-২৯, ৫৮, ৫৯, ৬০, ৬৮, ৬৯, ৭৪, বিনা ধান-৬, ১৮, ব্রি হাইব্রিড ধান-২, ৩, এবং ৫)",326.7,62.5,62.5,38.0,50.0,2.8,0.0,0.0
SIR_ULLAHPARA,উল্লাপাড়া,পলি মাটি,Rabi,নিচু জমি,"বোরো (বি আর-১, বি আর-২, বি আর-৭, বি আর-১৫, ব্রি ধান-৩৬, বিনা ধান-৮ এবং বিনা ধান-১০)",218.2,47.5,47.5,25.0,34.4,1.7,0.0,0.0
SIR_ULLAHPARA,উল্লাপাড়া,পলি মাটি,Rabi,নিচু জমি,"বোরো (বি আর-১৪, ১৬, ১৭, ১৮, ১৯, ২৬, ব্রি ধান-২৮, ৪৫, ৪৭, ৫০, ৬১, ৬৩, ৬৪, ৬৭, বিনাধান-৫, ৬, ৮, ১০, এবং ১৪)",261.6,55.0,55.0,30.0,34.0,2.2,0.0,0.0
SUN_DHARMAPASHA,সেলবরষ,পলি মাটি,Kharif-1,উঁচু জমি,"পাট (ও-৯৮৯৭, ওএম-১ এবং বিজেআরআই তোষাপাট-৪ (ও-৭২))",163.9,90.0,90.0,76.0,114.0,0.0,0.0,100.1
SUN_DHARMAPASHA,সেলবরষ,পলি মাটি,Kharif-1,উঁচু জমি,"মাসকলাই (বারি মাস-১, বারি মাস-২, বারি মাস-৩, বারি মাস-৪ এবং বিনা মাস-১)",33.7,90.0,90.0,19.0,44.5,0.0,0.0,100.1
SUN_DHARMAPASHA,সেলবরষ,পলি মাটি,Kharif-1,উঁচু জমি,"চীনাবাদাম (ঝিঙ্গা, ত্রিদানা, বারি চীনা বাদাম-৫, ৬, ৭, ৮, ৯, ১০, বিনা চীনা বাদাম-১, ২, ৩, ৪, ৫, ৬, ৭, ৮ এবং ৯)",66.2,212.6,212.6,46.0,169.7,0.0,6.5,100.1
SUN_DHARMAPASHA,সেলবরষ,পলি মাটি,Kharif-1,উঁচু জমি,"তিল (বারি তিল-২, ৩, ৪, বিনা তিল-১, ২, ৩ এবং ৪)",136.8,177.6,177.6,61.0,100.1,0.0,9.1,100.1
SUN_DHARMAPASHA,সেলবরষ,পলি মাটি,Kharif-1,উঁচু জমি,গিনি ঘাস,245.3,177.6,177.6,37.0,72.3,0.0,0.0,100.1
SUN_DHARMAPASHA,সেলবরষ,পলি মাটি,Kharif-1,উঁচু জমি,জাম্বু ঘাস,82.5,55.0,55.0,13.0,72.3,0.0,0.0,100.1
SUN_DHARMAPASHA,সেলবরষ,পলি মাটি,Kharif-1,উঁচু জমি,জার্মান ঘাস,191.0,177.6,177.6,34.0,72.3,0.0,0.0,100.1
SUN_DHARMAPASHA,সেলবরষ,পলি মাটি,Kharif-1,উঁচু জমি,ডাল ঘাস,272.5,177.6,177.6,34.0,72.3,0.0,0.0,100.1
SUN_DHARMAPASHA,সেলবরষ,পলি মাটি,Kharif-1,উঁচু জমি,"নেপিয়ার ঘাস (আইজিএফআরআই-৩, আইজিএফআরআই-৬, আইজিএফআরআই-৭, আইজিএফআরআই-১০, সিও-৩)",310.4,212.6,212.6,46.0,72.3,0.0,0.0,100.1
SUN_DHARMAPASHA,সেলবরষ,পলি মাটি,Kharif-1,উঁচু জমি,প্যারা ঘাস,218.2,177.6,177.6,34.0,72.3,0.0,0.0,100.1
SUN_DHARMAPASHA,সেলবরষ,পলি মাটি,Kharif-1,উঁচু জমি,"পেঁয়াজ (গ্রীষ্মকালীন) (বারি পিঁয়াজ-২,  বারি পিঁয়াজ-৩ এবং বারি পিঁয়াজ-৫)",136.8,177.6,177.6,61.0,114.0,0.0,4.7,100.1
SUN_DHARMAPASHA,সেলবরষ,পলি মাটি,Kharif-1,উঁচু জমি,"আউশ (বি আর-১, ২, ১৪, ১৬, ২৬, ব্রিধান-২৭, ৪৮ এবং বিনা ধান-১৯)",174.8,72.5,72.5,61.0,44.5,0.0,0.0,100.1
SUN_DHARMAPASHA,সেলবরষ,পলি মাটি,Kharif-1,উঁচু জমি,"আউশ রোপা (বি আর-৬, বি আর-৭, বি আর-২৪, ব্রি ধান-৬৫, ব্রি ধান-৪২, ৪৩)",120.5,72.5,72.5,46.0,44.5,0.0,0.0,100.1
SUN_DHARMAPASHA,সেলবরষ,পলি মাটি,Kharif-1,উঁচু জমি,"গম (বৃষ্টি নির্ভর)  (বারি-২৫, ২৭, ২৮, ২৯, ৩০, ৩১, ৩২, ৩৩, বারি ট্রাইটেকলি-১, ২ এবং বিনা-১)",82.5,90.0,90.0,37.0,35.0,0.0,4.7,100.1
SUN_DHARMAPASHA,সেলবরষ,পলি মাটি,Kharif-1,উঁচু জমি,"ভূট্টা (বারি হাইব্রিড ভূট্টা-৩, ৫, ৬, ৭, ৮, ৯, ১০, ১১, ১২, ১৩, বারি মিষ্টি ভূট্টা-১)",408.1,352.7,352.7,121.1,211.4,0.0,7.4,100.1
SUN_DHARMAPASHA,সেলবরষ,পলি মাটি,Kharif-1,উঁচু জমি,"ভূট্টা (বারি-৫, ৬, ৭, খৈ-ভূট্টা এবং মোহর ভূট্টা)",245.3,212.6,212.6,73.0,127.9,0.0,6.5,100.1
SUN_DHARMAPASHA,সেলবরষ,পলি মাটি,Kharif-1,মাঝারি উঁচু জমি,"পাট (ও-৯৮৯৭, ওএম-১ এবং বিজেআরআই তোষাপাট-৪ (ও-৭২))",163.9,65.0,65.0,126.1,22.2,0.0,0.0,100.1
SUN_DHARMAPASHA,সেলবরষ,পলি মাটি,Kharif-1,মাঝারি উঁচু জমি,"মাসকলাই (বারি মাস-১, বারি মাস-২, বারি মাস-৩, বারি মাস-৪ এবং বিনা মাস-১)",33.7,65.0,65.0,31.0,8.3,0.0,0.0,100.1
SUN_DHARMAPASHA,সেলবরষ,পলি মাটি,Kharif-1,মাঝারি উঁচু জমি,"চীনাবাদাম (ঝিঙ্গা, ত্রিদানা, বারি চীনা বাদাম-৫, ৬, ৭, ৮, ৯, ১০, বিনা চীনা বাদাম-১, ২, ৩, ৪, ৫, ৬, ৭, ৮ এবং ৯)",66.2,152.6,152.6,76.0,33.4,0.0,0.0,100.1
SUN_DHARMAPASHA,সেলবরষ,পলি মাটি,Kharif-1,মাঝারি উঁচু জমি,"তিল (বারি তিল-২, ৩, ৪, বিনা তিল-১, ২, ৩ এবং ৪)",136.8,127.6,127.6,101.0,19.5,0.0,0.0,100.1
SUN_DHARMAPASHA,সেলবরষ,পলি মাটি,Kharif-1,মাঝারি উঁচু জমি,"আউশ (বি আর-১, ২, ১৪, ১৬, ২৬, ব্রিধান-২৭, ৪৮ এবং বিনা ধান-১৯)",174.8,52.5,52.5,101.0,27.8,0.0,0.0,100.1
SUN_DHARMAPASHA,সেলবরষ,পলি মাটি,Kharif-1,মাঝারি উঁচু জমি,"আউশ রোপা (বি আর-৬, বি আর-৭, বি আর-২৪, ব্রি ধান-৬৫, ব্রি ধান-৪২, ৪৩)",120.5,52.5,52.5,76.0,27.8,0.0,0.0,100.1
SUN_DHARMAPASHA,সেলবরষ,পলি মাটি,Kharif-1,মাঝারি উঁচু জমি,"গম (বৃষ্টি নির্ভর)  (বারি-২৫, ২৭, ২৮, ২৯, ৩০, ৩১, ৩২, ৩৩, বারি ট্রাইটেকলি-১, ২ এবং বিনা-১)",82.5,65.0,65.0,61.0,7.0,0.0,0.0,100.1
SUN_DHARMAPASHA,সেলবরষ,পলি মাটি,Kharif-1,মাঝারি উঁচু জমি,"ভূট্টা (বারি হাইব্রিড ভূট্টা-৩, ৫, ৬, ৭, ৮, ৯, ১০, ১১, ১২, ১৩, বারি মিষ্টি ভূট্টা-১)",408.1,252.6,252.6,201.1,41.7,0.0,0.0,100.1
SUN_DHARMAPASHA,সেলবরষ,পলি মাটি,Kharif-1,মাঝারি উঁচু জমি,"ভূট্টা (বারি-৫, ৬, ৭, খৈ-ভূট্টা এবং মোহর ভূট্টা)",245.3,152.6,152.6,121.1,25.0,0.0,0.0,100.1
SUN_DHARMAPASHA,সেলবরষ,পলি মাটি,Kharif-2,উঁচু জমি,"আমন রোপা (বি আর-১১, ২২, ২৩, ব্রি ধান-৪০, ৪১, ৪৪, ৪৬, ৪৯, ৫১, ৫২, ৫৩, ৫৪, ৫৬, ৬২, ৬৬, ৭০, ৭১, ৭২, ৭৩, ৭৫, ৭৬, ৭৮, ৭৯, ৮০, ব্রি হাইব্রিড ধান-৪, ৬, বিনা ধান-৪, ৭, ১১, ১২, ১৫, ১৬, ১৭ এবং ২০)",163.9,90.0,90.0,76.0,58.4,0.0,0.0,100.1
SUN_DHARMAPASHA,সেলবরষ,পলি মাটি,Kharif-2,উঁচু জমি,"আমন রোপা (বি আর-২৫, ব্রি ধান-৩৩, ৩৪, ৩৭, ৩৮, ৩৯, ৫৬, ৫৭, বিনা ধান-১২ এবং ১৩)",131.3,72.5,72.5,61.0,44.5,0.0,0.0,100.1
SUN_DHARMAPASHA,সেলবরষ,পলি মাটি,Kharif-2,উঁচু জমি,"আমন রোপা (বি আর-৫, বিনা ধান-৯, কাঠারীভোগ, কালিজিরা, চিনিগুড়া)",98.8,55.0,55.0,46.0,44.5,0.0,0.0,100.1
SUN_DHARMAPASHA,সেলবরষ,পলি মাটি,Kharif-2,মাঝারি উঁচু জমি,"আমন রোপা (বি আর-১১, ২২, ২৩, ব্রি ধান-৪০, ৪১, ৪৪, ৪৬, ৪৯, ৫১, ৫২, ৫৩, ৫৪, ৫৬, ৬২, ৬৬, ৭০, ৭১, ৭২, ৭৩, ৭৫, ৭৬, ৭৮, ৭৯, ৮০, ব্রি হাইব্রিড ধান-৪, ৬, বিনা ধান-৪, ৭, ১১, ১২, ১৫, ১৬, ১৭ এবং ২০)",163.9,65.0,65.0,126.1,36.2,0.0,0.0,100.1
SUN_DHARMAPASHA,সেলবরষ,পলি মাটি,Kharif-2,মাঝারি উঁচু জমি,"আমন রোপা (বি আর-২৫, ব্রি ধান-৩৩, ৩৪, ৩৭, ৩৮, ৩৯, ৫৬, ৫৭, বিনা ধান-১২ এবং ১৩)",131.3,52.5,52.5,101.0,27.8,0.0,0.0,100.1
SUN_DHARMAPASHA,সেলবরষ,পলি মাটি,Kharif-2,মাঝারি উঁচু জমি,"আমন রোপা (বি আর-৫, বিনা ধান-৯, কাঠারীভোগ, কালিজিরা, চিনিগুড়া)",98.8,40.0,40.0,76.0,27.8,0.0,0.0,100.1
SUN_DHARMAPASHA,সেলবরষ,পলি মাটি,Rabi,উঁচু জমি,"খেসারী (বারি খেসারী-১, ২, ৩, ৪ এবং বিনা খেসারী-১)",28.2,90.0,90.0,19.0,44.5,0.0,0.0,100.1
SUN_DHARMAPASHA,সেলবরষ,পলি মাটি,Rabi,উঁচু জমি,"ছোলা (বারি ২, ৩, ৪, ৫, ৬, ৭, ৯, ১০, বিনা-৬, ৭, ৮, ৯, ১০ ইত্যাদি)",49.9,107.5,107.5,25.0,58.4,0.0,5.6,100.1
SUN_DHARMAPASHA,সেলবরষ,পলি মাটি,Rabi,উঁচু জমি,"মুগ (বারি মুগ-২, ৩, ৪, ৫, ৬, ৭, ৮, বিনা মুগ-৫, ৬, ৭, ৮, বারি মুগ-৯, বাউ মুগ-১, বিইউ মুগ-১, ২ এবং ৪)",33.7,107.5,107.5,25.0,58.4,0.0,5.6,100.1
SUN_DHARMAPASHA,সেলবরষ,পলি মাটি,Rabi,উঁচু জমি,"মসুর (বারি মসূর-৩, ৫, ৬, ৭, ৮, ৯ এবং ১০)",39.1,107.5,107.5,22.0,44.5,0.0,5.6,100.1
SUN_DHARMAPASHA,সেলবরষ,পলি মাটি,Rabi,উঁচু জমি,"চীনাবাদাম (ঝিঙ্গা, ত্রিদানা, বারি চীনা বাদাম-৫, ৬, ৭, ৮, ৯, ১০, বিনা চীনা বাদাম-১, ২, ৩, ৪, ৫, ৬, ৭, ৮ এবং ৯)",66.2,212.6,212.6,46.0,169.7,0.0,6.5,100.1
SUN_DHARMAPASHA,সেলবরষ,পলি মাটি,Rabi,উঁচু জমি,সূর্যমুখী (কিরনী এবং বারি সূর্যমুখী-২),191.0,212.6,212.6,85.0,114.0,0.0,7.4,100.1
SUN_DHARMAPASHA,সেলবরষ,পলি মাটি,Rabi,উঁচু জমি,"সরিষা (টরি-৭, বারি সরিষা-৯, ১৪, ১৫, সেফাল, অগ্রনী, বিনা সরিষা-৬, ৭, ৮)",163.9,160.1,160.1,61.0,72.3,0.0,4.7,100.1
SUN_DHARMAPASHA,সেলবরষ,পলি মাটি,Rabi,উঁচু জমি,"সরিষা (বারি সরিষা-৬, ৭, ৮, ১১, ১৩, ১৬, ১৭, বিনা সরিষা-৩, ৪, ৫, ৬, ৭, ৯, ১০ )",218.2,212.6,212.6,91.0,127.9,0.0,7.6,100.1
SUN_DHARMAPASHA,সেলবরষ,পলি মাটি,Rabi,উঁচু জমি,"পেঁয়াজ (বারি পিঁয়াজ-১, বারি পিঁয়াজ-২, বারি পিঁয়াজ-৩, বারি পিঁয়াজ-৪, বারি পিঁয়াজ-৫)",191.0,265.1,265.1,91.0,141.8,0.0,6.2,100.1
SUN_DHARMAPASHA,সেলবরষ,পলি মাটি,Rabi,উঁচু জমি,"রসুন (বারি রসুন-১, বারি রসুন-২, বাউ রসুন-২, বাউ রসুন-৩ এবং অন্যান্য)",207.3,282.6,282.6,91.0,139.7,2.2,15.0,100.1
SUN_DHARMAPASHA,সেলবরষ,পলি মাটি,Rabi,উঁচু জমি,"গম (সেচসহ) (বারি-২৫, ২৭, ২৮, ২৯, ৩০, ৩১, ৩২, ৩৩, বারি ট্রাইটেকলি-১, ২ এবং বিনা-১)",218.2,142.6,142.6,91.0,72.3,0.0,6.5,100.1
SUN_DHARMAPASHA,সেলবরষ,পলি মাটি,Rabi,উঁচু জমি,"বোরো (ব্রি ধান-২৯, ৫৮, ৫৯, ৬০, ৬৮, ৬৯, ৭৪, বিনা ধান-৬, ১৮, ব্রি হাইব্রিড ধান-২, ৩, এবং ৫)",326.7,142.6,142.6,115.0,86.2,0.0,0.0,100.1
SUN_DHARMAPASHA,সেলবরষ,পলি মাটি,Rabi,উঁচু জমি,"বোরো (বি আর-১, বি আর-২, বি আর-৭, বি আর-১৫, ব্রি ধান-৩৬, বিনা ধান-৮ এবং বিনা ধান-১০)",218.2,107.5,107.5,76.0,58.4,0.0,0.0,100.1
SUN_DHARMAPASHA,সেলবরষ,পলি মাটি,Rabi,উঁচু জমি,"বোরো (বি আর-১৪, ১৬, ১৭, ১৮, ১৯, ২৬, ব্রি ধান-২৮, ৪৫, ৪৭, ৫০, ৬১, ৬৩, ৬৪, ৬৭, বিনাধান-৫, ৬, ৮, ১০, এবং ১৪)",261.6,125.1,125.1,91.0,58.4,0.0,0.0,100.1
SUN_DHARMAPASHA,সেলবরষ,পলি মাটি,Rabi,উঁচু জমি,"ভূট্টা (বারি হাইব্রিড ভূট্টা-৩, ৫, ৬, ৭, ৮, ৯, ১০, ১১, ১২, ১৩, বারি মিষ্টি ভূট্টা-১)",408.1,352.7,352.7,121.1,211.4,0.0,7.4,100.1
SUN_DHARMAPASHA,সেলবরষ,পলি মাটি,Rabi,উঁচু জমি,"ভূট্টা (বারি-৫, ৬, ৭, খৈ-ভূট্টা এবং মোহর ভূট্টা)",245.3,212.6,212.6,73.0,127.9,0.0,6.5,100.1
SUN_DHARMAPASHA,সেলবরষ,পলি মাটি,Rabi,উঁচু জমি,"আলু (বারি-৬ (মুল্টা), ৭ (ডায়মন্ট), ৮ (কার্ডিনাল), ১৩ (গ্রান্ডনুলা), ১৭ (রাজা), ২৫, ২৮, ২৯, ৩০, ৩১, ৩৪ (লোরা), ৩৫, ৩৬, ৪০, ৪১, ৪৬, ৪৮, ৫৩, ৫৪ (মুসিকা), ৫৬, ৫৭, ৬২, ৬৩, ৬৬ (পামেলা), ৬৮ (আটলান্টিক), ৭০ (ডেশটিনি), ৭৪ (বাসেলোনা), ৭৫, ৭৬ এবং ৭৭)",245.3,177.6,177.6,136.1,72.3,0.0,7.1,100.1
SUN_DHARMAPASHA,সেলবরষ,পলি মাটি,Rabi,উঁচু জমি,"মিষ্টি আলু (তৃপ্তি, কমলা সুন্দরী, বারি-৩(দৌলতপুরী), বারি-৪, বারি-৫, বারি-৮, বারি-১০, বারি-১১, বারি-১২ এবং বারি-১৩)",218.2,212.6,212.6,121.1,72.3,0.0,7.4,100.1
SUN_DHARMAPASHA,সেলবরষ,পলি মাটি,Rabi,মাঝারি উঁচু জমি,"খেসারী (বারি খেসারী-১, ২, ৩, ৪ এবং বিনা খেসারী-১)",28.2,65.0,65.0,31.0,8.3,0.0,0.0,100.1
SUN_DHARMAPASHA,সেলবরষ,পলি মাটি,Rabi,মাঝারি উঁচু জমি,"ছোলা (বারি ২, ৩, ৪, ৫, ৬, ৭, ৯, ১০, বিনা-৬, ৭, ৮, ৯, ১০ ইত্যাদি)",49.9,77.5,77.5,41.0,11.1,0.0,0.0,100.1
SUN_DHARMAPASHA,সেলবরষ,পলি মাটি,Rabi,মাঝারি উঁচু জমি,"মুগ (বারি মুগ-২, ৩, ৪, ৫, ৬, ৭, ৮, বিনা মুগ-৫, ৬, ৭, ৮, বারি মুগ-৯, বাউ মুগ-১, বিইউ মুগ-১, ২ এবং ৪)",33.7,77.5,77.5,41.0,11.1,0.0,0.0,100.1
SUN_DHARMAPASHA,সেলবরষ,পলি মাটি,Rabi,মাঝারি উঁচু জমি,"মসুর (বারি মসূর-৩, ৫, ৬, ৭, ৮, ৯ এবং ১০)",39.1,77.5,77.5,36.0,8.3,0.0,0.0,100.1
SUN_DHARMAPASHA,সেলবরষ,পলি মাটি,Rabi,মাঝারি উঁচু জমি,"চীনাবাদাম (ঝিঙ্গা, ত্রিদানা, বারি চীনা বাদাম-৫, ৬, ৭, ৮, ৯, ১০, বিনা চীনা বাদাম-১, ২, ৩, ৪, ৫, ৬, ৭, ৮ এবং ৯)",66.2,152.6,152.6,76.0,33.4,0.0,0.0,100.1
SUN_DHARMAPASHA,সেলবরষ,পলি মাটি,Rabi,মাঝারি উঁচু জমি,সূর্যমুখী (কিরনী এবং বারি সূর্যমুখী-২),191.0,152.6,152.6,141.1,22.2,0.0,0.0,100.1
SUN_DHARMAPASHA,সেলবরষ,পলি মাটি,Rabi,মাঝারি উঁচু জমি,"সরিষা (টরি-৭, বারি সরিষা-৯, ১৪, ১৫, সেফাল, অগ্রনী, বিনা সরিষা-৬, ৭, ৮)",163.9,115.0,115.0,101.0,13.9,0.0,0.0,100.1
SUN_DHARMAPASHA,সেলবরষ,পলি মাটি,Rabi,মাঝারি উঁচু জমি,"সরিষা (বারি সরিষা-৬, ৭, ৮, ১১, ১৩, ১৬, ১৭, বিনা সরিষা-৩, ৪, ৫, ৬, ৭, ৯, ১০ )",218.2,152.6,152.6,151.1,25.0,0.0,0.0,100.1
SUN_DHARMAPASHA,সেলবরষ,পলি মাটি,Rabi,মাঝারি উঁচু জমি,"গম (সেচসহ) (বারি-২৫, ২৭, ২৮, ২৯, ৩০, ৩১, ৩২, ৩৩, বারি ট্রাইটেকলি-১, ২ এবং বিনা-১)",218.2,102.5,102.5,151.1,13.9,0.0,0.0,100.1
SUN_DHARMAPASHA,সেলবরষ,পলি মাটি,Rabi,মাঝারি উঁচু জমি,"বোরো (ব্রি ধান-২৯, ৫৮, ৫৯, ৬০, ৬৮, ৬৯, ৭৪, বিনা ধান-৬, ১৮, ব্রি হাইব্রিড ধান-২, ৩, এবং ৫)",326.7,102.5,102.5,191.1,52.8,0.0,0.0,100.1
SUN_DHARMAPASHA,সেলবরষ,পলি মাটি,Rabi,মাঝারি উঁচু জমি,"বোরো (বি আর-১, বি আর-২, বি আর-৭, বি আর-১৫, ব্রি ধান-৩৬, বিনা ধান-৮ এবং বিনা ধান-১০)",218.2,77.5,77.5,126.1,36.2,0.0,0.0,100.1
SUN_DHARMAPASHA,সেলবরষ,পলি মাটি,Rabi,মাঝারি উঁচু জমি,"বোরো (বি আর-১৪, ১৬, ১৭, ১৮, ১৯, ২৬, ব্রি ধান-২৮, ৪৫, ৪৭, ৫০, ৬১, ৬৩, ৬৪, ৬৭, বিনাধান-৫, ৬, ৮, ১০, এবং ১৪)",261.6,90.0,90.0,151.1,36.2,0.0,0.0,100.1
SUN_DHARMAPASHA,সেলবরষ,পলি মাটি,Rabi,মাঝারি উঁচু জমি,"ভূট্টা (বারি হাইব্রিড ভূট্টা-৩, ৫, ৬, ৭, ৮, ৯, ১০, ১১, ১২, ১৩, বারি মিষ্টি ভূট্টা-১)",408.1,252.6,252.6,201.1,41.7,0.0,0.0,100.1
SUN_DHARMAPASHA,সেলবরষ,পলি মাটি,Rabi,মাঝারি উঁচু জমি,"ভূট্টা (বারি-৫, ৬, ৭, খৈ-ভূট্টা এবং মোহর ভূট্টা)",245.3,152.6,152.6,121.1,25.0,0.0,0.0,100.1
SUN_DHARMAPASHA,সেলবরষ,পলি মাটি,Rabi,মাঝারি উঁচু জমি,"আলু (বারি-৬ (মুল্টা), ৭ (ডায়মন্ট), ৮ (কার্ডিনাল), ১৩ (গ্রান্ডনুলা), ১৭ (রাজা), ২৫, ২৮, ২৯, ৩০, ৩১, ৩৪ (লোরা), ৩৫, ৩৬, ৪০, ৪১, ৪৬, ৪৮, ৫৩, ৫৪ (মুসিকা), ৫৬, ৫৭, ৬২, ৬৩, ৬৬ (পামেলা), ৬৮ (আটলান্টিক), ৭০ (ডেশটিনি), ৭৪ (বাসেলোনা), ৭৫, ৭৬ এবং ৭৭)",245.3,127.6,127.6,226.1,13.9,0.0,0.0,100.1
SUN_DHARMAPASHA,সেলবরষ,পলি মাটি,Rabi,মাঝারি উঁচু জমি,"মিষ্টি আলু (তৃপ্তি, কমলা সুন্দরী, বারি-৩(দৌলতপুরী), বারি-৪, বারি-৫, বারি-৮, বারি-১০, বারি-১১, বারি-১২ এবং বারি-১৩)",218.2,152.6,152.6,201.1,13.9,0.0,0.0,100.1
SUN_DHARMAPASHA,সেলবরষ,পলি মাটি,Rabi,মাঝারি নিচু জমি,"বোরো (ব্রি ধান-২৯, ৫৮, ৫৯, ৬০, ৬৮, ৬৯, ৭৪, বিনা ধান-৬, ১৮, ব্রি হাইব্রিড ধান-২, ৩, এবং ৫)",196.5,102.5,102.5,38.0,16.7,0.0,0.0,100.1
SUN_DHARMAPASHA,সেলবরষ,পলি মাটি,Rabi,মাঝারি নিচু জমি,"বোরো (বি আর-১, বি আর-২, বি আর-৭, বি আর-১৫, ব্রি ধান-৩৬, বিনা ধান-৮ এবং বিনা ধান-১০)",131.3,77.5,77.5,25.0,11.1,0.0,0.0,100.1
SUN_DHARMAPASHA,সেলবরষ,পলি মাটি,Rabi,মাঝারি নিচু জমি,"বোরো (বি আর-১৪, ১৬, ১৭, ১৮, ১৯, ২৬, ব্রি ধান-২৮, ৪৫, ৪৭, ৫০, ৬১, ৬৩, ৬৪, ৬৭, বিনাধান-৫, ৬, ৮, ১০, এবং ১৪)",157.4,90.0,90.0,30.0,11.1,0.0,0.0,100.1
SUN_DHARMAPASHA,সেলবরষ,পলি মাটি,Rabi,নিচু জমি,"বোরো (ব্রি ধান-২৯, ৫৮, ৫৯, ৬০, ৬৮, ৬৯, ৭৪, বিনা ধান-৬, ১৮, ব্রি হাইব্রিড ধান-২, ৩, এবং ৫)",196.5,142.6,142.6,115.0,52.8,0.0,0.0,100.1
SUN_DHARMAPASHA,সেলবরষ,পলি মাটি,Rabi,নিচু জমি,"বোরো (বি আর-১, বি আর-২, বি আর-৭, বি আর-১৫, ব্রি ধান-৩৬, বিনা ধান-৮ এবং বিনা ধান-১০)",131.3,107.5,107.5,76.0,36.2,0.0,0.0,100.1
SUN_DHARMAPASHA,সেলবরষ,পলি মাটি,Rabi,নিচু জমি,"বোরো (বি আর-১৪, ১৬, ১৭, ১৮, ১৯, ২৬, ব্রি ধান-২৮, ৪৫, ৪৭, ৫০, ৬১, ৬৩, ৬৪, ৬৭, বিনাধান-৫, ৬, ৮, ১০, এবং ১৪)",157.4,125.1,125.1,91.0,36.2,0.0,0.0,100.1
