crop,season,sown,harvest,crop_water_use_mm,rain_mm,net_irrigation_mm,heat_days
Lentil (BARI Masur-8),2001-02,2001-11-10,2002-03-01,275,19,219,
Mustard (BARI Sarisha-14),2001-02,2001-11-10,2002-01-28,176,14,120,
"Wheat (BARI Gom 33), sown 20 Nov",2001-02,2001-11-20,2002-03-04,273,22,218,18.0
"Wheat (BARI Gom 33), sown 10 Dec",2001-02,2001-12-10,2002-03-24,330,22,275,30.0
Maize (hybrid),2001-02,2001-11-25,2002-04-18,522,154,370,
Boro (BRRI dhan28),2001-02,2002-02-01,2002-05-14,599,234,719,12.0
Lentil (BARI Masur-8),2002-03,2002-11-10,2003-03-01,258,49,180,
Mustard (BARI Sarisha-14),2002-03,2002-11-10,2003-01-28,173,22,108,
"Wheat (BARI Gom 33), sown 20 Nov",2002-03,2002-11-20,2003-03-04,255,30,192,7.0
"Wheat (BARI Gom 33), sown 10 Dec",2002-03,2002-12-10,2003-03-24,300,97,188,16.0
Maize (hybrid),2002-03,2002-11-25,2003-04-18,488,125,357,
Boro (BRRI dhan28),2002-03,2003-02-01,2003-05-14,571,182,743,15.0
Lentil (BARI Masur-8),2003-04,2003-11-10,2004-02-29,267,22,213,
Mustard (BARI Sarisha-14),2003-04,2003-11-10,2004-01-28,175,21,121,
"Wheat (BARI Gom 33), sown 20 Nov",2003-04,2003-11-20,2004-03-03,265,22,211,11.0
"Wheat (BARI Gom 33), sown 10 Dec",2003-04,2003-12-10,2004-03-23,323,30,268,29.0
Maize (hybrid),2003-04,2003-11-25,2004-04-17,538,35,484,
Boro (BRRI dhan28),2003-04,2004-02-01,2004-05-13,630,94,889,10.0
Lentil (BARI Masur-8),2004-05,2004-11-10,2005-03-01,254,23,199,
Mustard (BARI Sarisha-14),2004-05,2004-11-10,2005-01-28,159,15,104,
"Wheat (BARI Gom 33), sown 20 Nov",2004-05,2004-11-20,2005-03-04,255,23,200,19.0
"Wheat (BARI Gom 33), sown 10 Dec",2004-05,2004-12-10,2005-03-24,317,71,231,27.0
Maize (hybrid),2004-05,2004-11-25,2005-04-18,509,109,392,
Boro (BRRI dhan28),2004-05,2005-02-01,2005-05-14,593,177,770,14.0
Lentil (BARI Masur-8),2005-06,2005-11-10,2006-03-01,250,2,200,
Mustard (BARI Sarisha-14),2005-06,2005-11-10,2006-01-28,163,2,113,
"Wheat (BARI Gom 33), sown 20 Nov",2005-06,2005-11-20,2006-03-04,247,4,197,18.0
"Wheat (BARI Gom 33), sown 10 Dec",2005-06,2005-12-10,2006-03-24,300,10,250,27.0
Maize (hybrid),2005-06,2005-11-25,2006-04-18,497,51,420,
Boro (BRRI dhan28),2005-06,2006-02-01,2006-05-14,575,179,750,10.0
Lentil (BARI Masur-8),2006-07,2006-11-10,2007-03-01,269,62,177,
Mustard (BARI Sarisha-14),2006-07,2006-11-10,2007-01-28,188,7,138,
"Wheat (BARI Gom 33), sown 20 Nov",2006-07,2006-11-20,2007-03-04,260,57,169,3.0
"Wheat (BARI Gom 33), sown 10 Dec",2006-07,2006-12-10,2007-03-24,300,77,194,19.0
Maize (hybrid),2006-07,2006-11-25,2007-04-18,510,90,400,
Boro (BRRI dhan28),2006-07,2007-02-01,2007-05-14,584,217,722,11.0
Lentil (BARI Masur-8),2007-08,2007-11-10,2008-02-29,232,36,167,
Mustard (BARI Sarisha-14),2007-08,2007-11-10,2008-01-28,165,28,100,
"Wheat (BARI Gom 33), sown 20 Nov",2007-08,2007-11-20,2008-03-03,222,36,157,0.0
"Wheat (BARI Gom 33), sown 10 Dec",2007-08,2007-12-10,2008-03-23,259,44,193,17.0
Maize (hybrid),2007-08,2007-11-25,2008-04-17,449,84,356,
Boro (BRRI dhan28),2007-08,2008-02-01,2008-05-13,563,122,795,11.0
Lentil (BARI Masur-8),2008-09,2008-11-10,2009-03-01,268,9,218,
Mustard (BARI Sarisha-14),2008-09,2008-11-10,2009-01-28,165,4,115,
"Wheat (BARI Gom 33), sown 20 Nov",2008-09,2008-11-20,2009-03-04,269,9,219,16.0
"Wheat (BARI Gom 33), sown 10 Dec",2008-09,2008-12-10,2009-03-24,335,30,278,30.0
Maize (hybrid),2008-09,2008-11-25,2009-04-18,535,46,472,
Boro (BRRI dhan28),2008-09,2009-02-01,2009-05-14,628,83,899,15.0
Lentil (BARI Masur-8),2009-10,2009-11-10,2010-03-01,263,9,213,
Mustard (BARI Sarisha-14),2009-10,2009-11-10,2010-01-28,165,4,115,
"Wheat (BARI Gom 33), sown 20 Nov",2009-10,2009-11-20,2010-03-04,263,9,213,8.0
"Wheat (BARI Gom 33), sown 10 Dec",2009-10,2009-12-10,2010-03-24,335,29,269,28.0
Maize (hybrid),2009-10,2009-11-25,2010-04-18,564,67,468,
Boro (BRRI dhan28),2009-10,2010-02-01,2010-05-14,659,93,920,15.0
Lentil (BARI Masur-8),2010-11,2010-11-10,2011-03-01,279,25,220,
Mustard (BARI Sarisha-14),2010-11,2010-11-10,2011-01-28,181,17,122,
"Wheat (BARI Gom 33), sown 20 Nov",2010-11,2010-11-20,2011-03-04,275,25,217,11.0
"Wheat (BARI Gom 33), sown 10 Dec",2010-11,2010-12-10,2011-03-24,348,19,291,28.0
Maize (hybrid),2010-11,2010-11-25,2011-04-18,545,95,436,
Boro (BRRI dhan28),2010-11,2011-02-01,2011-05-14,601,134,821,10.0
Lentil (BARI Masur-8),2011-12,2011-11-10,2012-02-29,274,15,219,
Mustard (BARI Sarisha-14),2011-12,2011-11-10,2012-01-28,168,12,113,
"Wheat (BARI Gom 33), sown 20 Nov",2011-12,2011-11-20,2012-03-03,275,15,220,11.0
"Wheat (BARI Gom 33), sown 10 Dec",2011-12,2011-12-10,2012-03-23,344,16,289,30.0
Maize (hybrid),2011-12,2011-11-25,2012-04-17,545,93,436,
Boro (BRRI dhan28),2011-12,2012-02-01,2012-05-13,645,109,890,8.0
Lentil (BARI Masur-8),2012-13,2012-11-10,2013-03-01,335,22,274,
Mustard (BARI Sarisha-14),2012-13,2012-11-10,2013-01-28,205,1,155,
"Wheat (BARI Gom 33), sown 20 Nov",2012-13,2012-11-20,2013-03-04,335,22,275,18.0
"Wheat (BARI Gom 33), sown 10 Dec",2012-13,2012-12-10,2013-03-24,397,24,337,30.0
Maize (hybrid),2012-13,2012-11-25,2013-04-18,635,29,574,
Boro (BRRI dhan28),2012-13,2013-02-01,2013-05-14,671,85,940,11.0
Lentil (BARI Masur-8),2013-14,2013-11-10,2014-03-01,268,46,191,
Mustard (BARI Sarisha-14),2013-14,2013-11-10,2014-01-28,170,2,120,
"Wheat (BARI Gom 33), sown 20 Nov",2013-14,2013-11-20,2014-03-04,260,49,183,2.0
"Wheat (BARI Gom 33), sown 10 Dec",2013-14,2013-12-10,2014-03-24,311,51,234,17.0
Maize (hybrid),2013-14,2013-11-25,2014-04-18,528,75,435,
Boro (BRRI dhan28),2013-14,2014-02-01,2014-05-14,647,121,880,15.0
Lentil (BARI Masur-8),2014-15,2014-11-10,2015-03-01,285,27,221,
Mustard (BARI Sarisha-14),2014-15,2014-11-10,2015-01-28,189,5,139,
"Wheat (BARI Gom 33), sown 20 Nov",2014-15,2014-11-20,2015-03-04,279,29,215,12.0
"Wheat (BARI Gom 33), sown 10 Dec",2014-15,2014-12-10,2015-03-24,347,29,283,27.0
Maize (hybrid),2014-15,2014-11-25,2015-04-18,546,135,398,
Boro (BRRI dhan28),2014-15,2015-02-01,2015-05-14,582,249,687,7.0
Lentil (BARI Masur-8),2015-16,2015-11-10,2016-02-29,267,36,195,
Mustard (BARI Sarisha-14),2015-16,2015-11-10,2016-01-28,174,29,102,
"Wheat (BARI Gom 33), sown 20 Nov",2015-16,2015-11-20,2016-03-03,265,35,193,19.0
"Wheat (BARI Gom 33), sown 10 Dec",2015-16,2015-12-10,2016-03-23,326,56,240,29.0
Maize (hybrid),2015-16,2015-11-25,2016-04-17,536,123,401,
Boro (BRRI dhan28),2015-16,2016-02-01,2016-05-13,649,163,840,15.0
Lentil (BARI Masur-8),2016-17,2016-11-10,2017-03-01,267,5,217,
Mustard (BARI Sarisha-14),2016-17,2016-11-10,2017-01-28,172,4,122,
"Wheat (BARI Gom 33), sown 20 Nov",2016-17,2016-11-20,2017-03-04,264,18,206,14.0
"Wheat (BARI Gom 33), sown 10 Dec",2016-17,2016-12-10,2017-03-24,313,54,231,23.0
Maize (hybrid),2016-17,2016-11-25,2017-04-18,510,72,423,
Boro (BRRI dhan28),2016-17,2017-02-01,2017-05-14,548,211,691,10.0
Lentil (BARI Masur-8),2017-18,2017-11-10,2018-03-01,237,31,177,
Mustard (BARI Sarisha-14),2017-18,2017-11-10,2018-01-28,156,19,96,
"Wheat (BARI Gom 33), sown 20 Nov",2017-18,2017-11-20,2018-03-04,233,27,173,6.0
"Wheat (BARI Gom 33), sown 10 Dec",2017-18,2017-12-10,2018-03-24,285,19,235,26.0
Maize (hybrid),2017-18,2017-11-25,2018-04-18,456,120,329,
Boro (BRRI dhan28),2017-18,2018-02-01,2018-05-14,492,249,597,1.0
Lentil (BARI Masur-8),2018-19,2018-11-10,2019-03-01,292,59,207,
Mustard (BARI Sarisha-14),2018-19,2018-11-10,2019-01-28,193,18,130,
"Wheat (BARI Gom 33), sown 20 Nov",2018-19,2018-11-20,2019-03-04,286,61,201,9.0
"Wheat (BARI Gom 33), sown 10 Dec",2018-19,2018-12-10,2019-03-24,336,64,251,19.0
Maize (hybrid),2018-19,2018-11-25,2019-04-18,536,138,401,
Boro (BRRI dhan28),2018-19,2019-02-01,2019-05-14,605,190,768,11.0
Lentil (BARI Masur-8),2019-20,2019-11-10,2020-02-29,213,28,157,
Mustard (BARI Sarisha-14),2019-20,2019-11-10,2020-01-28,144,17,88,
"Wheat (BARI Gom 33), sown 20 Nov",2019-20,2019-11-20,2020-03-03,205,31,148,0.0
"Wheat (BARI Gom 33), sown 10 Dec",2019-20,2019-12-10,2020-03-23,235,53,171,6.0
Maize (hybrid),2019-20,2019-11-25,2020-04-17,414,72,343,
Boro (BRRI dhan28),2019-20,2020-02-01,2020-05-13,468,223,599,9.0
Lentil (BARI Masur-8),2020-21,2020-11-10,2021-03-01,230,2,180,
Mustard (BARI Sarisha-14),2020-21,2020-11-10,2021-01-28,145,1,95,
"Wheat (BARI Gom 33), sown 20 Nov",2020-21,2020-11-20,2021-03-04,227,2,177,9.0
"Wheat (BARI Gom 33), sown 10 Dec",2020-21,2020-12-10,2021-03-24,284,3,234,29.0
Maize (hybrid),2020-21,2020-11-25,2021-04-18,490,4,440,
Boro (BRRI dhan28),2020-21,2021-02-01,2021-05-14,582,135,800,15.0
Lentil (BARI Masur-8),2021-22,2021-11-10,2022-03-01,213,54,137,
Mustard (BARI Sarisha-14),2021-22,2021-11-10,2022-01-28,145,17,91,
"Wheat (BARI Gom 33), sown 20 Nov",2021-22,2021-11-20,2022-03-04,209,54,132,0.0
"Wheat (BARI Gom 33), sown 10 Dec",2021-22,2021-12-10,2022-03-24,264,53,188,19.0
Maize (hybrid),2021-22,2021-11-25,2022-04-18,464,71,374,
Boro (BRRI dhan28),2021-22,2022-02-01,2022-05-14,561,175,740,13.0
Lentil (BARI Masur-8),2022-23,2022-11-10,2023-03-01,273,2,223,
Mustard (BARI Sarisha-14),2022-23,2022-11-10,2023-01-28,171,0,121,
"Wheat (BARI Gom 33), sown 20 Nov",2022-23,2022-11-20,2023-03-04,270,2,220,15.0
"Wheat (BARI Gom 33), sown 10 Dec",2022-23,2022-12-10,2023-03-24,319,54,233,25.0
Maize (hybrid),2022-23,2022-11-25,2023-04-18,501,63,415,
Boro (BRRI dhan28),2022-23,2023-02-01,2023-05-14,564,112,805,15.0
Lentil (BARI Masur-8),2023-24,2023-11-10,2024-02-29,219,45,148,
Mustard (BARI Sarisha-14),2023-24,2023-11-10,2024-01-28,146,31,75,
"Wheat (BARI Gom 33), sown 20 Nov",2023-24,2023-11-20,2024-03-03,211,49,141,1.0
"Wheat (BARI Gom 33), sown 10 Dec",2023-24,2023-12-10,2024-03-23,258,48,194,10.0
Maize (hybrid),2023-24,2023-11-25,2024-04-17,439,80,355,
Boro (BRRI dhan28),2023-24,2024-02-01,2024-05-13,594,87,861,14.0
Lentil (BARI Masur-8),2024-25,2024-11-10,2025-03-01,231,2,181,
Mustard (BARI Sarisha-14),2024-25,2024-11-10,2025-01-28,147,0,97,
"Wheat (BARI Gom 33), sown 20 Nov",2024-25,2024-11-20,2025-03-04,229,2,179,6.0
"Wheat (BARI Gom 33), sown 10 Dec",2024-25,2024-12-10,2025-03-24,285,16,228,21.0
Maize (hybrid),2024-25,2024-11-25,2025-04-18,469,70,379,
Boro (BRRI dhan28),2024-25,2025-02-01,2025-05-14,551,82,823,3.0
