source,area,unit,annual_trend_per_year,annual_p,dry_season_trend_per_year,dry_season_p,change_2003_07_to_2021_25
GRACE/GRACE-FO total water storage,bangladesh,cm,-0.4,0.002,-0.45,0.007,-7.1
GRACE/GRACE-FO total water storage,nw_barind,cm,-0.42,0.049,-0.29,0.16,-7.0
GRACE/GRACE-FO total water storage,ne_haor,cm,0.31,0.075,0.39,0.129,7.9
GLDAS-2.2 groundwater (GRACE-assimilated),ADM2_Bagerhat,mm,-1.7,0.127,-0.6,0.53,-43.0
GLDAS-2.2 groundwater (GRACE-assimilated),ADM2_Bandarban,mm,-2.1,0.016,-0.6,0.038,-35.0
GLDAS-2.2 groundwater (GRACE-assimilated),ADM2_Barguna,mm,-0.5,0.227,-0.6,0.127,-13.0
GLDAS-2.2 groundwater (GRACE-assimilated),ADM2_Barisal,mm,-1.9,0.009,-1.2,0.057,-43.0
GLDAS-2.2 groundwater (GRACE-assimilated),ADM2_Bhola,mm,-0.6,0.53,-0.8,0.294,-10.0
GLDAS-2.2 groundwater (GRACE-assimilated),ADM2_Bogra,mm,-6.0,0.001,-5.4,0.003,-113.0
GLDAS-2.2 groundwater (GRACE-assimilated),ADM2_Brahamanbaria,mm,-4.5,0.001,-2.8,0.038,-91.0
GLDAS-2.2 groundwater (GRACE-assimilated),ADM2_Chandpur,mm,-3.4,0.007,-2.7,0.044,-74.0
GLDAS-2.2 groundwater (GRACE-assimilated),ADM2_Chittagong,mm,-0.8,0.294,-0.3,0.794,-22.0
GLDAS-2.2 groundwater (GRACE-assimilated),ADM2_Chuadanga,mm,-4.5,0.0,-1.7,0.072,-87.0
GLDAS-2.2 groundwater (GRACE-assimilated),ADM2_Comilla,mm,-4.7,0.001,-3.0,0.033,-104.0
GLDAS-2.2 groundwater (GRACE-assimilated),ADM2_CoxsBazar,mm,-1.6,0.016,-0.5,0.373,-24.0
GLDAS-2.2 groundwater (GRACE-assimilated),ADM2_Dhaka,mm,-2.6,0.014,-2.5,0.022,-55.0
GLDAS-2.2 groundwater (GRACE-assimilated),ADM2_Dinajpur,mm,-5.7,0.0,-7.0,0.0,-105.0
GLDAS-2.2 groundwater (GRACE-assimilated),ADM2_Faridpur,mm,-5.5,0.0,-2.3,0.01,-106.0
GLDAS-2.2 groundwater (GRACE-assimilated),ADM2_Feni,mm,-4.8,0.001,-2.9,0.014,-107.0
GLDAS-2.2 groundwater (GRACE-assimilated),ADM2_Gaibandha,mm,-7.0,0.0,-9.0,0.0,-128.0
GLDAS-2.2 groundwater (GRACE-assimilated),ADM2_Gazipur,mm,-2.4,0.029,-2.7,0.072,-50.0
GLDAS-2.2 groundwater (GRACE-assimilated),ADM2_Gopalganj,mm,-3.0,0.029,-0.6,0.432,-62.0
GLDAS-2.2 groundwater (GRACE-assimilated),ADM2_Habiganj,mm,-2.8,0.007,-3.1,0.072,-58.0
GLDAS-2.2 groundwater (GRACE-assimilated),ADM2_Jamalpur,mm,-4.8,0.001,-5.4,0.006,-90.0
GLDAS-2.2 groundwater (GRACE-assimilated),ADM2_Jessore,mm,-4.2,0.004,-1.4,0.127,-78.0
GLDAS-2.2 groundwater (GRACE-assimilated),ADM2_Jhalokati,mm,-0.3,0.754,-0.6,0.638,-11.0
GLDAS-2.2 groundwater (GRACE-assimilated),ADM2_Jhenaidah,mm,-4.4,0.002,-1.5,0.091,-83.0
GLDAS-2.2 groundwater (GRACE-assimilated),ADM2_Joypurhat,mm,-6.8,0.0,-7.0,0.001,-126.0
GLDAS-2.2 groundwater (GRACE-assimilated),ADM2_Khagrachhari,mm,-3.0,0.005,-2.1,0.072,-69.0
GLDAS-2.2 groundwater (GRACE-assimilated),ADM2_Khulna,mm,-1.5,0.038,-0.6,0.294,-36.0
GLDAS-2.2 groundwater (GRACE-assimilated),ADM2_Kishoreganj,mm,-2.8,0.044,-3.4,0.044,-50.0
GLDAS-2.2 groundwater (GRACE-assimilated),ADM2_Kurigram,mm,-4.5,0.001,-8.7,0.0,-85.0
GLDAS-2.2 groundwater (GRACE-assimilated),ADM2_Kushtia,mm,-5.7,0.0,-1.7,0.072,-108.0
GLDAS-2.2 groundwater (GRACE-assimilated),ADM2_Lakshmipur,mm,-1.1,0.172,-1.4,0.057,-25.0
GLDAS-2.2 groundwater (GRACE-assimilated),ADM2_Lalmonirhat,mm,-6.0,0.0,-8.6,0.0,-121.0
GLDAS-2.2 groundwater (GRACE-assimilated),ADM2_Madaripur,mm,-3.8,0.001,-1.1,0.114,-70.0
GLDAS-2.2 groundwater (GRACE-assimilated),ADM2_Magura,mm,-4.8,0.001,-1.6,0.091,-87.0
GLDAS-2.2 groundwater (GRACE-assimilated),ADM2_Manikganj,mm,-4.9,0.0,-2.4,0.038,-98.0
GLDAS-2.2 groundwater (GRACE-assimilated),ADM2_Maulvibazar,mm,-2.5,0.033,-1.5,0.294,-52.0
GLDAS-2.2 groundwater (GRACE-assimilated),ADM2_Meherpur,mm,-4.5,0.001,-1.9,0.044,-89.0
GLDAS-2.2 groundwater (GRACE-assimilated),ADM2_Munshiganj,mm,-4.0,0.005,-3.1,0.007,-81.0
GLDAS-2.2 groundwater (GRACE-assimilated),ADM2_Mymensingh,mm,-3.8,0.006,-5.9,0.01,-69.0
GLDAS-2.2 groundwater (GRACE-assimilated),ADM2_Naogaon,mm,-9.1,0.0,-4.8,0.002,-173.0
GLDAS-2.2 groundwater (GRACE-assimilated),ADM2_Narail,mm,-3.1,0.025,-0.5,0.53,-60.0
GLDAS-2.2 groundwater (GRACE-assimilated),ADM2_Narayanganj,mm,-2.9,0.012,-2.0,0.044,-64.0
GLDAS-2.2 groundwater (GRACE-assimilated),ADM2_Narsingdi,mm,-3.1,0.022,-3.5,0.038,-59.0
GLDAS-2.2 groundwater (GRACE-assimilated),ADM2_Natore,mm,-7.2,0.0,-4.2,0.004,-134.0
GLDAS-2.2 groundwater (GRACE-assimilated),ADM2_Nawabganj,mm,-8.9,0.0,-4.9,0.002,-174.0
GLDAS-2.2 groundwater (GRACE-assimilated),ADM2_Netrakona,mm,-2.1,0.057,-3.1,0.14,-40.0
GLDAS-2.2 groundwater (GRACE-assimilated),ADM2_Nilphamari,mm,-6.2,0.0,-8.5,0.0,-120.0
GLDAS-2.2 groundwater (GRACE-assimilated),ADM2_Noakhali,mm,-1.6,0.114,-1.8,0.033,-34.0
GLDAS-2.2 groundwater (GRACE-assimilated),ADM2_Pabna,mm,-6.9,0.0,-3.7,0.004,-129.0
GLDAS-2.2 groundwater (GRACE-assimilated),ADM2_Panchagarh,mm,-5.7,0.0,-9.2,0.0,-119.0
GLDAS-2.2 groundwater (GRACE-assimilated),ADM2_Patuakhali,mm,-0.1,0.958,-0.4,0.715,-3.0
GLDAS-2.2 groundwater (GRACE-assimilated),ADM2_Pirojpur,mm,-1.7,0.127,-0.6,0.53,-43.0
GLDAS-2.2 groundwater (GRACE-assimilated),ADM2_Rajbari,mm,-6.4,0.0,-2.4,0.019,-125.0
GLDAS-2.2 groundwater (GRACE-assimilated),ADM2_Rajshahi,mm,-7.7,0.0,-4.8,0.002,-149.0
GLDAS-2.2 groundwater (GRACE-assimilated),ADM2_Rangamati,mm,-1.5,0.102,-0.8,0.346,-37.0
GLDAS-2.2 groundwater (GRACE-assimilated),ADM2_Rangpur,mm,-4.8,0.0,-7.3,0.0,-89.0
GLDAS-2.2 groundwater (GRACE-assimilated),ADM2_Satkhira,mm,-1.3,0.091,-0.4,0.271,-32.0
GLDAS-2.2 groundwater (GRACE-assimilated),ADM2_Shariatpur,mm,-3.5,0.0,-1.5,0.029,-73.0
GLDAS-2.2 groundwater (GRACE-assimilated),ADM2_Sherpur,mm,-3.1,0.012,-5.5,0.006,-63.0
GLDAS-2.2 groundwater (GRACE-assimilated),ADM2_Sirajganj,mm,-6.3,0.0,-3.8,0.014,-118.0
GLDAS-2.2 groundwater (GRACE-assimilated),ADM2_Sunamganj,mm,-2.1,0.057,-2.6,0.207,-44.0
GLDAS-2.2 groundwater (GRACE-assimilated),ADM2_Sylhet,mm,-1.7,0.072,-0.5,0.835,-35.0
GLDAS-2.2 groundwater (GRACE-assimilated),ADM2_Tangail,mm,-6.1,0.0,-5.0,0.005,-115.0
GLDAS-2.2 groundwater (GRACE-assimilated),ADM2_Thakurgaon,mm,-7.8,0.0,-8.5,0.0,-150.0
GLDAS-2.2 groundwater (GRACE-assimilated),KHU_BATIAGHATA,mm,-2.2,0.01,-0.9,0.072,-42.0
GLDAS-2.2 groundwater (GRACE-assimilated),RAJ_TANORE,mm,-7.4,0.0,-4.4,0.002,-147.0
GLDAS-2.2 groundwater (GRACE-assimilated),RAN_MITHAPUKUR,mm,-5.7,0.0,-9.2,0.001,-106.0
GLDAS-2.2 groundwater (GRACE-assimilated),SIR_ULLAHPARA,mm,-6.3,0.0,-3.8,0.014,-118.0
GLDAS-2.2 groundwater (GRACE-assimilated),SUN_DHARMAPASHA,mm,-2.0,0.05,-2.8,0.207,-44.0
GLDAS-2.2 groundwater (GRACE-assimilated),UP_SOHRA,mm,-2.1,0.004,-2.5,0.227,-45.0
