district,cattle_head_2015,cells,cattle_per_km2,source
Dinajpur,1157312,45,336.0,"FAO GLW4 cattle 2015 (Gilbert et al. 2018), doi:10.7910/DVN/LHBICE, CC0"
Mymensingh,926154,55,210.7,"FAO GLW4 cattle 2015 (Gilbert et al. 2018), doi:10.7910/DVN/LHBICE, CC0"
Naogaon,795201,43,231.4,"FAO GLW4 cattle 2015 (Gilbert et al. 2018), doi:10.7910/DVN/LHBICE, CC0"
Bogra,787092,38,271.6,"FAO GLW4 cattle 2015 (Gilbert et al. 2018), doi:10.7910/DVN/LHBICE, CC0"
Rangpur,749115,30,312.2,"FAO GLW4 cattle 2015 (Gilbert et al. 2018), doi:10.7910/DVN/LHBICE, CC0"
Tangail,745589,46,218.3,"FAO GLW4 cattle 2015 (Gilbert et al. 2018), doi:10.7910/DVN/LHBICE, CC0"
Gaibandha,706547,30,333.8,"FAO GLW4 cattle 2015 (Gilbert et al. 2018), doi:10.7910/DVN/LHBICE, CC0"
Thakurgaon,612552,24,344.0,"FAO GLW4 cattle 2015 (Gilbert et al. 2018), doi:10.7910/DVN/LHBICE, CC0"
Comilla,611200,40,194.4,"FAO GLW4 cattle 2015 (Gilbert et al. 2018), doi:10.7910/DVN/LHBICE, CC0"
Jessore,604798,30,232.1,"FAO GLW4 cattle 2015 (Gilbert et al. 2018), doi:10.7910/DVN/LHBICE, CC0"
Jamalpur,536378,28,253.4,"FAO GLW4 cattle 2015 (Gilbert et al. 2018), doi:10.7910/DVN/LHBICE, CC0"
Jhenaidah,520412,27,264.6,"FAO GLW4 cattle 2015 (Gilbert et al. 2018), doi:10.7910/DVN/LHBICE, CC0"
Sirajganj,518276,31,215.6,"FAO GLW4 cattle 2015 (Gilbert et al. 2018), doi:10.7910/DVN/LHBICE, CC0"
Netrakona,502265,38,179.9,"FAO GLW4 cattle 2015 (Gilbert et al. 2018), doi:10.7910/DVN/LHBICE, CC0"
Rajshahi,477930,30,197.2,"FAO GLW4 cattle 2015 (Gilbert et al. 2018), doi:10.7910/DVN/LHBICE, CC0"
Sunamganj,477678,48,127.5,"FAO GLW4 cattle 2015 (Gilbert et al. 2018), doi:10.7910/DVN/LHBICE, CC0"
Kishoreganj,455190,31,169.4,"FAO GLW4 cattle 2015 (Gilbert et al. 2018), doi:10.7910/DVN/LHBICE, CC0"
Sylhet,454831,44,131.8,"FAO GLW4 cattle 2015 (Gilbert et al. 2018), doi:10.7910/DVN/LHBICE, CC0"
Chittagong,448124,51,84.9,"FAO GLW4 cattle 2015 (Gilbert et al. 2018), doi:10.7910/DVN/LHBICE, CC0"
Kurigram,443480,26,197.5,"FAO GLW4 cattle 2015 (Gilbert et al. 2018), doi:10.7910/DVN/LHBICE, CC0"
Nilphamari,441637,21,285.7,"FAO GLW4 cattle 2015 (Gilbert et al. 2018), doi:10.7910/DVN/LHBICE, CC0"
Patuakhali,426833,32,132.5,"FAO GLW4 cattle 2015 (Gilbert et al. 2018), doi:10.7910/DVN/LHBICE, CC0"
Lalmonirhat,416207,21,333.9,"FAO GLW4 cattle 2015 (Gilbert et al. 2018), doi:10.7910/DVN/LHBICE, CC0"
Natore,414952,25,218.2,"FAO GLW4 cattle 2015 (Gilbert et al. 2018), doi:10.7910/DVN/LHBICE, CC0"
Barisal,409238,28,147.0,"FAO GLW4 cattle 2015 (Gilbert et al. 2018), doi:10.7910/DVN/LHBICE, CC0"
Satkhira,401311,39,105.2,"FAO GLW4 cattle 2015 (Gilbert et al. 2018), doi:10.7910/DVN/LHBICE, CC0"
Panchagarh,385754,19,274.7,"FAO GLW4 cattle 2015 (Gilbert et al. 2018), doi:10.7910/DVN/LHBICE, CC0"
Pabna,373770,28,157.3,"FAO GLW4 cattle 2015 (Gilbert et al. 2018), doi:10.7910/DVN/LHBICE, CC0"
Habiganj,370164,33,140.5,"FAO GLW4 cattle 2015 (Gilbert et al. 2018), doi:10.7910/DVN/LHBICE, CC0"
Brahamanbaria,333990,25,177.5,"FAO GLW4 cattle 2015 (Gilbert et al. 2018), doi:10.7910/DVN/LHBICE, CC0"
Gazipur,320808,20,177.7,"FAO GLW4 cattle 2015 (Gilbert et al. 2018), doi:10.7910/DVN/LHBICE, CC0"
Khulna,307275,42,69.9,"FAO GLW4 cattle 2015 (Gilbert et al. 2018), doi:10.7910/DVN/LHBICE, CC0"
Kushtia,304116,19,188.8,"FAO GLW4 cattle 2015 (Gilbert et al. 2018), doi:10.7910/DVN/LHBICE, CC0"
Maulvibazar,300915,34,107.5,"FAO GLW4 cattle 2015 (Gilbert et al. 2018), doi:10.7910/DVN/LHBICE, CC0"
Noakhali,294636,26,79.9,"FAO GLW4 cattle 2015 (Gilbert et al. 2018), doi:10.7910/DVN/LHBICE, CC0"
Sherpur,294555,17,216.0,"FAO GLW4 cattle 2015 (Gilbert et al. 2018), doi:10.7910/DVN/LHBICE, CC0"
Faridpur,285622,22,139.2,"FAO GLW4 cattle 2015 (Gilbert et al. 2018), doi:10.7910/DVN/LHBICE, CC0"
Bagerhat,278890,42,70.5,"FAO GLW4 cattle 2015 (Gilbert et al. 2018), doi:10.7910/DVN/LHBICE, CC0"
Joypurhat,277195,12,274.0,"FAO GLW4 cattle 2015 (Gilbert et al. 2018), doi:10.7910/DVN/LHBICE, CC0"
Manikganj,269709,17,194.9,"FAO GLW4 cattle 2015 (Gilbert et al. 2018), doi:10.7910/DVN/LHBICE, CC0"
Nawabganj,257997,21,151.4,"FAO GLW4 cattle 2015 (Gilbert et al. 2018), doi:10.7910/DVN/LHBICE, CC0"
Chuadanga,256221,15,218.3,"FAO GLW4 cattle 2015 (Gilbert et al. 2018), doi:10.7910/DVN/LHBICE, CC0"
Magura,250015,13,240.4,"FAO GLW4 cattle 2015 (Gilbert et al. 2018), doi:10.7910/DVN/LHBICE, CC0"
Barguna,242937,16,132.5,"FAO GLW4 cattle 2015 (Gilbert et al. 2018), doi:10.7910/DVN/LHBICE, CC0"
Narsingdi,235680,15,205.1,"FAO GLW4 cattle 2015 (Gilbert et al. 2018), doi:10.7910/DVN/LHBICE, CC0"
Bhola,230723,21,67.8,"FAO GLW4 cattle 2015 (Gilbert et al. 2018), doi:10.7910/DVN/LHBICE, CC0"
Chandpur,210301,16,127.7,"FAO GLW4 cattle 2015 (Gilbert et al. 2018), doi:10.7910/DVN/LHBICE, CC0"
Narail,208669,14,215.7,"FAO GLW4 cattle 2015 (Gilbert et al. 2018), doi:10.7910/DVN/LHBICE, CC0"
Cox's Bazar,200044,27,80.2,"FAO GLW4 cattle 2015 (Gilbert et al. 2018), doi:10.7910/DVN/LHBICE, CC0"
Gopalganj,195163,17,132.9,"FAO GLW4 cattle 2015 (Gilbert et al. 2018), doi:10.7910/DVN/LHBICE, CC0"
Rajbari,189271,15,173.2,"FAO GLW4 cattle 2015 (Gilbert et al. 2018), doi:10.7910/DVN/LHBICE, CC0"
Madaripur,186298,15,165.6,"FAO GLW4 cattle 2015 (Gilbert et al. 2018), doi:10.7910/DVN/LHBICE, CC0"
Pirojpur,185586,16,145.1,"FAO GLW4 cattle 2015 (Gilbert et al. 2018), doi:10.7910/DVN/LHBICE, CC0"
Dhaka,179159,16,122.3,"FAO GLW4 cattle 2015 (Gilbert et al. 2018), doi:10.7910/DVN/LHBICE, CC0"
Lakshmipur,175386,16,121.7,"FAO GLW4 cattle 2015 (Gilbert et al. 2018), doi:10.7910/DVN/LHBICE, CC0"
Meherpur,171831,11,228.3,"FAO GLW4 cattle 2015 (Gilbert et al. 2018), doi:10.7910/DVN/LHBICE, CC0"
Shariatpur,145709,12,124.2,"FAO GLW4 cattle 2015 (Gilbert et al. 2018), doi:10.7910/DVN/LHBICE, CC0"
Khagrachhari,140065,38,51.0,"FAO GLW4 cattle 2015 (Gilbert et al. 2018), doi:10.7910/DVN/LHBICE, CC0"
Feni,130912,12,132.0,"FAO GLW4 cattle 2015 (Gilbert et al. 2018), doi:10.7910/DVN/LHBICE, CC0"
Munshiganj,123941,12,123.5,"FAO GLW4 cattle 2015 (Gilbert et al. 2018), doi:10.7910/DVN/LHBICE, CC0"
Rangamati,122713,69,20.1,"FAO GLW4 cattle 2015 (Gilbert et al. 2018), doi:10.7910/DVN/LHBICE, CC0"
Jhalokati,104496,8,147.6,"FAO GLW4 cattle 2015 (Gilbert et al. 2018), doi:10.7910/DVN/LHBICE, CC0"
Bandarban,99791,55,22.3,"FAO GLW4 cattle 2015 (Gilbert et al. 2018), doi:10.7910/DVN/LHBICE, CC0"
Narayanganj,80617,10,117.9,"FAO GLW4 cattle 2015 (Gilbert et al. 2018), doi:10.7910/DVN/LHBICE, CC0"
