rank,pattern,area_ha,pct_nca,n_districts,n_upazilas,n_crops,fallow_slots,has_rice,has_legume,rabi,kharif1,kharif2,extra,source
1,Boro−Fallow−T. Aman,2306005,26.919,63,426,2,1,True,False,Boro,Fallow,T. Aman,,"Nasim et al. 2017, Bangladesh Rice Journal 21(2):1-55, doi:10.3329/brj.v21i2.38195"
2,Boro−Fallow−Fallow,1139530,13.302,59,342,1,2,True,False,Boro,Fallow,Fallow,,"Nasim et al. 2017, Bangladesh Rice Journal 21(2):1-55, doi:10.3329/brj.v21i2.38195"
3,Fallow−Fallow−T. Aman,509480,5.947,36,162,1,2,True,False,Fallow,Fallow,T. Aman,,"Nasim et al. 2017, Bangladesh Rice Journal 21(2):1-55, doi:10.3329/brj.v21i2.38195"
4,Boro−Aus−T. Aman,209015,2.44,47,177,3,0,True,False,Boro,Aus,T. Aman,,"Nasim et al. 2017, Bangladesh Rice Journal 21(2):1-55, doi:10.3329/brj.v21i2.38195"
5,Fallow−Aus−T. Aman,193275,2.256,30,108,2,1,True,False,Fallow,Aus,T. Aman,,"Nasim et al. 2017, Bangladesh Rice Journal 21(2):1-55, doi:10.3329/brj.v21i2.38195"
6,Mustard−Boro−T. Aman,184620,2.155,51,203,3,0,True,False,Mustard,Boro,T. Aman,,"Nasim et al. 2017, Bangladesh Rice Journal 21(2):1-55, doi:10.3329/brj.v21i2.38195"
7,Boro−B.Aman,183070,2.137,32,113,2,0,True,False,Boro,B.Aman,B.Aman,,"Nasim et al. 2017, Bangladesh Rice Journal 21(2):1-55, doi:10.3329/brj.v21i2.38195"
8,Potato−Boro−T. Aman,180380,2.106,33,115,3,0,True,False,Potato,Boro,T. Aman,,"Nasim et al. 2017, Bangladesh Rice Journal 21(2):1-55, doi:10.3329/brj.v21i2.38195"
9,Wheat−Jute−T. Aman,147210,1.718,43,216,3,0,True,False,Wheat,Jute,T. Aman,,"Nasim et al. 2017, Bangladesh Rice Journal 21(2):1-55, doi:10.3329/brj.v21i2.38195"
10,Vegetable−Vegetable−Vegetable,143270,1.672,61,283,3,0,False,False,Vegetable,Vegetable,Vegetable,,"Nasim et al. 2017, Bangladesh Rice Journal 21(2):1-55, doi:10.3329/brj.v21i2.38195"
11,Mustard−Boro−Fallow,143130,1.671,37,112,2,1,True,False,Mustard,Boro,Fallow,,"Nasim et al. 2017, Bangladesh Rice Journal 21(2):1-55, doi:10.3329/brj.v21i2.38195"
12,Grasspea−Fallow−T. Aman,108150,1.262,25,80,2,1,True,True,Grasspea,Fallow,T. Aman,,"Nasim et al. 2017, Bangladesh Rice Journal 21(2):1-55, doi:10.3329/brj.v21i2.38195"
13,Maize−Fallow−T. Aman,101460,1.184,39,126,2,1,True,False,Maize,Fallow,T. Aman,,"Nasim et al. 2017, Bangladesh Rice Journal 21(2):1-55, doi:10.3329/brj.v21i2.38195"
14,Wheat−Fallow−T. Aman,90910,1.061,39,100,2,1,True,False,Wheat,Fallow,T. Aman,,"Nasim et al. 2017, Bangladesh Rice Journal 21(2):1-55, doi:10.3329/brj.v21i2.38195"
15,Mungbean−Fallow−T. Aman,89650,1.047,22,70,2,1,True,True,Mungbean,Fallow,T. Aman,,"Nasim et al. 2017, Bangladesh Rice Journal 21(2):1-55, doi:10.3329/brj.v21i2.38195"
16,Grasspea−Aus−T. Aman,81610,0.953,19,61,3,0,True,True,Grasspea,Aus,T. Aman,,"Nasim et al. 2017, Bangladesh Rice Journal 21(2):1-55, doi:10.3329/brj.v21i2.38195"
17,Vegetable−Fallow−T. Aman,74710,0.872,45,170,2,1,True,False,Vegetable,Fallow,T. Aman,,"Nasim et al. 2017, Bangladesh Rice Journal 21(2):1-55, doi:10.3329/brj.v21i2.38195"
18,Vegetable−Vegetable−Fallow,63935,0.746,59,168,2,1,False,False,Vegetable,Vegetable,Fallow,,"Nasim et al. 2017, Bangladesh Rice Journal 21(2):1-55, doi:10.3329/brj.v21i2.38195"
19,Onion−Jute−T. Aman,54185,0.633,39,102,3,0,True,False,Onion,Jute,T. Aman,,"Nasim et al. 2017, Bangladesh Rice Journal 21(2):1-55, doi:10.3329/brj.v21i2.38195"
20,Mungbean−Aus−T. Aman,53730,0.627,14,43,3,0,True,True,Mungbean,Aus,T. Aman,,"Nasim et al. 2017, Bangladesh Rice Journal 21(2):1-55, doi:10.3329/brj.v21i2.38195"
21,Chilli−Fallow−T. Aman,52995,0.619,45,146,2,1,True,False,Chilli,Fallow,T. Aman,,"Nasim et al. 2017, Bangladesh Rice Journal 21(2):1-55, doi:10.3329/brj.v21i2.38195"
22,Lentil−Jute−T. Aman,51875,0.606,34,96,3,0,True,True,Lentil,Jute,T. Aman,,"Nasim et al. 2017, Bangladesh Rice Journal 21(2):1-55, doi:10.3329/brj.v21i2.38195"
23,Vegetable−Vegetable−T. Aman,51745,0.604,49,127,3,0,True,False,Vegetable,Vegetable,T. Aman,,"Nasim et al. 2017, Bangladesh Rice Journal 21(2):1-55, doi:10.3329/brj.v21i2.38195"
24,Wheat−Jute−Fallow,48700,0.568,32,82,2,1,False,False,Wheat,Jute,Fallow,,"Nasim et al. 2017, Bangladesh Rice Journal 21(2):1-55, doi:10.3329/brj.v21i2.38195"
25,Potato−Maize−T. Aman,47690,0.557,19,68,3,0,True,False,Potato,Maize,T. Aman,,"Nasim et al. 2017, Bangladesh Rice Journal 21(2):1-55, doi:10.3329/brj.v21i2.38195"
26,Boro−Aus−Fallow,45865,0.535,34,71,2,1,True,False,Boro,Aus,Fallow,,"Nasim et al. 2017, Bangladesh Rice Journal 21(2):1-55, doi:10.3329/brj.v21i2.38195"
27,Onion−Jute−Fallow,45200,0.528,29,67,2,1,False,False,Onion,Jute,Fallow,,"Nasim et al. 2017, Bangladesh Rice Journal 21(2):1-55, doi:10.3329/brj.v21i2.38195"
28,Boro−Jute−T. Aman,40440,0.472,19,56,3,0,True,False,Boro,Jute,T. Aman,,"Nasim et al. 2017, Bangladesh Rice Journal 21(2):1-55, doi:10.3329/brj.v21i2.38195"
29,Felon−Fallow−T. Aman,37675,0.44,14,53,2,1,True,True,Felon,Fallow,T. Aman,,"Nasim et al. 2017, Bangladesh Rice Journal 21(2):1-55, doi:10.3329/brj.v21i2.38195"
30,Mustard−Boro−B.Aman,36520,0.426,14,32,3,0,True,False,Mustard,Boro,B.Aman,,"Nasim et al. 2017, Bangladesh Rice Journal 21(2):1-55, doi:10.3329/brj.v21i2.38195"
31,Wheat−Aus−T. Aman,36425,0.425,35,93,3,0,True,False,Wheat,Aus,T. Aman,,"Nasim et al. 2017, Bangladesh Rice Journal 21(2):1-55, doi:10.3329/brj.v21i2.38195"
32,Mustard−Jute−T. Aman,32740,0.382,29,64,3,0,True,False,Mustard,Jute,T. Aman,,"Nasim et al. 2017, Bangladesh Rice Journal 21(2):1-55, doi:10.3329/brj.v21i2.38195"
33,Lentil−Jute−Fallow,32360,0.378,27,67,2,1,False,True,Lentil,Jute,Fallow,,"Nasim et al. 2017, Bangladesh Rice Journal 21(2):1-55, doi:10.3329/brj.v21i2.38195"
34,Boro−Fish,31400,0.367,3,17,2,0,True,False,Boro,Fish,Fish,,"Nasim et al. 2017, Bangladesh Rice Journal 21(2):1-55, doi:10.3329/brj.v21i2.38195"
35,Vegetable−Fallow−Fallow,31115,0.363,35,84,1,2,False,False,Vegetable,Fallow,Fallow,,"Nasim et al. 2017, Bangladesh Rice Journal 21(2):1-55, doi:10.3329/brj.v21i2.38195"
36,Groundnut−Fallow−T. Aman,29210,0.341,23,60,2,1,True,True,Groundnut,Fallow,T. Aman,,"Nasim et al. 2017, Bangladesh Rice Journal 21(2):1-55, doi:10.3329/brj.v21i2.38195"
37,Vegetable−Aus−T. Aman,28700,0.335,42,87,3,0,True,False,Vegetable,Aus,T. Aman,,"Nasim et al. 2017, Bangladesh Rice Journal 21(2):1-55, doi:10.3329/brj.v21i2.38195"
38,Water Melon−Fallow−T. Aman,28340,0.331,17,49,2,1,True,False,Water Melon,Fallow,T. Aman,,"Nasim et al. 2017, Bangladesh Rice Journal 21(2):1-55, doi:10.3329/brj.v21i2.38195"
39,Potato−Jute−T. Aman,28310,0.33,36,95,3,0,True,False,Potato,Jute,T. Aman,,"Nasim et al. 2017, Bangladesh Rice Journal 21(2):1-55, doi:10.3329/brj.v21i2.38195"
40,Potato−B.Aman,23900,0.279,9,25,2,0,True,False,Potato,B.Aman,B.Aman,,"Nasim et al. 2017, Bangladesh Rice Journal 21(2):1-55, doi:10.3329/brj.v21i2.38195"
41,Soybean−Fallow−T. Aman,23670,0.276,5,10,2,1,True,True,Soybean,Fallow,T. Aman,,"Nasim et al. 2017, Bangladesh Rice Journal 21(2):1-55, doi:10.3329/brj.v21i2.38195"
42,Soybean−Aus−T. Aman,23170,0.27,5,8,3,0,True,True,Soybean,Aus,T. Aman,,"Nasim et al. 2017, Bangladesh Rice Journal 21(2):1-55, doi:10.3329/brj.v21i2.38195"
43,Potato−Fallow−T. Aman,22715,0.265,34,108,2,1,True,False,Potato,Fallow,T. Aman,,"Nasim et al. 2017, Bangladesh Rice Journal 21(2):1-55, doi:10.3329/brj.v21i2.38195"
44,Potato−Aus−T. Aman,22405,0.262,29,79,3,0,True,False,Potato,Aus,T. Aman,,"Nasim et al. 2017, Bangladesh Rice Journal 21(2):1-55, doi:10.3329/brj.v21i2.38195"
45,Wheat−Mungbean−T. Aman,21760,0.254,20,50,3,0,True,True,Wheat,Mungbean,T. Aman,,"Nasim et al. 2017, Bangladesh Rice Journal 21(2):1-55, doi:10.3329/brj.v21i2.38195"
46,Grasspea−B.Aman,21480,0.251,21,52,2,0,True,True,Grasspea,B.Aman,B.Aman,,"Nasim et al. 2017, Bangladesh Rice Journal 21(2):1-55, doi:10.3329/brj.v21i2.38195"
47,Maize−Jute−Fallow,21425,0.25,19,33,2,1,False,False,Maize,Jute,Fallow,,"Nasim et al. 2017, Bangladesh Rice Journal 21(2):1-55, doi:10.3329/brj.v21i2.38195"
48,Maize−Jute−T. Aman,21325,0.249,18,38,3,0,True,False,Maize,Jute,T. Aman,,"Nasim et al. 2017, Bangladesh Rice Journal 21(2):1-55, doi:10.3329/brj.v21i2.38195"
49,Vegetable−Boro−T. Aman,21220,0.248,22,42,3,0,True,False,Vegetable,Boro,T. Aman,,"Nasim et al. 2017, Bangladesh Rice Journal 21(2):1-55, doi:10.3329/brj.v21i2.38195"
50,Grasspea−Jute−Fallow,21000,0.245,21,39,2,1,False,True,Grasspea,Jute,Fallow,,"Nasim et al. 2017, Bangladesh Rice Journal 21(2):1-55, doi:10.3329/brj.v21i2.38195"
51,Fish−T. Aman,20400,0.238,3,8,2,0,True,False,Fish,T. Aman,T. Aman,,"Nasim et al. 2017, Bangladesh Rice Journal 21(2):1-55, doi:10.3329/brj.v21i2.38195"
52,Soybean−Jute−T. Aman,20000,0.233,4,6,3,0,True,True,Soybean,Jute,T. Aman,,"Nasim et al. 2017, Bangladesh Rice Journal 21(2):1-55, doi:10.3329/brj.v21i2.38195"
53,Potato−Boro−Fallow,19360,0.226,17,27,2,1,True,False,Potato,Boro,Fallow,,"Nasim et al. 2017, Bangladesh Rice Journal 21(2):1-55, doi:10.3329/brj.v21i2.38195"
54,Mustard−Boro−Aus,18140,0.212,10,16,3,0,True,False,Mustard,Boro,Aus,,"Nasim et al. 2017, Bangladesh Rice Journal 21(2):1-55, doi:10.3329/brj.v21i2.38195"
55,Mustard−B.Aman,17210,0.201,12,24,2,0,True,False,Mustard,B.Aman,B.Aman,,"Nasim et al. 2017, Bangladesh Rice Journal 21(2):1-55, doi:10.3329/brj.v21i2.38195"
56,Mustard−Jute−Fallow,17180,0.201,16,35,2,1,False,False,Mustard,Jute,Fallow,,"Nasim et al. 2017, Bangladesh Rice Journal 21(2):1-55, doi:10.3329/brj.v21i2.38195"
57,Sweet Potato−Fallow−T. Aman,16990,0.198,31,103,2,1,True,False,Sweet Potato,Fallow,T. Aman,,"Nasim et al. 2017, Bangladesh Rice Journal 21(2):1-55, doi:10.3329/brj.v21i2.38195"
58,Groundnut−Fallow−Fallow,16485,0.192,35,76,1,2,False,True,Groundnut,Fallow,Fallow,,"Nasim et al. 2017, Bangladesh Rice Journal 21(2):1-55, doi:10.3329/brj.v21i2.38195"
59,Boro−Jute−Fallow,16370,0.191,19,25,2,1,True,False,Boro,Jute,Fallow,,"Nasim et al. 2017, Bangladesh Rice Journal 21(2):1-55, doi:10.3329/brj.v21i2.38195"
60,Fallow−B.Aman,16360,0.191,15,29,1,1,True,False,Fallow,B.Aman,B.Aman,,"Nasim et al. 2017, Bangladesh Rice Journal 21(2):1-55, doi:10.3329/brj.v21i2.38195"
61,Wheat−Maize−T. Aman,16320,0.191,9,14,3,0,True,False,Wheat,Maize,T. Aman,,"Nasim et al. 2017, Bangladesh Rice Journal 21(2):1-55, doi:10.3329/brj.v21i2.38195"
62,Wheat−Aus−Fallow,16200,0.189,17,26,2,1,True,False,Wheat,Aus,Fallow,,"Nasim et al. 2017, Bangladesh Rice Journal 21(2):1-55, doi:10.3329/brj.v21i2.38195"
63,Vegetable−Aus−Fallow,15940,0.186,23,41,2,1,True,False,Vegetable,Aus,Fallow,,"Nasim et al. 2017, Bangladesh Rice Journal 21(2):1-55, doi:10.3329/brj.v21i2.38195"
64,Tobacco−Jute−T. Aman,15200,0.177,9,19,3,0,True,False,Tobacco,Jute,T. Aman,,"Nasim et al. 2017, Bangladesh Rice Journal 21(2):1-55, doi:10.3329/brj.v21i2.38195"
65,Mustard−Fallow−T. Aman,14870,0.174,33,84,2,1,True,False,Mustard,Fallow,T. Aman,,"Nasim et al. 2017, Bangladesh Rice Journal 21(2):1-55, doi:10.3329/brj.v21i2.38195"
66,Groundnut−Aus−T. Aman,14535,0.17,10,18,3,0,True,True,Groundnut,Aus,T. Aman,,"Nasim et al. 2017, Bangladesh Rice Journal 21(2):1-55, doi:10.3329/brj.v21i2.38195"
67,Potato−Jute−Fallow,14515,0.169,25,53,2,1,False,False,Potato,Jute,Fallow,,"Nasim et al. 2017, Bangladesh Rice Journal 21(2):1-55, doi:10.3329/brj.v21i2.38195"
68,Boro−Sesbania−T. Aman,14490,0.169,20,33,3,0,True,False,Boro,Sesbania,T. Aman,,"Nasim et al. 2017, Bangladesh Rice Journal 21(2):1-55, doi:10.3329/brj.v21i2.38195"
69,Chilli−Aus−T. Aman,14240,0.166,21,38,3,0,True,False,Chilli,Aus,T. Aman,,"Nasim et al. 2017, Bangladesh Rice Journal 21(2):1-55, doi:10.3329/brj.v21i2.38195"
70,Wheat−B.Aman,13835,0.162,16,32,2,0,True,False,Wheat,B.Aman,B.Aman,,"Nasim et al. 2017, Bangladesh Rice Journal 21(2):1-55, doi:10.3329/brj.v21i2.38195"
71,Mustard−Aus−T. Aman,13790,0.161,30,52,3,0,True,False,Mustard,Aus,T. Aman,,"Nasim et al. 2017, Bangladesh Rice Journal 21(2):1-55, doi:10.3329/brj.v21i2.38195"
72,Fallow−Jute−T. Aman,13620,0.159,18,32,2,1,True,False,Fallow,Jute,T. Aman,,"Nasim et al. 2017, Bangladesh Rice Journal 21(2):1-55, doi:10.3329/brj.v21i2.38195"
73,Maize−Aus−Fallow,13615,0.159,14,18,2,1,True,False,Maize,Aus,Fallow,,"Nasim et al. 2017, Bangladesh Rice Journal 21(2):1-55, doi:10.3329/brj.v21i2.38195"
74,Garlic−Jute−Fallow,13475,0.157,26,48,2,1,False,False,Garlic,Jute,Fallow,,"Nasim et al. 2017, Bangladesh Rice Journal 21(2):1-55, doi:10.3329/brj.v21i2.38195"
75,Boro−Vegetable (Float/Norm),13335,0.156,27,36,2,0,True,False,Boro,Vegetable (Float/Norm),Vegetable (Float/Norm),,"Nasim et al. 2017, Bangladesh Rice Journal 21(2):1-55, doi:10.3329/brj.v21i2.38195"
76,Boro−Fallow−Blackgram,13270,0.155,27,44,2,1,True,True,Boro,Fallow,Blackgram,,"Nasim et al. 2017, Bangladesh Rice Journal 21(2):1-55, doi:10.3329/brj.v21i2.38195"
77,Chilli−Jute−Fallow,13260,0.155,22,54,2,1,False,False,Chilli,Jute,Fallow,,"Nasim et al. 2017, Bangladesh Rice Journal 21(2):1-55, doi:10.3329/brj.v21i2.38195"
78,Vegetable−Jute−Fallow,13185,0.154,26,47,2,1,False,False,Vegetable,Jute,Fallow,,"Nasim et al. 2017, Bangladesh Rice Journal 21(2):1-55, doi:10.3329/brj.v21i2.38195"
79,Garlic−Jute−T. Aman,13090,0.153,38,78,3,0,True,False,Garlic,Jute,T. Aman,,"Nasim et al. 2017, Bangladesh Rice Journal 21(2):1-55, doi:10.3329/brj.v21i2.38195"
80,Wheat−Aus−Blackgram,13000,0.152,6,8,3,0,True,True,Wheat,Aus,Blackgram,,"Nasim et al. 2017, Bangladesh Rice Journal 21(2):1-55, doi:10.3329/brj.v21i2.38195"
81,Maize−Fallow−Fallow,12920,0.151,22,38,1,2,False,False,Maize,Fallow,Fallow,,"Nasim et al. 2017, Bangladesh Rice Journal 21(2):1-55, doi:10.3329/brj.v21i2.38195"
82,Lentil−Fallow−T. Aman,12680,0.148,29,68,2,1,True,True,Lentil,Fallow,T. Aman,,"Nasim et al. 2017, Bangladesh Rice Journal 21(2):1-55, doi:10.3329/brj.v21i2.38195"
83,Potato−Vegetable−T. Aman,12620,0.147,30,59,3,0,True,False,Potato,Vegetable,T. Aman,,"Nasim et al. 2017, Bangladesh Rice Journal 21(2):1-55, doi:10.3329/brj.v21i2.38195"
84,Lentil−Sesame−T. Aman,12450,0.145,14,33,3,0,True,True,Lentil,Sesame,T. Aman,,"Nasim et al. 2017, Bangladesh Rice Journal 21(2):1-55, doi:10.3329/brj.v21i2.38195"
85,Fallow−Aus+Non−rice (jhum),11900,0.139,3,20,2,1,True,False,Fallow,Aus+Non,rice (jhum),,"Nasim et al. 2017, Bangladesh Rice Journal 21(2):1-55, doi:10.3329/brj.v21i2.38195"
86,Onion−Vegtable−Vegetable,11735,0.137,39,87,3,0,False,False,Onion,Vegtable,Vegetable,,"Nasim et al. 2017, Bangladesh Rice Journal 21(2):1-55, doi:10.3329/brj.v21i2.38195"
87,Fallow−Sesame−T. Aman,11640,0.136,13,20,2,1,True,False,Fallow,Sesame,T. Aman,,"Nasim et al. 2017, Bangladesh Rice Journal 21(2):1-55, doi:10.3329/brj.v21i2.38195"
88,Vegetable−Jute−T. Aman,11305,0.132,25,51,3,0,True,False,Vegetable,Jute,T. Aman,,"Nasim et al. 2017, Bangladesh Rice Journal 21(2):1-55, doi:10.3329/brj.v21i2.38195"
89,Lentil−Aus−T. Aman,11255,0.131,25,46,3,0,True,True,Lentil,Aus,T. Aman,,"Nasim et al. 2017, Bangladesh Rice Journal 21(2):1-55, doi:10.3329/brj.v21i2.38195"
90,Onion−B.Aman,10905,0.127,14,27,2,0,True,False,Onion,B.Aman,B.Aman,,"Nasim et al. 2017, Bangladesh Rice Journal 21(2):1-55, doi:10.3329/brj.v21i2.38195"
91,Garlic−B.Aman,10850,0.127,15,21,2,0,True,False,Garlic,B.Aman,B.Aman,,"Nasim et al. 2017, Bangladesh Rice Journal 21(2):1-55, doi:10.3329/brj.v21i2.38195"
92,Potato−Sesbania,10770,0.126,5,15,2,0,False,False,Potato,Sesbania,Sesbania,,"Nasim et al. 2017, Bangladesh Rice Journal 21(2):1-55, doi:10.3329/brj.v21i2.38195"
93,Wheat−Sesame−T. Aman,10650,0.124,15,33,3,0,True,False,Wheat,Sesame,T. Aman,,"Nasim et al. 2017, Bangladesh Rice Journal 21(2):1-55, doi:10.3329/brj.v21i2.38195"
94,Water Melon−Aus−T. Aman,10355,0.121,11,14,3,0,True,False,Water Melon,Aus,T. Aman,,"Nasim et al. 2017, Bangladesh Rice Journal 21(2):1-55, doi:10.3329/brj.v21i2.38195"
95,Grasspea−Jute−T. Aman,10300,0.12,25,43,3,0,True,True,Grasspea,Jute,T. Aman,,"Nasim et al. 2017, Bangladesh Rice Journal 21(2):1-55, doi:10.3329/brj.v21i2.38195"
96,Potato−Maize−Fallow,9640,0.113,10,16,2,1,False,False,Potato,Maize,Fallow,,"Nasim et al. 2017, Bangladesh Rice Journal 21(2):1-55, doi:10.3329/brj.v21i2.38195"
97,Chilli−Fallow−Fallow,9265,0.108,40,66,1,2,False,False,Chilli,Fallow,Fallow,,"Nasim et al. 2017, Bangladesh Rice Journal 21(2):1-55, doi:10.3329/brj.v21i2.38195"
98,Sesame−Fallow−T. Aman,9265,0.108,19,31,2,1,True,False,Sesame,Fallow,T. Aman,,"Nasim et al. 2017, Bangladesh Rice Journal 21(2):1-55, doi:10.3329/brj.v21i2.38195"
99,Felon−Aus−T. Aman,9245,0.108,7,16,3,0,True,True,Felon,Aus,T. Aman,,"Nasim et al. 2017, Bangladesh Rice Journal 21(2):1-55, doi:10.3329/brj.v21i2.38195"
100,Boro−Sesbania−Fallow,9180,0.107,12,19,2,1,True,False,Boro,Sesbania,Fallow,,"Nasim et al. 2017, Bangladesh Rice Journal 21(2):1-55, doi:10.3329/brj.v21i2.38195"
101,Chilli−B.Aman,9120,0.106,10,23,2,0,True,False,Chilli,B.Aman,B.Aman,,"Nasim et al. 2017, Bangladesh Rice Journal 21(2):1-55, doi:10.3329/brj.v21i2.38195"
102,Chilli−Vegetable−Fallow,8810,0.103,44,104,2,1,False,False,Chilli,Vegetable,Fallow,,"Nasim et al. 2017, Bangladesh Rice Journal 21(2):1-55, doi:10.3329/brj.v21i2.38195"
103,Onion−Aus−Fallow,8705,0.102,12,17,2,1,True,False,Onion,Aus,Fallow,,"Nasim et al. 2017, Bangladesh Rice Journal 21(2):1-55, doi:10.3329/brj.v21i2.38195"
104,Fallow−Fallow−Blackgram,8695,0.102,34,59,1,2,False,True,Fallow,Fallow,Blackgram,,"Nasim et al. 2017, Bangladesh Rice Journal 21(2):1-55, doi:10.3329/brj.v21i2.38195"
105,Boro−Vegetable−T. Aman,8660,0.101,9,16,3,0,True,False,Boro,Vegetable,T. Aman,,"Nasim et al. 2017, Bangladesh Rice Journal 21(2):1-55, doi:10.3329/brj.v21i2.38195"
106,Boro−Aus−Blackgram,8540,0.1,5,5,3,0,True,True,Boro,Aus,Blackgram,,"Nasim et al. 2017, Bangladesh Rice Journal 21(2):1-55, doi:10.3329/brj.v21i2.38195"
107,Sweet Potato−Fallow−Fallow,7980,0.093,37,98,1,2,False,False,Sweet Potato,Fallow,Fallow,,"Nasim et al. 2017, Bangladesh Rice Journal 21(2):1-55, doi:10.3329/brj.v21i2.38195"
108,Mustard−Boro−Aus−T. Aman,7850,0.092,14,30,4,0,True,False,Mustard,Boro,Aus,T. Aman,"Nasim et al. 2017, Bangladesh Rice Journal 21(2):1-55, doi:10.3329/brj.v21i2.38195"
109,Blackgram−B.Aman,7625,0.089,11,24,2,0,True,True,Blackgram,B.Aman,B.Aman,,"Nasim et al. 2017, Bangladesh Rice Journal 21(2):1-55, doi:10.3329/brj.v21i2.38195"
110,Chilli−Aus−Fallow,7565,0.088,14,27,2,1,True,False,Chilli,Aus,Fallow,,"Nasim et al. 2017, Bangladesh Rice Journal 21(2):1-55, doi:10.3329/brj.v21i2.38195"
111,Tobacco−Maize−T. Aman,7470,0.087,5,12,3,0,True,False,Tobacco,Maize,T. Aman,,"Nasim et al. 2017, Bangladesh Rice Journal 21(2):1-55, doi:10.3329/brj.v21i2.38195"
112,Potato−Boro−Aus,7420,0.087,4,6,3,0,True,False,Potato,Boro,Aus,,"Nasim et al. 2017, Bangladesh Rice Journal 21(2):1-55, doi:10.3329/brj.v21i2.38195"
113,Coriander−Jute−Fallow,7390,0.086,15,25,2,1,False,False,Coriander,Jute,Fallow,,"Nasim et al. 2017, Bangladesh Rice Journal 21(2):1-55, doi:10.3329/brj.v21i2.38195"
114,Chilli−Jute−T. Aman,7250,0.085,20,35,3,0,True,False,Chilli,Jute,T. Aman,,"Nasim et al. 2017, Bangladesh Rice Journal 21(2):1-55, doi:10.3329/brj.v21i2.38195"
115,Fallow−Vegetable−T. Aman,7130,0.083,16,29,2,1,True,False,Fallow,Vegetable,T. Aman,,"Nasim et al. 2017, Bangladesh Rice Journal 21(2):1-55, doi:10.3329/brj.v21i2.38195"
116,Maize−Vegetable−Fallow,7120,0.083,14,19,2,1,False,False,Maize,Vegetable,Fallow,,"Nasim et al. 2017, Bangladesh Rice Journal 21(2):1-55, doi:10.3329/brj.v21i2.38195"
117,Vegetable−Boro−Fallow,7100,0.083,9,10,2,1,True,False,Vegetable,Boro,Fallow,,"Nasim et al. 2017, Bangladesh Rice Journal 21(2):1-55, doi:10.3329/brj.v21i2.38195"
118,Lentil−Mungbean−T. Aman,6955,0.081,11,22,3,0,True,True,Lentil,Mungbean,T. Aman,,"Nasim et al. 2017, Bangladesh Rice Journal 21(2):1-55, doi:10.3329/brj.v21i2.38195"
119,Lentil−B.Aman,6550,0.076,16,30,2,0,True,True,Lentil,B.Aman,B.Aman,,"Nasim et al. 2017, Bangladesh Rice Journal 21(2):1-55, doi:10.3329/brj.v21i2.38195"
120,Onion−Fallow−T. Aman,6380,0.074,32,64,2,1,True,False,Onion,Fallow,T. Aman,,"Nasim et al. 2017, Bangladesh Rice Journal 21(2):1-55, doi:10.3329/brj.v21i2.38195"
121,Lentil−Vegetable−Vegetable,6330,0.074,19,30,3,0,False,True,Lentil,Vegetable,Vegetable,,"Nasim et al. 2017, Bangladesh Rice Journal 21(2):1-55, doi:10.3329/brj.v21i2.38195"
122,Mustard−Maize−T. Aman,6310,0.074,9,19,3,0,True,False,Mustard,Maize,T. Aman,,"Nasim et al. 2017, Bangladesh Rice Journal 21(2):1-55, doi:10.3329/brj.v21i2.38195"
123,Wheat−Vegetable−Vegetable,6100,0.071,16,21,3,0,False,False,Wheat,Vegetable,Vegetable,,"Nasim et al. 2017, Bangladesh Rice Journal 21(2):1-55, doi:10.3329/brj.v21i2.38195"
124,Tobacco−Aus−T. Aman,6040,0.071,5,12,3,0,True,False,Tobacco,Aus,T. Aman,,"Nasim et al. 2017, Bangladesh Rice Journal 21(2):1-55, doi:10.3329/brj.v21i2.38195"
125,Soybean−B.Aman,5650,0.066,4,4,2,0,True,True,Soybean,B.Aman,B.Aman,,"Nasim et al. 2017, Bangladesh Rice Journal 21(2):1-55, doi:10.3329/brj.v21i2.38195"
126,Boro−Fallow−T. Aman +Fish,5410,0.063,3,7,2,1,True,False,Boro,Fallow,T. Aman +Fish,,"Nasim et al. 2017, Bangladesh Rice Journal 21(2):1-55, doi:10.3329/brj.v21i2.38195"
127,Tobacco−Fallow−T. Aman,5310,0.062,7,15,2,1,True,False,Tobacco,Fallow,T. Aman,,"Nasim et al. 2017, Bangladesh Rice Journal 21(2):1-55, doi:10.3329/brj.v21i2.38195"
128,Wheat−Vegetable−T. Aman,5205,0.061,15,25,3,0,True,False,Wheat,Vegetable,T. Aman,,"Nasim et al. 2017, Bangladesh Rice Journal 21(2):1-55, doi:10.3329/brj.v21i2.38195"
129,Vegetable−B.Aman,5200,0.061,9,17,2,0,True,False,Vegetable,B.Aman,B.Aman,,"Nasim et al. 2017, Bangladesh Rice Journal 21(2):1-55, doi:10.3329/brj.v21i2.38195"
130,Maize−B.Aman,5030,0.059,10,15,2,0,True,False,Maize,B.Aman,B.Aman,,"Nasim et al. 2017, Bangladesh Rice Journal 21(2):1-55, doi:10.3329/brj.v21i2.38195"
131,Mustard−Aus−Fallow,4935,0.058,15,22,2,1,True,False,Mustard,Aus,Fallow,,"Nasim et al. 2017, Bangladesh Rice Journal 21(2):1-55, doi:10.3329/brj.v21i2.38195"
132,Maize−Mungbean−T. Aman,4900,0.057,1,3,3,0,True,True,Maize,Mungbean,T. Aman,,"Nasim et al. 2017, Bangladesh Rice Journal 21(2):1-55, doi:10.3329/brj.v21i2.38195"
133,Mustard−Mungbean−T. Aman,4710,0.055,12,18,3,0,True,True,Mustard,Mungbean,T. Aman,,"Nasim et al. 2017, Bangladesh Rice Journal 21(2):1-55, doi:10.3329/brj.v21i2.38195"
134,Chickpea−Fallow−T. Aman,4700,0.055,12,32,2,1,True,True,Chickpea,Fallow,T. Aman,,"Nasim et al. 2017, Bangladesh Rice Journal 21(2):1-55, doi:10.3329/brj.v21i2.38195"
135,Grasspea−Boro−Fallow,4690,0.055,8,12,2,1,True,True,Grasspea,Boro,Fallow,,"Nasim et al. 2017, Bangladesh Rice Journal 21(2):1-55, doi:10.3329/brj.v21i2.38195"
136,Coriander−Jute−T. Aman,4625,0.054,17,30,3,0,True,False,Coriander,Jute,T. Aman,,"Nasim et al. 2017, Bangladesh Rice Journal 21(2):1-55, doi:10.3329/brj.v21i2.38195"
137,Lentil−Aus−Fallow,4570,0.053,11,15,2,1,True,True,Lentil,Aus,Fallow,,"Nasim et al. 2017, Bangladesh Rice Journal 21(2):1-55, doi:10.3329/brj.v21i2.38195"
138,Vegetable−Maize−T. Aman,4500,0.053,9,15,3,0,True,False,Vegetable,Maize,T. Aman,,"Nasim et al. 2017, Bangladesh Rice Journal 21(2):1-55, doi:10.3329/brj.v21i2.38195"
139,Garlic−Vegetable−Vegetable,4385,0.051,27,68,3,0,False,False,Garlic,Vegetable,Vegetable,,"Nasim et al. 2017, Bangladesh Rice Journal 21(2):1-55, doi:10.3329/brj.v21i2.38195"
140,Potato−Maize−Aus,4300,0.05,3,4,3,0,True,False,Potato,Maize,Aus,,"Nasim et al. 2017, Bangladesh Rice Journal 21(2):1-55, doi:10.3329/brj.v21i2.38195"
141,Onion−Aus−T. Aman,4260,0.05,17,26,3,0,True,False,Onion,Aus,T. Aman,,"Nasim et al. 2017, Bangladesh Rice Journal 21(2):1-55, doi:10.3329/brj.v21i2.38195"
142,Tobacco−Jute−Fallow,4050,0.047,4,8,2,1,False,False,Tobacco,Jute,Fallow,,"Nasim et al. 2017, Bangladesh Rice Journal 21(2):1-55, doi:10.3329/brj.v21i2.38195"
143,Wheat−Jute−Blackgram,3910,0.046,7,9,3,0,False,True,Wheat,Jute,Blackgram,,"Nasim et al. 2017, Bangladesh Rice Journal 21(2):1-55, doi:10.3329/brj.v21i2.38195"
144,Wheat−Fallow−Fallow,3810,0.044,6,8,1,2,False,False,Wheat,Fallow,Fallow,,"Nasim et al. 2017, Bangladesh Rice Journal 21(2):1-55, doi:10.3329/brj.v21i2.38195"
145,Wheat−Chilli−Fallow,3780,0.044,7,9,2,1,False,False,Wheat,Chilli,Fallow,,"Nasim et al. 2017, Bangladesh Rice Journal 21(2):1-55, doi:10.3329/brj.v21i2.38195"
146,Maize−Maize−Fallow,3720,0.043,3,5,2,1,False,False,Maize,Maize,Fallow,,"Nasim et al. 2017, Bangladesh Rice Journal 21(2):1-55, doi:10.3329/brj.v21i2.38195"
147,Wheat−Fallow−T. Aman (Orchard),3700,0.043,1,2,2,1,True,False,Wheat,Fallow,T. Aman (Orchard),,"Nasim et al. 2017, Bangladesh Rice Journal 21(2):1-55, doi:10.3329/brj.v21i2.38195"
148,Garlic−Fallow−T. Aman,3680,0.043,31,59,2,1,True,False,Garlic,Fallow,T. Aman,,"Nasim et al. 2017, Bangladesh Rice Journal 21(2):1-55, doi:10.3329/brj.v21i2.38195"
149,Lentil−Sesame−Fallow,3680,0.043,15,20,2,1,False,True,Lentil,Sesame,Fallow,,"Nasim et al. 2017, Bangladesh Rice Journal 21(2):1-55, doi:10.3329/brj.v21i2.38195"
150,Chilli−Boro−Jute,3600,0.042,2,3,3,0,True,False,Chilli,Boro,Jute,,"Nasim et al. 2017, Bangladesh Rice Journal 21(2):1-55, doi:10.3329/brj.v21i2.38195"
151,Maize−Fallow−Blackgram,3600,0.042,4,4,2,1,False,True,Maize,Fallow,Blackgram,,"Nasim et al. 2017, Bangladesh Rice Journal 21(2):1-55, doi:10.3329/brj.v21i2.38195"
152,Vegetable−Fallow−Blackgram,3525,0.041,16,33,2,1,False,True,Vegetable,Fallow,Blackgram,,"Nasim et al. 2017, Bangladesh Rice Journal 21(2):1-55, doi:10.3329/brj.v21i2.38195"
153,Fallow−B.Aus+B.Aman,3470,0.041,3,5,1,1,True,False,Fallow,B.Aus+B.Aman,B.Aus+B.Aman,,"Nasim et al. 2017, Bangladesh Rice Journal 21(2):1-55, doi:10.3329/brj.v21i2.38195"
154,Sweet Potato−Jute−Fallow,3380,0.039,13,21,2,1,False,False,Sweet Potato,Jute,Fallow,,"Nasim et al. 2017, Bangladesh Rice Journal 21(2):1-55, doi:10.3329/brj.v21i2.38195"
155,Mustard−Sesame−T. Aman,3360,0.039,12,15,3,0,True,False,Mustard,Sesame,T. Aman,,"Nasim et al. 2017, Bangladesh Rice Journal 21(2):1-55, doi:10.3329/brj.v21i2.38195"
156,Vegetable−Onion−Aus,3200,0.037,3,3,3,0,True,False,Vegetable,Onion,Aus,,"Nasim et al. 2017, Bangladesh Rice Journal 21(2):1-55, doi:10.3329/brj.v21i2.38195"
157,Tobacco−Aus−Fallow,3180,0.037,5,10,2,1,True,False,Tobacco,Aus,Fallow,,"Nasim et al. 2017, Bangladesh Rice Journal 21(2):1-55, doi:10.3329/brj.v21i2.38195"
158,Coriander−Fallow−Fallow,3175,0.037,41,64,1,2,False,False,Coriander,Fallow,Fallow,,"Nasim et al. 2017, Bangladesh Rice Journal 21(2):1-55, doi:10.3329/brj.v21i2.38195"
159,Potato−Boro−Aus−T. Aman,3140,0.037,5,9,4,0,True,False,Potato,Boro,Aus,T. Aman,"Nasim et al. 2017, Bangladesh Rice Journal 21(2):1-55, doi:10.3329/brj.v21i2.38195"
160,Onion−Sesame−T. Aman,3080,0.036,4,6,3,0,True,False,Onion,Sesame,T. Aman,,"Nasim et al. 2017, Bangladesh Rice Journal 21(2):1-55, doi:10.3329/brj.v21i2.38195"
161,Maize−Maize−T. Aman,3070,0.036,6,8,3,0,True,False,Maize,Maize,T. Aman,,"Nasim et al. 2017, Bangladesh Rice Journal 21(2):1-55, doi:10.3329/brj.v21i2.38195"
162,Wheat−Maize−Fallow,3070,0.036,2,4,2,1,False,False,Wheat,Maize,Fallow,,"Nasim et al. 2017, Bangladesh Rice Journal 21(2):1-55, doi:10.3329/brj.v21i2.38195"
163,Sesame−Fallow−Blackgram,3060,0.036,6,10,2,1,False,True,Sesame,Fallow,Blackgram,,"Nasim et al. 2017, Bangladesh Rice Journal 21(2):1-55, doi:10.3329/brj.v21i2.38195"
164,Maize−Aus−Vegetable,3000,0.035,3,4,3,0,True,False,Maize,Aus,Vegetable,,"Nasim et al. 2017, Bangladesh Rice Journal 21(2):1-55, doi:10.3329/brj.v21i2.38195"
165,Mustard−Boro−Jute,3000,0.035,5,7,3,0,True,False,Mustard,Boro,Jute,,"Nasim et al. 2017, Bangladesh Rice Journal 21(2):1-55, doi:10.3329/brj.v21i2.38195"
166,Mustard−Boro−Jute−T. Aman,2980,0.035,7,13,4,0,True,False,Mustard,Boro,Jute,T. Aman,"Nasim et al. 2017, Bangladesh Rice Journal 21(2):1-55, doi:10.3329/brj.v21i2.38195"
167,Maize−Aus−T. Aman,2970,0.035,17,27,3,0,True,False,Maize,Aus,T. Aman,,"Nasim et al. 2017, Bangladesh Rice Journal 21(2):1-55, doi:10.3329/brj.v21i2.38195"
168,Lentil−Maize−T. Aman,2920,0.034,4,8,3,0,True,True,Lentil,Maize,T. Aman,,"Nasim et al. 2017, Bangladesh Rice Journal 21(2):1-55, doi:10.3329/brj.v21i2.38195"
169,Wheat−Mungbean−Fallow,2875,0.034,5,7,2,1,False,True,Wheat,Mungbean,Fallow,,"Nasim et al. 2017, Bangladesh Rice Journal 21(2):1-55, doi:10.3329/brj.v21i2.38195"
170,Groundnut−B.Aman,2820,0.033,5,7,2,0,True,True,Groundnut,B.Aman,B.Aman,,"Nasim et al. 2017, Bangladesh Rice Journal 21(2):1-55, doi:10.3329/brj.v21i2.38195"
171,Lentil−Fallow−Fallow(Orchard),2780,0.032,3,5,2,1,False,True,Lentil,Fallow,Fallow(Orchard),,"Nasim et al. 2017, Bangladesh Rice Journal 21(2):1-55, doi:10.3329/brj.v21i2.38195"
172,Fallow−Sesame+B.Aman,2750,0.032,5,7,1,1,True,False,Fallow,Sesame+B.Aman,Sesame+B.Aman,,"Nasim et al. 2017, Bangladesh Rice Journal 21(2):1-55, doi:10.3329/brj.v21i2.38195"
173,Potato−Groundnut−T. Aman,2720,0.032,3,5,3,0,True,True,Potato,Groundnut,T. Aman,,"Nasim et al. 2017, Bangladesh Rice Journal 21(2):1-55, doi:10.3329/brj.v21i2.38195"
174,Soybean−Fallow−Fallow,2710,0.032,3,4,1,2,False,True,Soybean,Fallow,Fallow,,"Nasim et al. 2017, Bangladesh Rice Journal 21(2):1-55, doi:10.3329/brj.v21i2.38195"
175,Grasspea−Boro−B.Aman,2700,0.032,3,3,3,0,True,True,Grasspea,Boro,B.Aman,,"Nasim et al. 2017, Bangladesh Rice Journal 21(2):1-55, doi:10.3329/brj.v21i2.38195"
176,Lentil−Vegetable−T. Aman,2660,0.031,11,11,3,0,True,True,Lentil,Vegetable,T. Aman,,"Nasim et al. 2017, Bangladesh Rice Journal 21(2):1-55, doi:10.3329/brj.v21i2.38195"
177,Vegetable−Groundnut−T. Aman,2660,0.031,4,5,3,0,True,True,Vegetable,Groundnut,T. Aman,,"Nasim et al. 2017, Bangladesh Rice Journal 21(2):1-55, doi:10.3329/brj.v21i2.38195"
178,Pea−B.Aman,2620,0.031,11,16,2,0,True,True,Pea,B.Aman,B.Aman,,"Nasim et al. 2017, Bangladesh Rice Journal 21(2):1-55, doi:10.3329/brj.v21i2.38195"
179,Garlic−Mungbean−T. Aman,2500,0.029,1,2,3,0,True,True,Garlic,Mungbean,T. Aman,,"Nasim et al. 2017, Bangladesh Rice Journal 21(2):1-55, doi:10.3329/brj.v21i2.38195"
180,Garlic−Aus−T. Aman,2400,0.028,13,20,3,0,True,False,Garlic,Aus,T. Aman,,"Nasim et al. 2017, Bangladesh Rice Journal 21(2):1-55, doi:10.3329/brj.v21i2.38195"
181,Millet(Kaon)−Fallow−T. Aman,2390,0.028,6,6,2,1,True,False,Millet(Kaon),Fallow,T. Aman,,"Nasim et al. 2017, Bangladesh Rice Journal 21(2):1-55, doi:10.3329/brj.v21i2.38195"
182,Muskmelon−Fallow−T. Aman,2310,0.027,10,23,2,1,True,False,Muskmelon,Fallow,T. Aman,,"Nasim et al. 2017, Bangladesh Rice Journal 21(2):1-55, doi:10.3329/brj.v21i2.38195"
183,Potato−Aus−Fallow,2310,0.027,13,16,2,1,True,False,Potato,Aus,Fallow,,"Nasim et al. 2017, Bangladesh Rice Journal 21(2):1-55, doi:10.3329/brj.v21i2.38195"
184,Tobacco−Boro−T. Aman,2300,0.027,3,4,3,0,True,False,Tobacco,Boro,T. Aman,,"Nasim et al. 2017, Bangladesh Rice Journal 21(2):1-55, doi:10.3329/brj.v21i2.38195"
185,Blackgram−Jute−Fallow,2295,0.027,12,16,2,1,False,True,Blackgram,Jute,Fallow,,"Nasim et al. 2017, Bangladesh Rice Journal 21(2):1-55, doi:10.3329/brj.v21i2.38195"
186,Grasspea−Fallow−Fallow,2295,0.027,9,11,1,2,False,True,Grasspea,Fallow,Fallow,,"Nasim et al. 2017, Bangladesh Rice Journal 21(2):1-55, doi:10.3329/brj.v21i2.38195"
187,Fallow−Fallow−T. Aman +Fish,2200,0.026,2,2,1,2,True,False,Fallow,Fallow,T. Aman +Fish,,"Nasim et al. 2017, Bangladesh Rice Journal 21(2):1-55, doi:10.3329/brj.v21i2.38195"
188,Potato−Maize−Vegetable,2190,0.026,4,4,3,0,False,False,Potato,Maize,Vegetable,,"Nasim et al. 2017, Bangladesh Rice Journal 21(2):1-55, doi:10.3329/brj.v21i2.38195"
189,Coriander−Fallow−T. Aman,2185,0.026,31,62,2,1,True,False,Coriander,Fallow,T. Aman,,"Nasim et al. 2017, Bangladesh Rice Journal 21(2):1-55, doi:10.3329/brj.v21i2.38195"
190,Vegetable−Maize−Fallow,2180,0.025,6,7,2,1,False,False,Vegetable,Maize,Fallow,,"Nasim et al. 2017, Bangladesh Rice Journal 21(2):1-55, doi:10.3329/brj.v21i2.38195"
191,Potato−Boro−Jute−T. Aman,2160,0.025,4,5,4,0,True,False,Potato,Boro,Jute,T. Aman,"Nasim et al. 2017, Bangladesh Rice Journal 21(2):1-55, doi:10.3329/brj.v21i2.38195"
192,Sweet Potato−Aus−T. Aman,2150,0.025,2,2,3,0,True,False,Sweet Potato,Aus,T. Aman,,"Nasim et al. 2017, Bangladesh Rice Journal 21(2):1-55, doi:10.3329/brj.v21i2.38195"
193,Wheat−Mung−Fallow(Orchard),2150,0.025,2,3,3,0,False,False,Wheat,Mung,Fallow(Orchard),,"Nasim et al. 2017, Bangladesh Rice Journal 21(2):1-55, doi:10.3329/brj.v21i2.38195"
194,Onion−Sesame+B.Aman,2100,0.025,2,3,2,0,True,False,Onion,Sesame+B.Aman,Sesame+B.Aman,,"Nasim et al. 2017, Bangladesh Rice Journal 21(2):1-55, doi:10.3329/brj.v21i2.38195"
195,Pea−Jute−Fallow,2100,0.025,10,15,2,1,False,True,Pea,Jute,Fallow,,"Nasim et al. 2017, Bangladesh Rice Journal 21(2):1-55, doi:10.3329/brj.v21i2.38195"
196,Sunflower−Fallow−T. Aman,2100,0.025,7,23,2,1,True,False,Sunflower,Fallow,T. Aman,,"Nasim et al. 2017, Bangladesh Rice Journal 21(2):1-55, doi:10.3329/brj.v21i2.38195"
197,Coriander−Vegetable−Fallow,2090,0.024,20,29,2,1,False,False,Coriander,Vegetable,Fallow,,"Nasim et al. 2017, Bangladesh Rice Journal 21(2):1-55, doi:10.3329/brj.v21i2.38195"
198,Potato−Chilli−Fallow,2070,0.024,10,17,2,1,False,False,Potato,Chilli,Fallow,,"Nasim et al. 2017, Bangladesh Rice Journal 21(2):1-55, doi:10.3329/brj.v21i2.38195"
199,Potato−Sesame−T. Aman,2060,0.024,15,23,3,0,True,False,Potato,Sesame,T. Aman,,"Nasim et al. 2017, Bangladesh Rice Journal 21(2):1-55, doi:10.3329/brj.v21i2.38195"
200,Blackgram(Fodder)−Boro−B.Aman,2000,0.023,1,1,3,0,True,True,Blackgram(Fodder),Boro,B.Aman,,"Nasim et al. 2017, Bangladesh Rice Journal 21(2):1-55, doi:10.3329/brj.v21i2.38195"
201,Wheat−Maize−Vegetable,2000,0.023,2,2,3,0,False,False,Wheat,Maize,Vegetable,,"Nasim et al. 2017, Bangladesh Rice Journal 21(2):1-55, doi:10.3329/brj.v21i2.38195"
202,Pea−Fallow−T. Aman,1950,0.023,18,27,2,1,True,True,Pea,Fallow,T. Aman,,"Nasim et al. 2017, Bangladesh Rice Journal 21(2):1-55, doi:10.3329/brj.v21i2.38195"
203,Potato−Sesame−Fallow,1930,0.023,6,10,2,1,False,False,Potato,Sesame,Fallow,,"Nasim et al. 2017, Bangladesh Rice Journal 21(2):1-55, doi:10.3329/brj.v21i2.38195"
204,Blackgram−Jute−T. Aman,1900,0.022,11,14,3,0,True,True,Blackgram,Jute,T. Aman,,"Nasim et al. 2017, Bangladesh Rice Journal 21(2):1-55, doi:10.3329/brj.v21i2.38195"
205,Mustard−Aus−Blackgram,1900,0.022,2,2,3,0,True,True,Mustard,Aus,Blackgram,,"Nasim et al. 2017, Bangladesh Rice Journal 21(2):1-55, doi:10.3329/brj.v21i2.38195"
206,Mustard−Jute−Vegetable,1900,0.022,3,5,3,0,False,False,Mustard,Jute,Vegetable,,"Nasim et al. 2017, Bangladesh Rice Journal 21(2):1-55, doi:10.3329/brj.v21i2.38195"
207,Wheat−Aus−Onion,1900,0.022,1,1,3,0,True,False,Wheat,Aus,Onion,,"Nasim et al. 2017, Bangladesh Rice Journal 21(2):1-55, doi:10.3329/brj.v21i2.38195"
208,Blackcumin−Jute−Fallow,1840,0.021,6,12,2,1,False,False,Blackcumin,Jute,Fallow,,"Nasim et al. 2017, Bangladesh Rice Journal 21(2):1-55, doi:10.3329/brj.v21i2.38195"
209,Maize−Sesame−T. Aman,1835,0.021,6,9,3,0,True,False,Maize,Sesame,T. Aman,,"Nasim et al. 2017, Bangladesh Rice Journal 21(2):1-55, doi:10.3329/brj.v21i2.38195"
210,Maize−Vegetable−T. Aman,1810,0.021,11,12,3,0,True,False,Maize,Vegetable,T. Aman,,"Nasim et al. 2017, Bangladesh Rice Journal 21(2):1-55, doi:10.3329/brj.v21i2.38195"
211,Millet(Kaon)+Sesame−Fallow,1810,0.021,5,7,1,1,False,False,Millet(Kaon)+Sesame,Fallow,Fallow,,"Nasim et al. 2017, Bangladesh Rice Journal 21(2):1-55, doi:10.3329/brj.v21i2.38195"
212,Onion−Aus−Blackgram,1810,0.021,5,6,3,0,True,True,Onion,Aus,Blackgram,,"Nasim et al. 2017, Bangladesh Rice Journal 21(2):1-55, doi:10.3329/brj.v21i2.38195"
213,Grasspea−Boro−Aus,1800,0.021,1,1,3,0,True,True,Grasspea,Boro,Aus,,"Nasim et al. 2017, Bangladesh Rice Journal 21(2):1-55, doi:10.3329/brj.v21i2.38195"
214,Grasspea−Sesame+B.Aman,1800,0.021,2,2,2,0,True,True,Grasspea,Sesame+B.Aman,Sesame+B.Aman,,"Nasim et al. 2017, Bangladesh Rice Journal 21(2):1-55, doi:10.3329/brj.v21i2.38195"
215,Grasspea−Sesame−T. Aman,1790,0.021,5,6,3,0,True,True,Grasspea,Sesame,T. Aman,,"Nasim et al. 2017, Bangladesh Rice Journal 21(2):1-55, doi:10.3329/brj.v21i2.38195"
216,Grasspea−Sesbania−Fallow,1780,0.021,4,4,2,1,False,True,Grasspea,Sesbania,Fallow,,"Nasim et al. 2017, Bangladesh Rice Journal 21(2):1-55, doi:10.3329/brj.v21i2.38195"
217,Mustard−B.Aus+B.Aman,1780,0.021,4,4,2,0,True,False,Mustard,B.Aus+B.Aman,B.Aus+B.Aman,,"Nasim et al. 2017, Bangladesh Rice Journal 21(2):1-55, doi:10.3329/brj.v21i2.38195"
218,Blackgram−Aus−T. Aman,1735,0.02,10,13,3,0,True,True,Blackgram,Aus,T. Aman,,"Nasim et al. 2017, Bangladesh Rice Journal 21(2):1-55, doi:10.3329/brj.v21i2.38195"
219,Mustard−Sesame+B.Aman,1650,0.019,3,4,2,0,True,False,Mustard,Sesame+B.Aman,Sesame+B.Aman,,"Nasim et al. 2017, Bangladesh Rice Journal 21(2):1-55, doi:10.3329/brj.v21i2.38195"
220,Tobacco−Sesbania−T. Aman,1620,0.019,1,2,3,0,True,False,Tobacco,Sesbania,T. Aman,,"Nasim et al. 2017, Bangladesh Rice Journal 21(2):1-55, doi:10.3329/brj.v21i2.38195"
221,Vegetable−Aus−Blackgram,1610,0.019,4,4,3,0,True,True,Vegetable,Aus,Blackgram,,"Nasim et al. 2017, Bangladesh Rice Journal 21(2):1-55, doi:10.3329/brj.v21i2.38195"
222,Grasspea−B.Aus+B.Aman,1580,0.018,6,8,2,0,True,True,Grasspea,B.Aus+B.Aman,B.Aus+B.Aman,,"Nasim et al. 2017, Bangladesh Rice Journal 21(2):1-55, doi:10.3329/brj.v21i2.38195"
223,Maize−Sesame−Fallow,1580,0.018,6,8,2,1,False,False,Maize,Sesame,Fallow,,"Nasim et al. 2017, Bangladesh Rice Journal 21(2):1-55, doi:10.3329/brj.v21i2.38195"
224,Groundnut−Aus−Fallow,1550,0.018,5,5,2,1,True,True,Groundnut,Aus,Fallow,,"Nasim et al. 2017, Bangladesh Rice Journal 21(2):1-55, doi:10.3329/brj.v21i2.38195"
225,Wheat−Sesame−Fallow,1550,0.018,7,8,2,1,False,False,Wheat,Sesame,Fallow,,"Nasim et al. 2017, Bangladesh Rice Journal 21(2):1-55, doi:10.3329/brj.v21i2.38195"
226,Groundnut−Jute−T. Aman,1530,0.018,7,13,3,0,True,True,Groundnut,Jute,T. Aman,,"Nasim et al. 2017, Bangladesh Rice Journal 21(2):1-55, doi:10.3329/brj.v21i2.38195"
227,Boro−Fallow−Maize,1500,0.018,1,1,2,1,True,False,Boro,Fallow,Maize,,"Nasim et al. 2017, Bangladesh Rice Journal 21(2):1-55, doi:10.3329/brj.v21i2.38195"
228,Tobacco−Vegetable−Vegetable,1500,0.018,1,1,3,0,False,False,Tobacco,Vegetable,Vegetable,,"Nasim et al. 2017, Bangladesh Rice Journal 21(2):1-55, doi:10.3329/brj.v21i2.38195"
229,Onion−Maize−T. Aman,1490,0.017,7,9,3,0,True,False,Onion,Maize,T. Aman,,"Nasim et al. 2017, Bangladesh Rice Journal 21(2):1-55, doi:10.3329/brj.v21i2.38195"
230,Coriander−B.Aman,1480,0.017,11,11,2,0,True,False,Coriander,B.Aman,B.Aman,,"Nasim et al. 2017, Bangladesh Rice Journal 21(2):1-55, doi:10.3329/brj.v21i2.38195"
231,Garlic−Aus−Fallow,1450,0.017,12,15,2,1,True,False,Garlic,Aus,Fallow,,"Nasim et al. 2017, Bangladesh Rice Journal 21(2):1-55, doi:10.3329/brj.v21i2.38195"
232,Vegetable−Jute−Vegetable,1450,0.017,5,5,3,0,False,False,Vegetable,Jute,Vegetable,,"Nasim et al. 2017, Bangladesh Rice Journal 21(2):1-55, doi:10.3329/brj.v21i2.38195"
233,Chilli−Vegetable−T. Aman,1405,0.016,15,19,3,0,True,False,Chilli,Vegetable,T. Aman,,"Nasim et al. 2017, Bangladesh Rice Journal 21(2):1-55, doi:10.3329/brj.v21i2.38195"
234,Fallow−Aus−Fallow,1400,0.016,3,3,1,2,True,False,Fallow,Aus,Fallow,,"Nasim et al. 2017, Bangladesh Rice Journal 21(2):1-55, doi:10.3329/brj.v21i2.38195"
235,Maize−Boro−T. Aman,1400,0.016,2,2,3,0,True,False,Maize,Boro,T. Aman,,"Nasim et al. 2017, Bangladesh Rice Journal 21(2):1-55, doi:10.3329/brj.v21i2.38195"
236,Maize−Aus−Blackgram,1370,0.016,3,3,3,0,True,True,Maize,Aus,Blackgram,,"Nasim et al. 2017, Bangladesh Rice Journal 21(2):1-55, doi:10.3329/brj.v21i2.38195"
237,Cotton−Aus−Fallow,1330,0.016,3,3,2,1,True,False,Cotton,Aus,Fallow,,"Nasim et al. 2017, Bangladesh Rice Journal 21(2):1-55, doi:10.3329/brj.v21i2.38195"
238,Grasspea−Sesame−Fallow,1330,0.016,7,10,2,1,False,True,Grasspea,Sesame,Fallow,,"Nasim et al. 2017, Bangladesh Rice Journal 21(2):1-55, doi:10.3329/brj.v21i2.38195"
239,Groundnut−Fallow−Blackgram,1320,0.015,3,3,2,1,False,True,Groundnut,Fallow,Blackgram,,"Nasim et al. 2017, Bangladesh Rice Journal 21(2):1-55, doi:10.3329/brj.v21i2.38195"
240,Wheat−Jute−Vegetable,1320,0.015,6,6,3,0,False,False,Wheat,Jute,Vegetable,,"Nasim et al. 2017, Bangladesh Rice Journal 21(2):1-55, doi:10.3329/brj.v21i2.38195"
241,Pea−Aus−Vegetable,1310,0.015,7,8,3,0,True,True,Pea,Aus,Vegetable,,"Nasim et al. 2017, Bangladesh Rice Journal 21(2):1-55, doi:10.3329/brj.v21i2.38195"
242,Onion−Sesame−Fallow,1270,0.015,8,9,2,1,False,False,Onion,Sesame,Fallow,,"Nasim et al. 2017, Bangladesh Rice Journal 21(2):1-55, doi:10.3329/brj.v21i2.38195"
243,Blackcumin−Jute−T. Aman,1260,0.015,6,11,3,0,True,False,Blackcumin,Jute,T. Aman,,"Nasim et al. 2017, Bangladesh Rice Journal 21(2):1-55, doi:10.3329/brj.v21i2.38195"
244,Sesame−Aus−Fallow,1190,0.014,3,4,2,1,True,False,Sesame,Aus,Fallow,,"Nasim et al. 2017, Bangladesh Rice Journal 21(2):1-55, doi:10.3329/brj.v21i2.38195"
245,Sesame−Aus−T. Aman,1180,0.014,4,5,3,0,True,False,Sesame,Aus,T. Aman,,"Nasim et al. 2017, Bangladesh Rice Journal 21(2):1-55, doi:10.3329/brj.v21i2.38195"
246,Water Melon−Fallow−Fallow,1165,0.014,9,12,1,2,False,False,Water Melon,Fallow,Fallow,,"Nasim et al. 2017, Bangladesh Rice Journal 21(2):1-55, doi:10.3329/brj.v21i2.38195"
247,Pea−Vegetable−Fallow,1160,0.014,4,5,2,1,False,True,Pea,Vegetable,Fallow,,"Nasim et al. 2017, Bangladesh Rice Journal 21(2):1-55, doi:10.3329/brj.v21i2.38195"
248,Potato−Mungbean−T. Aman,1140,0.013,11,13,3,0,True,True,Potato,Mungbean,T. Aman,,"Nasim et al. 2017, Bangladesh Rice Journal 21(2):1-55, doi:10.3329/brj.v21i2.38195"
249,Potato−Groundnut,1110,0.013,5,8,2,0,False,True,Potato,Groundnut,Groundnut,,"Nasim et al. 2017, Bangladesh Rice Journal 21(2):1-55, doi:10.3329/brj.v21i2.38195"
250,Tobacco−Fallow−Fallow,1045,0.012,5,8,1,2,False,False,Tobacco,Fallow,Fallow,,"Nasim et al. 2017, Bangladesh Rice Journal 21(2):1-55, doi:10.3329/brj.v21i2.38195"
251,Potato−Maize−Aus−Vegetable,1030,0.012,3,3,4,0,True,False,Potato,Maize,Aus,Vegetable,"Nasim et al. 2017, Bangladesh Rice Journal 21(2):1-55, doi:10.3329/brj.v21i2.38195"
252,Fallow−Fallow−T. Aman (Orchard),1000,0.012,1,1,1,2,True,False,Fallow,Fallow,T. Aman (Orchard),,"Nasim et al. 2017, Bangladesh Rice Journal 21(2):1-55, doi:10.3329/brj.v21i2.38195"
253,Maize−Sesbania−Fallow,1000,0.012,1,1,2,1,False,False,Maize,Sesbania,Fallow,,"Nasim et al. 2017, Bangladesh Rice Journal 21(2):1-55, doi:10.3329/brj.v21i2.38195"
254,Lentil−Sesame+B.Aman,980,0.011,1,1,2,0,True,True,Lentil,Sesame+B.Aman,Sesame+B.Aman,,"Nasim et al. 2017, Bangladesh Rice Journal 21(2):1-55, doi:10.3329/brj.v21i2.38195"
255,Maize−Mungbean−Vegetable,950,0.011,3,3,3,0,False,True,Maize,Mungbean,Vegetable,,"Nasim et al. 2017, Bangladesh Rice Journal 21(2):1-55, doi:10.3329/brj.v21i2.38195"
256,Millet (Cheena)−Fallow−Fallow,935,0.011,5,6,1,2,False,False,Millet (Cheena),Fallow,Fallow,,"Nasim et al. 2017, Bangladesh Rice Journal 21(2):1-55, doi:10.3329/brj.v21i2.38195"
257,Potato−Sweet gourd−Aus,910,0.011,6,8,3,0,True,False,Potato,Sweet gourd,Aus,,"Nasim et al. 2017, Bangladesh Rice Journal 21(2):1-55, doi:10.3329/brj.v21i2.38195"
258,Wheat−Fallow−Blackgram,900,0.011,1,1,2,1,False,True,Wheat,Fallow,Blackgram,,"Nasim et al. 2017, Bangladesh Rice Journal 21(2):1-55, doi:10.3329/brj.v21i2.38195"
259,Mustard−Fallow−Fallow,895,0.01,9,13,1,2,False,False,Mustard,Fallow,Fallow,,"Nasim et al. 2017, Bangladesh Rice Journal 21(2):1-55, doi:10.3329/brj.v21i2.38195"
260,Coriander−Sesame−T. Aman,845,0.01,5,5,3,0,True,False,Coriander,Sesame,T. Aman,,"Nasim et al. 2017, Bangladesh Rice Journal 21(2):1-55, doi:10.3329/brj.v21i2.38195"
261,Vegetable−Boro−Aus−T. Aman,820,0.01,4,5,4,0,True,False,Vegetable,Boro,Aus,T. Aman,"Nasim et al. 2017, Bangladesh Rice Journal 21(2):1-55, doi:10.3329/brj.v21i2.38195"
262,Vegetable−Boro−Jute,800,0.009,2,3,3,0,True,False,Vegetable,Boro,Jute,,"Nasim et al. 2017, Bangladesh Rice Journal 21(2):1-55, doi:10.3329/brj.v21i2.38195"
263,Potato+Sweetgourd−Aus−T. Aman,780,0.009,3,5,3,0,True,False,Potato+Sweetgourd,Aus,T. Aman,,"Nasim et al. 2017, Bangladesh Rice Journal 21(2):1-55, doi:10.3329/brj.v21i2.38195"
264,Wheat−Sesame−Blackgram(Orchard),760,0.009,3,3,3,0,False,True,Wheat,Sesame,Blackgram(Orchard),,"Nasim et al. 2017, Bangladesh Rice Journal 21(2):1-55, doi:10.3329/brj.v21i2.38195"
265,Sweet Potato−B.Aman,740,0.009,6,6,2,0,True,False,Sweet Potato,B.Aman,B.Aman,,"Nasim et al. 2017, Bangladesh Rice Journal 21(2):1-55, doi:10.3329/brj.v21i2.38195"
266,Mustard−Boro−Sesbania,700,0.008,2,2,3,0,True,False,Mustard,Boro,Sesbania,,"Nasim et al. 2017, Bangladesh Rice Journal 21(2):1-55, doi:10.3329/brj.v21i2.38195"
267,Potato−Boro−Vegetable,700,0.008,4,4,3,0,True,False,Potato,Boro,Vegetable,,"Nasim et al. 2017, Bangladesh Rice Journal 21(2):1-55, doi:10.3329/brj.v21i2.38195"
268,Soybean−Aus−Fallow,700,0.008,1,1,2,1,True,True,Soybean,Aus,Fallow,,"Nasim et al. 2017, Bangladesh Rice Journal 21(2):1-55, doi:10.3329/brj.v21i2.38195"
269,Sweet Potato−Jute−T. Aman,675,0.008,10,13,3,0,True,False,Sweet Potato,Jute,T. Aman,,"Nasim et al. 2017, Bangladesh Rice Journal 21(2):1-55, doi:10.3329/brj.v21i2.38195"
270,Maize−Groundnut,620,0.007,1,1,2,0,False,True,Maize,Groundnut,Groundnut,,"Nasim et al. 2017, Bangladesh Rice Journal 21(2):1-55, doi:10.3329/brj.v21i2.38195"
271,Millet(Cheena)−Jute−Fallow,620,0.007,2,2,2,1,False,False,Millet(Cheena),Jute,Fallow,,"Nasim et al. 2017, Bangladesh Rice Journal 21(2):1-55, doi:10.3329/brj.v21i2.38195"
272,Sesame+B.Aman−Blackgram,600,0.007,1,1,2,0,True,True,Sesame+B.Aman,Blackgram,Blackgram,,"Nasim et al. 2017, Bangladesh Rice Journal 21(2):1-55, doi:10.3329/brj.v21i2.38195"
273,Tobacco−Maize−Vegetable,600,0.007,1,1,3,0,False,False,Tobacco,Maize,Vegetable,,"Nasim et al. 2017, Bangladesh Rice Journal 21(2):1-55, doi:10.3329/brj.v21i2.38195"
274,Tobacco−Sesbania,600,0.007,1,1,2,0,False,False,Tobacco,Sesbania,Sesbania,,"Nasim et al. 2017, Bangladesh Rice Journal 21(2):1-55, doi:10.3329/brj.v21i2.38195"
275,Wheat−Aus−Cotton,600,0.007,1,1,3,0,True,False,Wheat,Aus,Cotton,,"Nasim et al. 2017, Bangladesh Rice Journal 21(2):1-55, doi:10.3329/brj.v21i2.38195"
276,Groundnut−Sesame−Fallow,590,0.007,4,5,2,1,False,True,Groundnut,Sesame,Fallow,,"Nasim et al. 2017, Bangladesh Rice Journal 21(2):1-55, doi:10.3329/brj.v21i2.38195"
277,Potato−Boro−Jute,590,0.007,2,2,3,0,True,False,Potato,Boro,Jute,,"Nasim et al. 2017, Bangladesh Rice Journal 21(2):1-55, doi:10.3329/brj.v21i2.38195"
278,Wheat−Ginger/Turmeric,580,0.007,2,2,2,0,False,False,Wheat,Ginger/Turmeric,Ginger/Turmeric,,"Nasim et al. 2017, Bangladesh Rice Journal 21(2):1-55, doi:10.3329/brj.v21i2.38195"
279,Sweet Potato−Vegetable−Fallow,540,0.006,5,9,2,1,False,False,Sweet Potato,Vegetable,Fallow,,"Nasim et al. 2017, Bangladesh Rice Journal 21(2):1-55, doi:10.3329/brj.v21i2.38195"
280,Water Melon−B.Aman,535,0.006,3,3,2,0,True,False,Water Melon,B.Aman,B.Aman,,"Nasim et al. 2017, Bangladesh Rice Journal 21(2):1-55, doi:10.3329/brj.v21i2.38195"
281,Garlic−Fallow−Fallow,530,0.006,10,14,1,2,False,False,Garlic,Fallow,Fallow,,"Nasim et al. 2017, Bangladesh Rice Journal 21(2):1-55, doi:10.3329/brj.v21i2.38195"
282,Onion−Maize−Fallow,520,0.006,4,4,2,1,False,False,Onion,Maize,Fallow,,"Nasim et al. 2017, Bangladesh Rice Journal 21(2):1-55, doi:10.3329/brj.v21i2.38195"
283,Potato−Onion−T. Aman,510,0.006,2,2,3,0,True,False,Potato,Onion,T. Aman,,"Nasim et al. 2017, Bangladesh Rice Journal 21(2):1-55, doi:10.3329/brj.v21i2.38195"
284,Felon−Aus−Fallow,470,0.005,2,3,2,1,True,True,Felon,Aus,Fallow,,"Nasim et al. 2017, Bangladesh Rice Journal 21(2):1-55, doi:10.3329/brj.v21i2.38195"
285,Grasspea−Mungbean−T. Aman,440,0.005,5,5,3,0,True,True,Grasspea,Mungbean,T. Aman,,"Nasim et al. 2017, Bangladesh Rice Journal 21(2):1-55, doi:10.3329/brj.v21i2.38195"
286,Boro−Maize−Fallow,410,0.005,2,2,2,1,True,False,Boro,Maize,Fallow,,"Nasim et al. 2017, Bangladesh Rice Journal 21(2):1-55, doi:10.3329/brj.v21i2.38195"
287,Potato+Maize−B.Aman,410,0.005,2,3,2,0,True,False,Potato+Maize,B.Aman,B.Aman,,"Nasim et al. 2017, Bangladesh Rice Journal 21(2):1-55, doi:10.3329/brj.v21i2.38195"
288,Felon−Fallow−Fallow,380,0.004,3,4,1,2,False,True,Felon,Fallow,Fallow,,"Nasim et al. 2017, Bangladesh Rice Journal 21(2):1-55, doi:10.3329/brj.v21i2.38195"
289,Groundnut−Millet(Kaon)−Fallow,380,0.004,2,2,2,1,False,True,Groundnut,Millet(Kaon),Fallow,,"Nasim et al. 2017, Bangladesh Rice Journal 21(2):1-55, doi:10.3329/brj.v21i2.38195"
290,Chickpea−Aus−T. Aman,375,0.004,5,7,3,0,True,True,Chickpea,Aus,T. Aman,,"Nasim et al. 2017, Bangladesh Rice Journal 21(2):1-55, doi:10.3329/brj.v21i2.38195"
291,Potato−Sesame−Aus,360,0.004,4,4,3,0,True,False,Potato,Sesame,Aus,,"Nasim et al. 2017, Bangladesh Rice Journal 21(2):1-55, doi:10.3329/brj.v21i2.38195"
292,Boro−Chilli−Fallow,350,0.004,1,1,2,1,True,False,Boro,Chilli,Fallow,,"Nasim et al. 2017, Bangladesh Rice Journal 21(2):1-55, doi:10.3329/brj.v21i2.38195"
293,Boro−Maize−Blackgram,350,0.004,1,1,3,0,True,True,Boro,Maize,Blackgram,,"Nasim et al. 2017, Bangladesh Rice Journal 21(2):1-55, doi:10.3329/brj.v21i2.38195"
294,Sesame−B.Aman,330,0.004,2,2,2,0,True,False,Sesame,B.Aman,B.Aman,,"Nasim et al. 2017, Bangladesh Rice Journal 21(2):1-55, doi:10.3329/brj.v21i2.38195"
295,Garlic+Muskmelon−B.Aman,320,0.004,1,2,2,0,True,False,Garlic+Muskmelon,B.Aman,B.Aman,,"Nasim et al. 2017, Bangladesh Rice Journal 21(2):1-55, doi:10.3329/brj.v21i2.38195"
296,Garlic+WaterMelon−B.Aman,320,0.004,1,2,2,0,True,False,Garlic+WaterMelon,B.Aman,B.Aman,,"Nasim et al. 2017, Bangladesh Rice Journal 21(2):1-55, doi:10.3329/brj.v21i2.38195"
297,Mungbean−Jute−Fallow,300,0.004,6,8,2,1,False,True,Mungbean,Jute,Fallow,,"Nasim et al. 2017, Bangladesh Rice Journal 21(2):1-55, doi:10.3329/brj.v21i2.38195"
298,Sesame−Jute−T. Aman,290,0.003,2,2,3,0,True,False,Sesame,Jute,T. Aman,,"Nasim et al. 2017, Bangladesh Rice Journal 21(2):1-55, doi:10.3329/brj.v21i2.38195"
299,Chickpea−Jute−T. Aman,270,0.003,7,11,3,0,True,True,Chickpea,Jute,T. Aman,,"Nasim et al. 2017, Bangladesh Rice Journal 21(2):1-55, doi:10.3329/brj.v21i2.38195"
300,Grasspea−Aus−Blackgram,250,0.003,1,1,3,0,True,True,Grasspea,Aus,Blackgram,,"Nasim et al. 2017, Bangladesh Rice Journal 21(2):1-55, doi:10.3329/brj.v21i2.38195"
301,Musk Melon−B.Aman,215,0.003,2,5,2,0,True,False,Musk Melon,B.Aman,B.Aman,,"Nasim et al. 2017, Bangladesh Rice Journal 21(2):1-55, doi:10.3329/brj.v21i2.38195"
302,Potato+Maize−Vegetable−T. Aman,210,0.002,2,2,3,0,True,False,Potato+Maize,Vegetable,T. Aman,,"Nasim et al. 2017, Bangladesh Rice Journal 21(2):1-55, doi:10.3329/brj.v21i2.38195"
303,Mustard−Maize−Jute,200,0.002,1,1,3,0,False,False,Mustard,Maize,Jute,,"Nasim et al. 2017, Bangladesh Rice Journal 21(2):1-55, doi:10.3329/brj.v21i2.38195"
304,Vegetab−Onion−Jute−T. Aman,200,0.002,1,1,4,0,True,False,Vegetab,Onion,Jute,T. Aman,"Nasim et al. 2017, Bangladesh Rice Journal 21(2):1-55, doi:10.3329/brj.v21i2.38195"
305,Mungbean−Jute−T. Aman,180,0.002,9,11,3,0,True,True,Mungbean,Jute,T. Aman,,"Nasim et al. 2017, Bangladesh Rice Journal 21(2):1-55, doi:10.3329/brj.v21i2.38195"
306,Soybean−Jute−Fallow,140,0.002,2,2,2,1,False,True,Soybean,Jute,Fallow,,"Nasim et al. 2017, Bangladesh Rice Journal 21(2):1-55, doi:10.3329/brj.v21i2.38195"
307,Sunflower−Jute−Fallow,135,0.002,3,3,2,1,False,False,Sunflower,Jute,Fallow,,"Nasim et al. 2017, Bangladesh Rice Journal 21(2):1-55, doi:10.3329/brj.v21i2.38195"
308,Mungbean−B.Aus+B.Aman,130,0.002,4,4,2,0,True,True,Mungbean,B.Aus+B.Aman,B.Aus+B.Aman,,"Nasim et al. 2017, Bangladesh Rice Journal 21(2):1-55, doi:10.3329/brj.v21i2.38195"
309,Musk Melon−Fallow−Fallow,125,0.001,5,5,1,2,False,False,Musk Melon,Fallow,Fallow,,"Nasim et al. 2017, Bangladesh Rice Journal 21(2):1-55, doi:10.3329/brj.v21i2.38195"
310,Lentil−Mungbean−Jute−T. Aman,100,0.001,1,1,4,0,True,True,Lentil,Mungbean,Jute,T. Aman,"Nasim et al. 2017, Bangladesh Rice Journal 21(2):1-55, doi:10.3329/brj.v21i2.38195"
311,Mustard−Mungbean−Aus−T. Aman,100,0.001,1,1,4,0,True,True,Mustard,Mungbean,Aus,T. Aman,"Nasim et al. 2017, Bangladesh Rice Journal 21(2):1-55, doi:10.3329/brj.v21i2.38195"
312,Potato+S. gourd−M.bean−T. Aman,80,0.001,1,1,3,0,True,False,Potato+S. gourd,M.bean,T. Aman,,"Nasim et al. 2017, Bangladesh Rice Journal 21(2):1-55, doi:10.3329/brj.v21i2.38195"
313,Tobacco−Mungbean−T. Aman,50,0.001,1,1,3,0,True,True,Tobacco,Mungbean,T. Aman,,"Nasim et al. 2017, Bangladesh Rice Journal 21(2):1-55, doi:10.3329/brj.v21i2.38195"
314,Tobacco−Mungbean−Vegetable,40,0.0,1,1,3,0,False,True,Tobacco,Mungbean,Vegetable,,"Nasim et al. 2017, Bangladesh Rice Journal 21(2):1-55, doi:10.3329/brj.v21i2.38195"
315,Mungbean−Aus−Fallow,20,0.0,1,1,2,1,True,True,Mungbean,Aus,Fallow,,"Nasim et al. 2017, Bangladesh Rice Journal 21(2):1-55, doi:10.3329/brj.v21i2.38195"
316,Barley−Fallow−Fallow,15,0.0,1,2,1,2,False,False,Barley,Fallow,Fallow,,"Nasim et al. 2017, Bangladesh Rice Journal 21(2):1-55, doi:10.3329/brj.v21i2.38195"
