district,n_patterns,n_crops,pattern_diversity_index,crop_diversity_index,cropping_intensity_pct,source
Brahamanbaria,62,18,0.757,0.883,165,"Nasim et al. 2017, Bangladesh Rice Journal 21(2):1-55, doi:10.3329/brj.v21i2.38195"
Bagerhat,53,20,0.848,0.921,161,"Nasim et al. 2017, Bangladesh Rice Journal 21(2):1-55, doi:10.3329/brj.v21i2.38195"
Bandarban,49,24,0.953,0.963,138,"Nasim et al. 2017, Bangladesh Rice Journal 21(2):1-55, doi:10.3329/brj.v21i2.38195"
Barguna,29,17,0.868,0.939,218,"Nasim et al. 2017, Bangladesh Rice Journal 21(2):1-55, doi:10.3329/brj.v21i2.38195"
Barisal,74,20,0.911,0.955,192,"Nasim et al. 2017, Bangladesh Rice Journal 21(2):1-55, doi:10.3329/brj.v21i2.38195"
Bhola,61,25,0.933,0.972,228,"Nasim et al. 2017, Bangladesh Rice Journal 21(2):1-55, doi:10.3329/brj.v21i2.38195"
Bogra,96,27,0.803,0.925,248,"Nasim et al. 2017, Bangladesh Rice Journal 21(2):1-55, doi:10.3329/brj.v21i2.38195"
Chandpur,74,22,0.88,0.945,190,"Nasim et al. 2017, Bangladesh Rice Journal 21(2):1-55, doi:10.3329/brj.v21i2.38195"
Nawabganj,62,18,0.944,0.975,217,"Nasim et al. 2017, Bangladesh Rice Journal 21(2):1-55, doi:10.3329/brj.v21i2.38195"
Chittagong,63,25,0.826,0.924,180,"Nasim et al. 2017, Bangladesh Rice Journal 21(2):1-55, doi:10.3329/brj.v21i2.38195"
Chuadanga,48,23,0.867,0.945,224,"Nasim et al. 2017, Bangladesh Rice Journal 21(2):1-55, doi:10.3329/brj.v21i2.38195"
Comilla,117,28,0.868,0.932,210,"Nasim et al. 2017, Bangladesh Rice Journal 21(2):1-55, doi:10.3329/brj.v21i2.38195"
Cox's Bazar,44,22,0.725,0.856,197,"Nasim et al. 2017, Bangladesh Rice Journal 21(2):1-55, doi:10.3329/brj.v21i2.38195"
Dhaka,67,25,0.889,0.937,196,"Nasim et al. 2017, Bangladesh Rice Journal 21(2):1-55, doi:10.3329/brj.v21i2.38195"
Dinajpur,75,22,0.723,0.889,228,"Nasim et al. 2017, Bangladesh Rice Journal 21(2):1-55, doi:10.3329/brj.v21i2.38195"
Faridpur,96,28,0.942,0.972,225,"Nasim et al. 2017, Bangladesh Rice Journal 21(2):1-55, doi:10.3329/brj.v21i2.38195"
Feni,34,22,0.777,0.879,183,"Nasim et al. 2017, Bangladesh Rice Journal 21(2):1-55, doi:10.3329/brj.v21i2.38195"
Gaibandha,52,23,0.583,0.807,210,"Nasim et al. 2017, Bangladesh Rice Journal 21(2):1-55, doi:10.3329/brj.v21i2.38195"
Gazipur,47,26,0.801,0.88,161,"Nasim et al. 2017, Bangladesh Rice Journal 21(2):1-55, doi:10.3329/brj.v21i2.38195"
Gopalganj,57,25,0.643,0.824,146,"Nasim et al. 2017, Bangladesh Rice Journal 21(2):1-55, doi:10.3329/brj.v21i2.38195"
Habiganj,46,21,0.827,0.916,170,"Nasim et al. 2017, Bangladesh Rice Journal 21(2):1-55, doi:10.3329/brj.v21i2.38195"
Jamalpur,77,22,0.762,0.898,220,"Nasim et al. 2017, Bangladesh Rice Journal 21(2):1-55, doi:10.3329/brj.v21i2.38195"
Jessore,101,25,0.799,0.92,225,"Nasim et al. 2017, Bangladesh Rice Journal 21(2):1-55, doi:10.3329/brj.v21i2.38195"
Jhalokati,40,21,0.891,0.944,189,"Nasim et al. 2017, Bangladesh Rice Journal 21(2):1-55, doi:10.3329/brj.v21i2.38195"
Jhenaidah,76,26,0.833,0.931,223,"Nasim et al. 2017, Bangladesh Rice Journal 21(2):1-55, doi:10.3329/brj.v21i2.38195"
Joypurhat,45,19,0.697,0.879,267,"Nasim et al. 2017, Bangladesh Rice Journal 21(2):1-55, doi:10.3329/brj.v21i2.38195"
Khagrachhari,47,23,0.9,0.929,151,"Nasim et al. 2017, Bangladesh Rice Journal 21(2):1-55, doi:10.3329/brj.v21i2.38195"
Khulna,52,21,0.839,0.922,159,"Nasim et al. 2017, Bangladesh Rice Journal 21(2):1-55, doi:10.3329/brj.v21i2.38195"
Kishoreganj,91,21,0.694,0.852,156,"Nasim et al. 2017, Bangladesh Rice Journal 21(2):1-55, doi:10.3329/brj.v21i2.38195"
Kurigram,78,25,0.673,0.854,214,"Nasim et al. 2017, Bangladesh Rice Journal 21(2):1-55, doi:10.3329/brj.v21i2.38195"
Kushtia,116,26,0.955,0.982,240,"Nasim et al. 2017, Bangladesh Rice Journal 21(2):1-55, doi:10.3329/brj.v21i2.38195"
Lakshmipur,44,21,0.878,0.945,240,"Nasim et al. 2017, Bangladesh Rice Journal 21(2):1-55, doi:10.3329/brj.v21i2.38195"
Lalmonirhat,44,22,0.75,0.897,223,"Nasim et al. 2017, Bangladesh Rice Journal 21(2):1-55, doi:10.3329/brj.v21i2.38195"
Madaripur,57,24,0.91,0.967,204,"Nasim et al. 2017, Bangladesh Rice Journal 21(2):1-55, doi:10.3329/brj.v21i2.38195"
Magura,55,26,0.878,0.98,251,"Nasim et al. 2017, Bangladesh Rice Journal 21(2):1-55, doi:10.3329/brj.v21i2.38195"
Manikganj,75,28,0.917,0.958,212,"Nasim et al. 2017, Bangladesh Rice Journal 21(2):1-55, doi:10.3329/brj.v21i2.38195"
Maulvibazar,47,20,0.819,0.894,168,"Nasim et al. 2017, Bangladesh Rice Journal 21(2):1-55, doi:10.3329/brj.v21i2.38195"
Meherpur,40,21,0.932,0.973,239,"Nasim et al. 2017, Bangladesh Rice Journal 21(2):1-55, doi:10.3329/brj.v21i2.38195"
Munshiganj,38,30,0.835,0.915,177,"Nasim et al. 2017, Bangladesh Rice Journal 21(2):1-55, doi:10.3329/brj.v21i2.38195"
Mymensingh,71,24,0.562,0.779,199,"Nasim et al. 2017, Bangladesh Rice Journal 21(2):1-55, doi:10.3329/brj.v21i2.38195"
Naogaon,90,23,0.848,0.936,221,"Nasim et al. 2017, Bangladesh Rice Journal 21(2):1-55, doi:10.3329/brj.v21i2.38195"
Narail,37,21,0.85,0.932,210,"Nasim et al. 2017, Bangladesh Rice Journal 21(2):1-55, doi:10.3329/brj.v21i2.38195"
Narayanganj,45,27,0.8,0.906,158,"Nasim et al. 2017, Bangladesh Rice Journal 21(2):1-55, doi:10.3329/brj.v21i2.38195"
Narsingdi,54,23,0.753,0.861,181,"Nasim et al. 2017, Bangladesh Rice Journal 21(2):1-55, doi:10.3329/brj.v21i2.38195"
Natore,68,22,0.939,0.972,210,"Nasim et al. 2017, Bangladesh Rice Journal 21(2):1-55, doi:10.3329/brj.v21i2.38195"
Netrakona,54,20,0.603,0.746,160,"Nasim et al. 2017, Bangladesh Rice Journal 21(2):1-55, doi:10.3329/brj.v21i2.38195"
Nilphamari,59,21,0.695,0.875,224,"Nasim et al. 2017, Bangladesh Rice Journal 21(2):1-55, doi:10.3329/brj.v21i2.38195"
Noakhali,49,28,0.892,0.953,178,"Nasim et al. 2017, Bangladesh Rice Journal 21(2):1-55, doi:10.3329/brj.v21i2.38195"
Pabna,90,29,0.97,0.987,230,"Nasim et al. 2017, Bangladesh Rice Journal 21(2):1-55, doi:10.3329/brj.v21i2.38195"
Panchagarh,65,24,0.862,0.938,216,"Nasim et al. 2017, Bangladesh Rice Journal 21(2):1-55, doi:10.3329/brj.v21i2.38195"
Patuakhali,51,22,0.893,0.951,203,"Nasim et al. 2017, Bangladesh Rice Journal 21(2):1-55, doi:10.3329/brj.v21i2.38195"
Pirojpur,50,24,0.858,0.93,162,"Nasim et al. 2017, Bangladesh Rice Journal 21(2):1-55, doi:10.3329/brj.v21i2.38195"
Rajbari,50,26,0.937,0.971,234,"Nasim et al. 2017, Bangladesh Rice Journal 21(2):1-55, doi:10.3329/brj.v21i2.38195"
Rajshahi,99,27,0.964,0.984,221,"Nasim et al. 2017, Bangladesh Rice Journal 21(2):1-55, doi:10.3329/brj.v21i2.38195"
Rangamati,41,25,0.944,0.954,128,"Nasim et al. 2017, Bangladesh Rice Journal 21(2):1-55, doi:10.3329/brj.v21i2.38195"
Rangpur,70,22,0.768,0.907,227,"Nasim et al. 2017, Bangladesh Rice Journal 21(2):1-55, doi:10.3329/brj.v21i2.38195"
Satkhira,62,22,0.84,0.923,193,"Nasim et al. 2017, Bangladesh Rice Journal 21(2):1-55, doi:10.3329/brj.v21i2.38195"
Shariatpur,72,25,0.905,0.963,178,"Nasim et al. 2017, Bangladesh Rice Journal 21(2):1-55, doi:10.3329/brj.v21i2.38195"
Sherpur,44,20,0.522,0.785,213,"Nasim et al. 2017, Bangladesh Rice Journal 21(2):1-55, doi:10.3329/brj.v21i2.38195"
Sirajganj,100,30,0.891,0.95,206,"Nasim et al. 2017, Bangladesh Rice Journal 21(2):1-55, doi:10.3329/brj.v21i2.38195"
Sunamganj,52,24,0.506,0.656,123,"Nasim et al. 2017, Bangladesh Rice Journal 21(2):1-55, doi:10.3329/brj.v21i2.38195"
Sylhet,38,21,0.82,0.894,151,"Nasim et al. 2017, Bangladesh Rice Journal 21(2):1-55, doi:10.3329/brj.v21i2.38195"
Tangail,89,29,0.842,0.922,204,"Nasim et al. 2017, Bangladesh Rice Journal 21(2):1-55, doi:10.3329/brj.v21i2.38195"
Thakurgaon,50,23,0.887,0.955,240,"Nasim et al. 2017, Bangladesh Rice Journal 21(2):1-55, doi:10.3329/brj.v21i2.38195"
