pattern,district,area_ha,pct_district_nca,pct_of_pattern_in_bd,source
Boro-Fallow-T. Aman,Mymensingh,188650,65.13,8.18,"Nasim et al. 2017, Bangladesh Rice Journal 21(2):1-55, doi:10.3329/brj.v21i2.38195"
Boro-Fallow-T. Aman,Dinajpur,138400,49.99,6.0,"Nasim et al. 2017, Bangladesh Rice Journal 21(2):1-55, doi:10.3329/brj.v21i2.38195"
Boro-Fallow-T. Aman,Netrakona,98300,49.22,4.26,"Nasim et al. 2017, Bangladesh Rice Journal 21(2):1-55, doi:10.3329/brj.v21i2.38195"
Boro-Fallow-T. Aman,Gaibandha,96670,63.87,4.19,"Nasim et al. 2017, Bangladesh Rice Journal 21(2):1-55, doi:10.3329/brj.v21i2.38195"
Boro-Fallow-T. Aman,Naogaon,96400,35.59,4.18,"Nasim et al. 2017, Bangladesh Rice Journal 21(2):1-55, doi:10.3329/brj.v21i2.38195"
Boro-Fallow-T. Aman,Tangail,84000,36.04,3.64,"Nasim et al. 2017, Bangladesh Rice Journal 21(2):1-55, doi:10.3329/brj.v21i2.38195"
Boro-Fallow-T. Aman,Kurigram,83500,55.91,3.62,"Nasim et al. 2017, Bangladesh Rice Journal 21(2):1-55, doi:10.3329/brj.v21i2.38195"
Boro-Fallow-T. Aman,Rangpur,81300,46.39,3.53,"Nasim et al. 2017, Bangladesh Rice Journal 21(2):1-55, doi:10.3329/brj.v21i2.38195"
Boro-Fallow-T. Aman,Jessore,80700,42.48,3.5,"Nasim et al. 2017, Bangladesh Rice Journal 21(2):1-55, doi:10.3329/brj.v21i2.38195"
Boro-Fallow-T. Aman,Bogra,80200,36.1,3.48,"Nasim et al. 2017, Bangladesh Rice Journal 21(2):1-55, doi:10.3329/brj.v21i2.38195"
Boro-Fallow-T. Aman,Jamalpur,75300,46.83,3.27,"Nasim et al. 2017, Bangladesh Rice Journal 21(2):1-55, doi:10.3329/brj.v21i2.38195"
Boro-Fallow-T. Aman,Sherpur,69000,68.62,2.99,"Nasim et al. 2017, Bangladesh Rice Journal 21(2):1-55, doi:10.3329/brj.v21i2.38195"
Boro-Fallow-T. Aman,Nilphamari,65300,53.7,2.83,"Nasim et al. 2017, Bangladesh Rice Journal 21(2):1-55, doi:10.3329/brj.v21i2.38195"
Boro-Fallow-T. Aman,Jhenaidah,54900,39.26,2.38,"Nasim et al. 2017, Bangladesh Rice Journal 21(2):1-55, doi:10.3329/brj.v21i2.38195"
Boro-Fallow-T. Aman,Chittagong,46420,23.19,2.01,"Nasim et al. 2017, Bangladesh Rice Journal 21(2):1-55, doi:10.3329/brj.v21i2.38195"
Boro-Fallow-T. Aman,Thakurgaon,45050,30.36,1.95,"Nasim et al. 2017, Bangladesh Rice Journal 21(2):1-55, doi:10.3329/brj.v21i2.38195"
Boro-Fallow-T. Aman,Lalmonirhat,44600,45.12,1.93,"Nasim et al. 2017, Bangladesh Rice Journal 21(2):1-55, doi:10.3329/brj.v21i2.38195"
Boro-Fallow-T. Aman,Sunamganj,43100,16.12,1.87,"Nasim et al. 2017, Bangladesh Rice Journal 21(2):1-55, doi:10.3329/brj.v21i2.38195"
Boro-Fallow-T. Aman,Cox's Bazar,42400,49.66,1.84,"Nasim et al. 2017, Bangladesh Rice Journal 21(2):1-55, doi:10.3329/brj.v21i2.38195"
Boro-Fallow-T. Aman,Satkhira,40950,33.72,1.78,"Nasim et al. 2017, Bangladesh Rice Journal 21(2):1-55, doi:10.3329/brj.v21i2.38195"
Boro-Fallow-T. Aman,Kishoreganj,40300,20.17,1.75,"Nasim et al. 2017, Bangladesh Rice Journal 21(2):1-55, doi:10.3329/brj.v21i2.38195"
Boro-Fallow-T. Aman,Comilla,38710,18.71,1.68,"Nasim et al. 2017, Bangladesh Rice Journal 21(2):1-55, doi:10.3329/brj.v21i2.38195"
Boro-Fallow-T. Aman,Sirajganj,38200,20.82,1.66,"Nasim et al. 2017, Bangladesh Rice Journal 21(2):1-55, doi:10.3329/brj.v21i2.38195"
Boro-Fallow-T. Aman,Bhola,35650,19.13,1.55,"Nasim et al. 2017, Bangladesh Rice Journal 21(2):1-55, doi:10.3329/brj.v21i2.38195"
Boro-Fallow-T. Aman,Sylhet,34200,16.27,1.48,"Nasim et al. 2017, Bangladesh Rice Journal 21(2):1-55, doi:10.3329/brj.v21i2.38195"
Boro-Fallow-T. Aman,Brahamanbaria,34010,24.39,1.47,"Nasim et al. 2017, Bangladesh Rice Journal 21(2):1-55, doi:10.3329/brj.v21i2.38195"
Boro-Fallow-T. Aman,Panchagarh,32400,31.7,1.41,"Nasim et al. 2017, Bangladesh Rice Journal 21(2):1-55, doi:10.3329/brj.v21i2.38195"
Boro-Fallow-T. Aman,Narsingdi,31500,43.6,1.37,"Nasim et al. 2017, Bangladesh Rice Journal 21(2):1-55, doi:10.3329/brj.v21i2.38195"
Boro-Fallow-T. Aman,Barisal,31050,19.59,1.35,"Nasim et al. 2017, Bangladesh Rice Journal 21(2):1-55, doi:10.3329/brj.v21i2.38195"
Boro-Fallow-T. Aman,Chuadanga,28800,32.56,1.25,"Nasim et al. 2017, Bangladesh Rice Journal 21(2):1-55, doi:10.3329/brj.v21i2.38195"
Boro-Fallow-T. Aman,Feni,28800,40.04,1.25,"Nasim et al. 2017, Bangladesh Rice Journal 21(2):1-55, doi:10.3329/brj.v21i2.38195"
Boro-Fallow-T. Aman,Gazipur,27100,31.74,1.18,"Nasim et al. 2017, Bangladesh Rice Journal 21(2):1-55, doi:10.3329/brj.v21i2.38195"
Boro-Fallow-T. Aman,Natore,25490,18.85,1.11,"Nasim et al. 2017, Bangladesh Rice Journal 21(2):1-55, doi:10.3329/brj.v21i2.38195"
Boro-Fallow-T. Aman,Narail,24950,33.73,1.08,"Nasim et al. 2017, Bangladesh Rice Journal 21(2):1-55, doi:10.3329/brj.v21i2.38195"
Boro-Fallow-T. Aman,Maulvibazar,24650,19.34,1.07,"Nasim et al. 2017, Bangladesh Rice Journal 21(2):1-55, doi:10.3329/brj.v21i2.38195"
Boro-Fallow-T. Aman,Rajshahi,22400,13.4,0.97,"Nasim et al. 2017, Bangladesh Rice Journal 21(2):1-55, doi:10.3329/brj.v21i2.38195"
Boro-Fallow-T. Aman,Magura,20800,27.44,0.9,"Nasim et al. 2017, Bangladesh Rice Journal 21(2):1-55, doi:10.3329/brj.v21i2.38195"
Boro-Fallow-T. Aman,Lakshmipur,20200,20.22,0.88,"Nasim et al. 2017, Bangladesh Rice Journal 21(2):1-55, doi:10.3329/brj.v21i2.38195"
Boro-Fallow-T. Aman,Khulna,19870,15.64,0.86,"Nasim et al. 2017, Bangladesh Rice Journal 21(2):1-55, doi:10.3329/brj.v21i2.38195"
Boro-Fallow-T. Aman,Bagerhat,19600,17.26,0.85,"Nasim et al. 2017, Bangladesh Rice Journal 21(2):1-55, doi:10.3329/brj.v21i2.38195"
Boro-Fallow-T. Aman,Joypurhat,19200,24.46,0.83,"Nasim et al. 2017, Bangladesh Rice Journal 21(2):1-55, doi:10.3329/brj.v21i2.38195"
Boro-Fallow-T. Aman,Habiganj,19070,11.32,0.83,"Nasim et al. 2017, Bangladesh Rice Journal 21(2):1-55, doi:10.3329/brj.v21i2.38195"
Boro-Fallow-T. Aman,Kushtia,17900,15.6,0.78,"Nasim et al. 2017, Bangladesh Rice Journal 21(2):1-55, doi:10.3329/brj.v21i2.38195"
Boro-Fallow-T. Aman,Chandpur,14690,15.97,0.64,"Nasim et al. 2017, Bangladesh Rice Journal 21(2):1-55, doi:10.3329/brj.v21i2.38195"
Boro-Fallow-T. Aman,Nawabganj,14100,11.71,0.61,"Nasim et al. 2017, Bangladesh Rice Journal 21(2):1-55, doi:10.3329/brj.v21i2.38195"
Boro-Fallow-T. Aman,Noakhali,12460,6.28,0.54,"Nasim et al. 2017, Bangladesh Rice Journal 21(2):1-55, doi:10.3329/brj.v21i2.38195"
Boro-Fallow-T. Aman,Meherpur,9800,18.12,0.42,"Nasim et al. 2017, Bangladesh Rice Journal 21(2):1-55, doi:10.3329/brj.v21i2.38195"
Boro-Fallow-T. Aman,Khagrachhari,9570,21.59,0.42,"Nasim et al. 2017, Bangladesh Rice Journal 21(2):1-55, doi:10.3329/brj.v21i2.38195"
Boro-Fallow-T. Aman,Pabna,8650,4.69,0.38,"Nasim et al. 2017, Bangladesh Rice Journal 21(2):1-55, doi:10.3329/brj.v21i2.38195"
Boro-Fallow-T. Aman,Pirojpur,6540,7.95,0.28,"Nasim et al. 2017, Bangladesh Rice Journal 21(2):1-55, doi:10.3329/brj.v21i2.38195"
Boro-Fallow-T. Aman,Faridpur,6080,4.34,0.26,"Nasim et al. 2017, Bangladesh Rice Journal 21(2):1-55, doi:10.3329/brj.v21i2.38195"
Boro-Fallow-T. Aman,Jhalokati,5450,10.5,0.24,"Nasim et al. 2017, Bangladesh Rice Journal 21(2):1-55, doi:10.3329/brj.v21i2.38195"
Boro-Fallow-T. Aman,Rajbari,5450,7.17,0.24,"Nasim et al. 2017, Bangladesh Rice Journal 21(2):1-55, doi:10.3329/brj.v21i2.38195"
Boro-Fallow-T. Aman,Bandarban,5170,12.69,0.22,"Nasim et al. 2017, Bangladesh Rice Journal 21(2):1-55, doi:10.3329/brj.v21i2.38195"
Boro-Fallow-T. Aman,Rangamati,4660,10.67,0.2,"Nasim et al. 2017, Bangladesh Rice Journal 21(2):1-55, doi:10.3329/brj.v21i2.38195"
Boro-Fallow-T. Aman,Gopalganj,2900,2.56,0.13,"Nasim et al. 2017, Bangladesh Rice Journal 21(2):1-55, doi:10.3329/brj.v21i2.38195"
Boro-Fallow-T. Aman,Narayanganj,2200,5.54,0.1,"Nasim et al. 2017, Bangladesh Rice Journal 21(2):1-55, doi:10.3329/brj.v21i2.38195"
Boro-Fallow-T. Aman,Dhaka,2040,2.99,0.09,"Nasim et al. 2017, Bangladesh Rice Journal 21(2):1-55, doi:10.3329/brj.v21i2.38195"
Boro-Fallow-T. Aman,Madaripur,1800,2.16,0.08,"Nasim et al. 2017, Bangladesh Rice Journal 21(2):1-55, doi:10.3329/brj.v21i2.38195"
Boro-Fallow-T. Aman,Patuakhali,1670,0.79,0.07,"Nasim et al. 2017, Bangladesh Rice Journal 21(2):1-55, doi:10.3329/brj.v21i2.38195"
Boro-Fallow-T. Aman,Shariatpur,1455,1.87,0.06,"Nasim et al. 2017, Bangladesh Rice Journal 21(2):1-55, doi:10.3329/brj.v21i2.38195"
Boro-Fallow-T. Aman,Manikganj,980,1.05,0.04,"Nasim et al. 2017, Bangladesh Rice Journal 21(2):1-55, doi:10.3329/brj.v21i2.38195"
Boro-Fallow-T. Aman,Barguna,350,0.35,0.02,"Nasim et al. 2017, Bangladesh Rice Journal 21(2):1-55, doi:10.3329/brj.v21i2.38195"
Boro-Fallow-Fallow,Sunamganj,181600,67.91,15.94,"Nasim et al. 2017, Bangladesh Rice Journal 21(2):1-55, doi:10.3329/brj.v21i2.38195"
Boro-Fallow-Fallow,Kishoreganj,102000,51.04,8.95,"Nasim et al. 2017, Bangladesh Rice Journal 21(2):1-55, doi:10.3329/brj.v21i2.38195"
Boro-Fallow-Fallow,Netrakona,78200,39.16,6.86,"Nasim et al. 2017, Bangladesh Rice Journal 21(2):1-55, doi:10.3329/brj.v21i2.38195"
Boro-Fallow-Fallow,Gopalganj,66300,58.6,5.82,"Nasim et al. 2017, Bangladesh Rice Journal 21(2):1-55, doi:10.3329/brj.v21i2.38195"
Boro-Fallow-Fallow,Brahamanbaria,58050,41.63,5.09,"Nasim et al. 2017, Bangladesh Rice Journal 21(2):1-55, doi:10.3329/brj.v21i2.38195"
Boro-Fallow-Fallow,Habiganj,55900,33.18,4.91,"Nasim et al. 2017, Bangladesh Rice Journal 21(2):1-55, doi:10.3329/brj.v21i2.38195"
Boro-Fallow-Fallow,Sylhet,44450,21.15,3.9,"Nasim et al. 2017, Bangladesh Rice Journal 21(2):1-55, doi:10.3329/brj.v21i2.38195"
Boro-Fallow-Fallow,Noakhali,43000,21.66,3.77,"Nasim et al. 2017, Bangladesh Rice Journal 21(2):1-55, doi:10.3329/brj.v21i2.38195"
Boro-Fallow-Fallow,Comilla,34630,16.74,3.04,"Nasim et al. 2017, Bangladesh Rice Journal 21(2):1-55, doi:10.3329/brj.v21i2.38195"
Boro-Fallow-Fallow,Mymensingh,30320,10.47,2.66,"Nasim et al. 2017, Bangladesh Rice Journal 21(2):1-55, doi:10.3329/brj.v21i2.38195"
Boro-Fallow-Fallow,Gazipur,25150,29.46,2.21,"Nasim et al. 2017, Bangladesh Rice Journal 21(2):1-55, doi:10.3329/brj.v21i2.38195"
Boro-Fallow-Fallow,Naogaon,24100,8.9,2.11,"Nasim et al. 2017, Bangladesh Rice Journal 21(2):1-55, doi:10.3329/brj.v21i2.38195"
Boro-Fallow-Fallow,Maulvibazar,22850,17.93,2.01,"Nasim et al. 2017, Bangladesh Rice Journal 21(2):1-55, doi:10.3329/brj.v21i2.38195"
Boro-Fallow-Fallow,Chandpur,22100,24.03,1.94,"Nasim et al. 2017, Bangladesh Rice Journal 21(2):1-55, doi:10.3329/brj.v21i2.38195"
Boro-Fallow-Fallow,Sirajganj,21700,11.82,1.9,"Nasim et al. 2017, Bangladesh Rice Journal 21(2):1-55, doi:10.3329/brj.v21i2.38195"
Boro-Fallow-Fallow,Shariatpur,21500,27.56,1.89,"Nasim et al. 2017, Bangladesh Rice Journal 21(2):1-55, doi:10.3329/brj.v21i2.38195"
Boro-Fallow-Fallow,Barisal,21450,13.54,1.88,"Nasim et al. 2017, Bangladesh Rice Journal 21(2):1-55, doi:10.3329/brj.v21i2.38195"
Boro-Fallow-Fallow,Jessore,19030,10.02,1.67,"Nasim et al. 2017, Bangladesh Rice Journal 21(2):1-55, doi:10.3329/brj.v21i2.38195"
Boro-Fallow-Fallow,Madaripur,18700,22.42,1.64,"Nasim et al. 2017, Bangladesh Rice Journal 21(2):1-55, doi:10.3329/brj.v21i2.38195"
Boro-Fallow-Fallow,Dhaka,17750,26.05,1.56,"Nasim et al. 2017, Bangladesh Rice Journal 21(2):1-55, doi:10.3329/brj.v21i2.38195"
Boro-Fallow-Fallow,Munshiganj,16400,26.54,1.44,"Nasim et al. 2017, Bangladesh Rice Journal 21(2):1-55, doi:10.3329/brj.v21i2.38195"
Boro-Fallow-Fallow,Narayanganj,16400,41.33,1.44,"Nasim et al. 2017, Bangladesh Rice Journal 21(2):1-55, doi:10.3329/brj.v21i2.38195"
Boro-Fallow-Fallow,Narsingdi,16100,22.29,1.41,"Nasim et al. 2017, Bangladesh Rice Journal 21(2):1-55, doi:10.3329/brj.v21i2.38195"
Boro-Fallow-Fallow,Bagerhat,13700,12.07,1.2,"Nasim et al. 2017, Bangladesh Rice Journal 21(2):1-55, doi:10.3329/brj.v21i2.38195"
Boro-Fallow-Fallow,Natore,12830,9.49,1.13,"Nasim et al. 2017, Bangladesh Rice Journal 21(2):1-55, doi:10.3329/brj.v21i2.38195"
Boro-Fallow-Fallow,Tangail,12550,5.39,1.1,"Nasim et al. 2017, Bangladesh Rice Journal 21(2):1-55, doi:10.3329/brj.v21i2.38195"
Boro-Fallow-Fallow,Pirojpur,11100,13.49,0.97,"Nasim et al. 2017, Bangladesh Rice Journal 21(2):1-55, doi:10.3329/brj.v21i2.38195"
Boro-Fallow-Fallow,Kurigram,10600,7.1,0.93,"Nasim et al. 2017, Bangladesh Rice Journal 21(2):1-55, doi:10.3329/brj.v21i2.38195"
Boro-Fallow-Fallow,Pabna,9600,5.21,0.84,"Nasim et al. 2017, Bangladesh Rice Journal 21(2):1-55, doi:10.3329/brj.v21i2.38195"
Boro-Fallow-Fallow,Rajshahi,9150,5.48,0.8,"Nasim et al. 2017, Bangladesh Rice Journal 21(2):1-55, doi:10.3329/brj.v21i2.38195"
Boro-Fallow-Fallow,Rangpur,7470,4.26,0.66,"Nasim et al. 2017, Bangladesh Rice Journal 21(2):1-55, doi:10.3329/brj.v21i2.38195"
Boro-Fallow-Fallow,Khulna,7150,5.63,0.63,"Nasim et al. 2017, Bangladesh Rice Journal 21(2):1-55, doi:10.3329/brj.v21i2.38195"
Boro-Fallow-Fallow,Satkhira,7000,5.76,0.61,"Nasim et al. 2017, Bangladesh Rice Journal 21(2):1-55, doi:10.3329/brj.v21i2.38195"
Boro-Fallow-Fallow,Faridpur,6700,4.79,0.59,"Nasim et al. 2017, Bangladesh Rice Journal 21(2):1-55, doi:10.3329/brj.v21i2.38195"
Boro-Fallow-Fallow,Gaibandha,6700,4.43,0.59,"Nasim et al. 2017, Bangladesh Rice Journal 21(2):1-55, doi:10.3329/brj.v21i2.38195"
Boro-Fallow-Fallow,Jhenaidah,6560,4.69,0.58,"Nasim et al. 2017, Bangladesh Rice Journal 21(2):1-55, doi:10.3329/brj.v21i2.38195"
Boro-Fallow-Fallow,Rajbari,6550,8.62,0.57,"Nasim et al. 2017, Bangladesh Rice Journal 21(2):1-55, doi:10.3329/brj.v21i2.38195"
Boro-Fallow-Fallow,Narail,6200,8.38,0.54,"Nasim et al. 2017, Bangladesh Rice Journal 21(2):1-55, doi:10.3329/brj.v21i2.38195"
Boro-Fallow-Fallow,Bogra,6000,2.7,0.53,"Nasim et al. 2017, Bangladesh Rice Journal 21(2):1-55, doi:10.3329/brj.v21i2.38195"
Boro-Fallow-Fallow,Jamalpur,5180,3.22,0.45,"Nasim et al. 2017, Bangladesh Rice Journal 21(2):1-55, doi:10.3329/brj.v21i2.38195"
Boro-Fallow-Fallow,Manikganj,5180,5.55,0.45,"Nasim et al. 2017, Bangladesh Rice Journal 21(2):1-55, doi:10.3329/brj.v21i2.38195"
Boro-Fallow-Fallow,Rangamati,4250,9.73,0.37,"Nasim et al. 2017, Bangladesh Rice Journal 21(2):1-55, doi:10.3329/brj.v21i2.38195"
Boro-Fallow-Fallow,Lakshmipur,4200,4.2,0.37,"Nasim et al. 2017, Bangladesh Rice Journal 21(2):1-55, doi:10.3329/brj.v21i2.38195"
Boro-Fallow-Fallow,Nawabganj,4050,3.36,0.36,"Nasim et al. 2017, Bangladesh Rice Journal 21(2):1-55, doi:10.3329/brj.v21i2.38195"
Boro-Fallow-Fallow,Sherpur,2950,2.93,0.26,"Nasim et al. 2017, Bangladesh Rice Journal 21(2):1-55, doi:10.3329/brj.v21i2.38195"
Boro-Fallow-Fallow,Kushtia,2450,2.13,0.22,"Nasim et al. 2017, Bangladesh Rice Journal 21(2):1-55, doi:10.3329/brj.v21i2.38195"
Boro-Fallow-Fallow,Chuadanga,2200,2.49,0.19,"Nasim et al. 2017, Bangladesh Rice Journal 21(2):1-55, doi:10.3329/brj.v21i2.38195"
Boro-Fallow-Fallow,Jhalokati,2200,4.24,0.19,"Nasim et al. 2017, Bangladesh Rice Journal 21(2):1-55, doi:10.3329/brj.v21i2.38195"
Boro-Fallow-Fallow,Lalmonirhat,2100,2.12,0.18,"Nasim et al. 2017, Bangladesh Rice Journal 21(2):1-55, doi:10.3329/brj.v21i2.38195"
Boro-Fallow-Fallow,Magura,1970,2.6,0.17,"Nasim et al. 2017, Bangladesh Rice Journal 21(2):1-55, doi:10.3329/brj.v21i2.38195"
Boro-Fallow-Fallow,Nilphamari,1450,1.19,0.13,"Nasim et al. 2017, Bangladesh Rice Journal 21(2):1-55, doi:10.3329/brj.v21i2.38195"
Boro-Fallow-Fallow,Cox's Bazar,860,1.01,0.08,"Nasim et al. 2017, Bangladesh Rice Journal 21(2):1-55, doi:10.3329/brj.v21i2.38195"
Boro-Fallow-Fallow,Bandarban,700,1.72,0.06,"Nasim et al. 2017, Bangladesh Rice Journal 21(2):1-55, doi:10.3329/brj.v21i2.38195"
Boro-Fallow-Fallow,Meherpur,600,1.11,0.05,"Nasim et al. 2017, Bangladesh Rice Journal 21(2):1-55, doi:10.3329/brj.v21i2.38195"
Boro-Fallow-Fallow,Thakurgaon,500,0.34,0.04,"Nasim et al. 2017, Bangladesh Rice Journal 21(2):1-55, doi:10.3329/brj.v21i2.38195"
Boro-Fallow-Fallow,Chittagong,400,0.2,0.04,"Nasim et al. 2017, Bangladesh Rice Journal 21(2):1-55, doi:10.3329/brj.v21i2.38195"
Boro-Fallow-Fallow,Patuakhali,350,0.17,0.03,"Nasim et al. 2017, Bangladesh Rice Journal 21(2):1-55, doi:10.3329/brj.v21i2.38195"
Boro-Fallow-Fallow,Feni,250,0.35,0.02,"Nasim et al. 2017, Bangladesh Rice Journal 21(2):1-55, doi:10.3329/brj.v21i2.38195"
Boro-Fallow-Fallow,Dinajpur,150,0.05,0.01,"Nasim et al. 2017, Bangladesh Rice Journal 21(2):1-55, doi:10.3329/brj.v21i2.38195"
Fallow-Fallow-T. Aman,Chittagong,66500,33.23,13.05,"Nasim et al. 2017, Bangladesh Rice Journal 21(2):1-55, doi:10.3329/brj.v21i2.38195"
Fallow-Fallow-T. Aman,Sylhet,58250,27.72,11.43,"Nasim et al. 2017, Bangladesh Rice Journal 21(2):1-55, doi:10.3329/brj.v21i2.38195"
Fallow-Fallow-T. Aman,Khulna,42000,33.05,8.24,"Nasim et al. 2017, Bangladesh Rice Journal 21(2):1-55, doi:10.3329/brj.v21i2.38195"
Fallow-Fallow-T. Aman,Patuakhali,35600,16.81,6.99,"Nasim et al. 2017, Bangladesh Rice Journal 21(2):1-55, doi:10.3329/brj.v21i2.38195"
Fallow-Fallow-T. Aman,Bagerhat,33700,29.68,6.61,"Nasim et al. 2017, Bangladesh Rice Journal 21(2):1-55, doi:10.3329/brj.v21i2.38195"
Fallow-Fallow-T. Aman,Noakhali,32900,16.57,6.46,"Nasim et al. 2017, Bangladesh Rice Journal 21(2):1-55, doi:10.3329/brj.v21i2.38195"
Fallow-Fallow-T. Aman,Maulvibazar,25070,19.67,4.92,"Nasim et al. 2017, Bangladesh Rice Journal 21(2):1-55, doi:10.3329/brj.v21i2.38195"
Fallow-Fallow-T. Aman,Pirojpur,24620,29.92,4.83,"Nasim et al. 2017, Bangladesh Rice Journal 21(2):1-55, doi:10.3329/brj.v21i2.38195"
Fallow-Fallow-T. Aman,Sunamganj,21900,8.19,4.3,"Nasim et al. 2017, Bangladesh Rice Journal 21(2):1-55, doi:10.3329/brj.v21i2.38195"
Fallow-Fallow-T. Aman,Satkhira,21200,17.46,4.16,"Nasim et al. 2017, Bangladesh Rice Journal 21(2):1-55, doi:10.3329/brj.v21i2.38195"
Fallow-Fallow-T. Aman,Barguna,19200,19.26,3.77,"Nasim et al. 2017, Bangladesh Rice Journal 21(2):1-55, doi:10.3329/brj.v21i2.38195"
Fallow-Fallow-T. Aman,Feni,15600,21.69,3.06,"Nasim et al. 2017, Bangladesh Rice Journal 21(2):1-55, doi:10.3329/brj.v21i2.38195"
Fallow-Fallow-T. Aman,Habiganj,12340,7.33,2.42,"Nasim et al. 2017, Bangladesh Rice Journal 21(2):1-55, doi:10.3329/brj.v21i2.38195"
Fallow-Fallow-T. Aman,Barisal,11130,7.02,2.18,"Nasim et al. 2017, Bangladesh Rice Journal 21(2):1-55, doi:10.3329/brj.v21i2.38195"
Fallow-Fallow-T. Aman,Cox's Bazar,10400,12.18,2.04,"Nasim et al. 2017, Bangladesh Rice Journal 21(2):1-55, doi:10.3329/brj.v21i2.38195"
Fallow-Fallow-T. Aman,Khagrachhari,9050,20.42,1.78,"Nasim et al. 2017, Bangladesh Rice Journal 21(2):1-55, doi:10.3329/brj.v21i2.38195"
Fallow-Fallow-T. Aman,Jhalokati,8200,15.8,1.61,"Nasim et al. 2017, Bangladesh Rice Journal 21(2):1-55, doi:10.3329/brj.v21i2.38195"
Fallow-Fallow-T. Aman,Gazipur,7850,9.2,1.54,"Nasim et al. 2017, Bangladesh Rice Journal 21(2):1-55, doi:10.3329/brj.v21i2.38195"
Fallow-Fallow-T. Aman,Naogaon,7300,2.69,1.43,"Nasim et al. 2017, Bangladesh Rice Journal 21(2):1-55, doi:10.3329/brj.v21i2.38195"
Fallow-Fallow-T. Aman,Bhola,7200,3.86,1.41,"Nasim et al. 2017, Bangladesh Rice Journal 21(2):1-55, doi:10.3329/brj.v21i2.38195"
Fallow-Fallow-T. Aman,Bandarban,5030,12.35,0.99,"Nasim et al. 2017, Bangladesh Rice Journal 21(2):1-55, doi:10.3329/brj.v21i2.38195"
Fallow-Fallow-T. Aman,Netrakona,5000,2.5,0.98,"Nasim et al. 2017, Bangladesh Rice Journal 21(2):1-55, doi:10.3329/brj.v21i2.38195"
Fallow-Fallow-T. Aman,Rangamati,3530,8.08,0.69,"Nasim et al. 2017, Bangladesh Rice Journal 21(2):1-55, doi:10.3329/brj.v21i2.38195"
Fallow-Fallow-T. Aman,Comilla,3430,1.66,0.67,"Nasim et al. 2017, Bangladesh Rice Journal 21(2):1-55, doi:10.3329/brj.v21i2.38195"
Fallow-Fallow-T. Aman,Mymensingh,2600,0.9,0.51,"Nasim et al. 2017, Bangladesh Rice Journal 21(2):1-55, doi:10.3329/brj.v21i2.38195"
Fallow-Fallow-T. Aman,Kishoreganj,2260,1.13,0.44,"Nasim et al. 2017, Bangladesh Rice Journal 21(2):1-55, doi:10.3329/brj.v21i2.38195"
Fallow-Fallow-T. Aman,Tangail,1700,0.73,0.33,"Nasim et al. 2017, Bangladesh Rice Journal 21(2):1-55, doi:10.3329/brj.v21i2.38195"
Fallow-Fallow-T. Aman,Bogra,1550,0.7,0.3,"Nasim et al. 2017, Bangladesh Rice Journal 21(2):1-55, doi:10.3329/brj.v21i2.38195"
Fallow-Fallow-T. Aman,Sherpur,1320,1.31,0.26,"Nasim et al. 2017, Bangladesh Rice Journal 21(2):1-55, doi:10.3329/brj.v21i2.38195"
Fallow-Fallow-T. Aman,Rangpur,350,0.2,0.07,"Nasim et al. 2017, Bangladesh Rice Journal 21(2):1-55, doi:10.3329/brj.v21i2.38195"
Fallow-Fallow-T. Aman,Jessore,300,0.16,0.06,"Nasim et al. 2017, Bangladesh Rice Journal 21(2):1-55, doi:10.3329/brj.v21i2.38195"
Fallow-Fallow-T. Aman,Dinajpur,200,0.07,0.04,"Nasim et al. 2017, Bangladesh Rice Journal 21(2):1-55, doi:10.3329/brj.v21i2.38195"
Fallow-Fallow-T. Aman,Lakshmipur,200,0.2,0.04,"Nasim et al. 2017, Bangladesh Rice Journal 21(2):1-55, doi:10.3329/brj.v21i2.38195"
Fallow-Fallow-T. Aman,Narsingdi,100,0.14,0.02,"Nasim et al. 2017, Bangladesh Rice Journal 21(2):1-55, doi:10.3329/brj.v21i2.38195"
Fallow-Fallow-T. Aman,Panchagarh,100,0.1,0.02,"Nasim et al. 2017, Bangladesh Rice Journal 21(2):1-55, doi:10.3329/brj.v21i2.38195"
Boro-Aus-T. Aman,Comilla,50680,24.49,24.25,"Nasim et al. 2017, Bangladesh Rice Journal 21(2):1-55, doi:10.3329/brj.v21i2.38195"
Boro-Aus-T. Aman,Bogra,14290,6.43,6.84,"Nasim et al. 2017, Bangladesh Rice Journal 21(2):1-55, doi:10.3329/brj.v21i2.38195"
Boro-Aus-T. Aman,Habiganj,14200,8.43,6.79,"Nasim et al. 2017, Bangladesh Rice Journal 21(2):1-55, doi:10.3329/brj.v21i2.38195"
Boro-Aus-T. Aman,Naogaon,13600,5.02,6.51,"Nasim et al. 2017, Bangladesh Rice Journal 21(2):1-55, doi:10.3329/brj.v21i2.38195"
Boro-Aus-T. Aman,Kishoreganj,12350,6.18,5.91,"Nasim et al. 2017, Bangladesh Rice Journal 21(2):1-55, doi:10.3329/brj.v21i2.38195"
Boro-Aus-T. Aman,Jessore,11500,6.05,5.5,"Nasim et al. 2017, Bangladesh Rice Journal 21(2):1-55, doi:10.3329/brj.v21i2.38195"
Boro-Aus-T. Aman,Bhola,10000,5.37,4.78,"Nasim et al. 2017, Bangladesh Rice Journal 21(2):1-55, doi:10.3329/brj.v21i2.38195"
Boro-Aus-T. Aman,Chandpur,9280,10.09,4.44,"Nasim et al. 2017, Bangladesh Rice Journal 21(2):1-55, doi:10.3329/brj.v21i2.38195"
Boro-Aus-T. Aman,Chittagong,9250,4.62,4.43,"Nasim et al. 2017, Bangladesh Rice Journal 21(2):1-55, doi:10.3329/brj.v21i2.38195"
Boro-Aus-T. Aman,Mymensingh,8000,2.76,3.83,"Nasim et al. 2017, Bangladesh Rice Journal 21(2):1-55, doi:10.3329/brj.v21i2.38195"
Boro-Aus-T. Aman,Kushtia,6650,5.79,3.18,"Nasim et al. 2017, Bangladesh Rice Journal 21(2):1-55, doi:10.3329/brj.v21i2.38195"
Boro-Aus-T. Aman,Nawabganj,6640,5.52,3.18,"Nasim et al. 2017, Bangladesh Rice Journal 21(2):1-55, doi:10.3329/brj.v21i2.38195"
Boro-Aus-T. Aman,Brahamanbaria,4870,3.49,2.33,"Nasim et al. 2017, Bangladesh Rice Journal 21(2):1-55, doi:10.3329/brj.v21i2.38195"
Boro-Aus-T. Aman,Rangpur,4570,2.61,2.19,"Nasim et al. 2017, Bangladesh Rice Journal 21(2):1-55, doi:10.3329/brj.v21i2.38195"
Boro-Aus-T. Aman,Cox's Bazar,3500,4.1,1.67,"Nasim et al. 2017, Bangladesh Rice Journal 21(2):1-55, doi:10.3329/brj.v21i2.38195"
Boro-Aus-T. Aman,Natore,3400,2.51,1.63,"Nasim et al. 2017, Bangladesh Rice Journal 21(2):1-55, doi:10.3329/brj.v21i2.38195"
Boro-Aus-T. Aman,Maulvibazar,3040,2.38,1.45,"Nasim et al. 2017, Bangladesh Rice Journal 21(2):1-55, doi:10.3329/brj.v21i2.38195"
Boro-Aus-T. Aman,Pabna,2950,1.6,1.41,"Nasim et al. 2017, Bangladesh Rice Journal 21(2):1-55, doi:10.3329/brj.v21i2.38195"
Boro-Aus-T. Aman,Satkhira,2780,2.29,1.33,"Nasim et al. 2017, Bangladesh Rice Journal 21(2):1-55, doi:10.3329/brj.v21i2.38195"
Boro-Aus-T. Aman,Sirajganj,2450,1.34,1.17,"Nasim et al. 2017, Bangladesh Rice Journal 21(2):1-55, doi:10.3329/brj.v21i2.38195"
Boro-Aus-T. Aman,Lakshmipur,2200,2.2,1.05,"Nasim et al. 2017, Bangladesh Rice Journal 21(2):1-55, doi:10.3329/brj.v21i2.38195"
Boro-Aus-T. Aman,Jhenaidah,1700,1.22,0.81,"Nasim et al. 2017, Bangladesh Rice Journal 21(2):1-55, doi:10.3329/brj.v21i2.38195"
Boro-Aus-T. Aman,Rajshahi,1650,0.99,0.79,"Nasim et al. 2017, Bangladesh Rice Journal 21(2):1-55, doi:10.3329/brj.v21i2.38195"
Boro-Aus-T. Aman,Dinajpur,1575,0.57,0.75,"Nasim et al. 2017, Bangladesh Rice Journal 21(2):1-55, doi:10.3329/brj.v21i2.38195"
Boro-Aus-T. Aman,Sherpur,1350,1.34,0.65,"Nasim et al. 2017, Bangladesh Rice Journal 21(2):1-55, doi:10.3329/brj.v21i2.38195"
Boro-Aus-T. Aman,Gazipur,1120,1.31,0.54,"Nasim et al. 2017, Bangladesh Rice Journal 21(2):1-55, doi:10.3329/brj.v21i2.38195"
Boro-Aus-T. Aman,Noakhali,1070,0.54,0.51,"Nasim et al. 2017, Bangladesh Rice Journal 21(2):1-55, doi:10.3329/brj.v21i2.38195"
Boro-Aus-T. Aman,Bagerhat,950,0.84,0.45,"Nasim et al. 2017, Bangladesh Rice Journal 21(2):1-55, doi:10.3329/brj.v21i2.38195"
Boro-Aus-T. Aman,Kurigram,880,0.59,0.42,"Nasim et al. 2017, Bangladesh Rice Journal 21(2):1-55, doi:10.3329/brj.v21i2.38195"
Boro-Aus-T. Aman,Sylhet,600,0.29,0.29,"Nasim et al. 2017, Bangladesh Rice Journal 21(2):1-55, doi:10.3329/brj.v21i2.38195"
Boro-Aus-T. Aman,Magura,500,0.66,0.24,"Nasim et al. 2017, Bangladesh Rice Journal 21(2):1-55, doi:10.3329/brj.v21i2.38195"
Boro-Aus-T. Aman,Khagrachhari,200,0.45,0.1,"Nasim et al. 2017, Bangladesh Rice Journal 21(2):1-55, doi:10.3329/brj.v21i2.38195"
Boro-Aus-T. Aman,Rangamati,200,0.46,0.1,"Nasim et al. 2017, Bangladesh Rice Journal 21(2):1-55, doi:10.3329/brj.v21i2.38195"
Boro-Aus-T. Aman,Gaibandha,170,0.11,0.08,"Nasim et al. 2017, Bangladesh Rice Journal 21(2):1-55, doi:10.3329/brj.v21i2.38195"
Boro-Aus-T. Aman,Khulna,165,0.13,0.08,"Nasim et al. 2017, Bangladesh Rice Journal 21(2):1-55, doi:10.3329/brj.v21i2.38195"
Boro-Aus-T. Aman,Jhalokati,100,0.19,0.05,"Nasim et al. 2017, Bangladesh Rice Journal 21(2):1-55, doi:10.3329/brj.v21i2.38195"
Boro-Aus-T. Aman,Pirojpur,100,0.12,0.05,"Nasim et al. 2017, Bangladesh Rice Journal 21(2):1-55, doi:10.3329/brj.v21i2.38195"
Boro-Aus-T. Aman,Shariatpur,100,0.13,0.05,"Nasim et al. 2017, Bangladesh Rice Journal 21(2):1-55, doi:10.3329/brj.v21i2.38195"
Boro-Aus-T. Aman,Narsingdi,90,0.12,0.04,"Nasim et al. 2017, Bangladesh Rice Journal 21(2):1-55, doi:10.3329/brj.v21i2.38195"
Boro-Aus-T. Aman,Bandarban,80,0.2,0.04,"Nasim et al. 2017, Bangladesh Rice Journal 21(2):1-55, doi:10.3329/brj.v21i2.38195"
Boro-Aus-T. Aman,Feni,50,0.07,0.02,"Nasim et al. 2017, Bangladesh Rice Journal 21(2):1-55, doi:10.3329/brj.v21i2.38195"
Boro-Aus-T. Aman,Jamalpur,50,0.03,0.02,"Nasim et al. 2017, Bangladesh Rice Journal 21(2):1-55, doi:10.3329/brj.v21i2.38195"
Boro-Aus-T. Aman,Rajbari,50,0.07,0.02,"Nasim et al. 2017, Bangladesh Rice Journal 21(2):1-55, doi:10.3329/brj.v21i2.38195"
Boro-Aus-T. Aman,Patuakhali,30,0.01,0.01,"Nasim et al. 2017, Bangladesh Rice Journal 21(2):1-55, doi:10.3329/brj.v21i2.38195"
Boro-Aus-T. Aman,Nilphamari,20,0.02,0.01,"Nasim et al. 2017, Bangladesh Rice Journal 21(2):1-55, doi:10.3329/brj.v21i2.38195"
Boro-Aus-T. Aman,Joypurhat,10,0.01,0.0,"Nasim et al. 2017, Bangladesh Rice Journal 21(2):1-55, doi:10.3329/brj.v21i2.38195"
Boro-Aus-T. Aman,Tangail,5,0.0,0.0,"Nasim et al. 2017, Bangladesh Rice Journal 21(2):1-55, doi:10.3329/brj.v21i2.38195"
Fallow-Aus-T. Aman,Sylhet,35600,16.94,18.42,"Nasim et al. 2017, Bangladesh Rice Journal 21(2):1-55, doi:10.3329/brj.v21i2.38195"
Fallow-Aus-T. Aman,Maulvibazar,33900,26.59,17.54,"Nasim et al. 2017, Bangladesh Rice Journal 21(2):1-55, doi:10.3329/brj.v21i2.38195"
Fallow-Aus-T. Aman,Habiganj,23825,14.14,12.33,"Nasim et al. 2017, Bangladesh Rice Journal 21(2):1-55, doi:10.3329/brj.v21i2.38195"
Fallow-Aus-T. Aman,Jhalokati,12300,23.7,6.36,"Nasim et al. 2017, Bangladesh Rice Journal 21(2):1-55, doi:10.3329/brj.v21i2.38195"
Fallow-Aus-T. Aman,Noakhali,12200,6.15,6.31,"Nasim et al. 2017, Bangladesh Rice Journal 21(2):1-55, doi:10.3329/brj.v21i2.38195"
Fallow-Aus-T. Aman,Chittagong,9290,4.64,4.81,"Nasim et al. 2017, Bangladesh Rice Journal 21(2):1-55, doi:10.3329/brj.v21i2.38195"
Fallow-Aus-T. Aman,Pirojpur,8800,10.7,4.55,"Nasim et al. 2017, Bangladesh Rice Journal 21(2):1-55, doi:10.3329/brj.v21i2.38195"
Fallow-Aus-T. Aman,Barguna,8540,8.57,4.42,"Nasim et al. 2017, Bangladesh Rice Journal 21(2):1-55, doi:10.3329/brj.v21i2.38195"
Fallow-Aus-T. Aman,Barisal,8400,5.3,4.35,"Nasim et al. 2017, Bangladesh Rice Journal 21(2):1-55, doi:10.3329/brj.v21i2.38195"
Fallow-Aus-T. Aman,Mymensingh,8400,2.9,4.35,"Nasim et al. 2017, Bangladesh Rice Journal 21(2):1-55, doi:10.3329/brj.v21i2.38195"
Fallow-Aus-T. Aman,Rajshahi,4500,2.69,2.33,"Nasim et al. 2017, Bangladesh Rice Journal 21(2):1-55, doi:10.3329/brj.v21i2.38195"
Fallow-Aus-T. Aman,Feni,4200,5.84,2.17,"Nasim et al. 2017, Bangladesh Rice Journal 21(2):1-55, doi:10.3329/brj.v21i2.38195"
Fallow-Aus-T. Aman,Sunamganj,3730,1.39,1.93,"Nasim et al. 2017, Bangladesh Rice Journal 21(2):1-55, doi:10.3329/brj.v21i2.38195"
Fallow-Aus-T. Aman,Comilla,3350,1.62,1.73,"Nasim et al. 2017, Bangladesh Rice Journal 21(2):1-55, doi:10.3329/brj.v21i2.38195"
Fallow-Aus-T. Aman,Bhola,2900,1.56,1.5,"Nasim et al. 2017, Bangladesh Rice Journal 21(2):1-55, doi:10.3329/brj.v21i2.38195"
Fallow-Aus-T. Aman,Kishoreganj,2200,1.1,1.14,"Nasim et al. 2017, Bangladesh Rice Journal 21(2):1-55, doi:10.3329/brj.v21i2.38195"
Fallow-Aus-T. Aman,Patuakhali,2060,0.97,1.07,"Nasim et al. 2017, Bangladesh Rice Journal 21(2):1-55, doi:10.3329/brj.v21i2.38195"
Fallow-Aus-T. Aman,Bagerhat,1740,1.53,0.9,"Nasim et al. 2017, Bangladesh Rice Journal 21(2):1-55, doi:10.3329/brj.v21i2.38195"
Fallow-Aus-T. Aman,Naogaon,1620,0.6,0.84,"Nasim et al. 2017, Bangladesh Rice Journal 21(2):1-55, doi:10.3329/brj.v21i2.38195"
Fallow-Aus-T. Aman,Lakshmipur,1200,1.2,0.62,"Nasim et al. 2017, Bangladesh Rice Journal 21(2):1-55, doi:10.3329/brj.v21i2.38195"
Fallow-Aus-T. Aman,Khagrachhari,1110,2.5,0.57,"Nasim et al. 2017, Bangladesh Rice Journal 21(2):1-55, doi:10.3329/brj.v21i2.38195"
Fallow-Aus-T. Aman,Sherpur,1100,1.09,0.57,"Nasim et al. 2017, Bangladesh Rice Journal 21(2):1-55, doi:10.3329/brj.v21i2.38195"
Fallow-Aus-T. Aman,Brahamanbaria,810,0.58,0.42,"Nasim et al. 2017, Bangladesh Rice Journal 21(2):1-55, doi:10.3329/brj.v21i2.38195"
Fallow-Aus-T. Aman,Netrakona,410,0.21,0.21,"Nasim et al. 2017, Bangladesh Rice Journal 21(2):1-55, doi:10.3329/brj.v21i2.38195"
Fallow-Aus-T. Aman,Satkhira,380,0.31,0.2,"Nasim et al. 2017, Bangladesh Rice Journal 21(2):1-55, doi:10.3329/brj.v21i2.38195"
Fallow-Aus-T. Aman,Cox's Bazar,250,0.29,0.13,"Nasim et al. 2017, Bangladesh Rice Journal 21(2):1-55, doi:10.3329/brj.v21i2.38195"
Fallow-Aus-T. Aman,Rangamati,210,0.48,0.11,"Nasim et al. 2017, Bangladesh Rice Journal 21(2):1-55, doi:10.3329/brj.v21i2.38195"
Fallow-Aus-T. Aman,Khulna,100,0.08,0.05,"Nasim et al. 2017, Bangladesh Rice Journal 21(2):1-55, doi:10.3329/brj.v21i2.38195"
Fallow-Aus-T. Aman,Tangail,100,0.04,0.05,"Nasim et al. 2017, Bangladesh Rice Journal 21(2):1-55, doi:10.3329/brj.v21i2.38195"
Fallow-Aus-T. Aman,Gazipur,50,0.06,0.03,"Nasim et al. 2017, Bangladesh Rice Journal 21(2):1-55, doi:10.3329/brj.v21i2.38195"
Mustard-Boro-T. Aman,Naogaon,22600,8.34,12.24,"Nasim et al. 2017, Bangladesh Rice Journal 21(2):1-55, doi:10.3329/brj.v21i2.38195"
Mustard-Boro-T. Aman,Bogra,19800,8.91,10.72,"Nasim et al. 2017, Bangladesh Rice Journal 21(2):1-55, doi:10.3329/brj.v21i2.38195"
Mustard-Boro-T. Aman,Tangail,14150,6.07,7.66,"Nasim et al. 2017, Bangladesh Rice Journal 21(2):1-55, doi:10.3329/brj.v21i2.38195"
Mustard-Boro-T. Aman,Jamalpur,11500,7.15,6.23,"Nasim et al. 2017, Bangladesh Rice Journal 21(2):1-55, doi:10.3329/brj.v21i2.38195"
Mustard-Boro-T. Aman,Dinajpur,10250,3.7,5.55,"Nasim et al. 2017, Bangladesh Rice Journal 21(2):1-55, doi:10.3329/brj.v21i2.38195"
Mustard-Boro-T. Aman,Joypurhat,9900,12.61,5.36,"Nasim et al. 2017, Bangladesh Rice Journal 21(2):1-55, doi:10.3329/brj.v21i2.38195"
Mustard-Boro-T. Aman,Sirajganj,9810,5.35,5.31,"Nasim et al. 2017, Bangladesh Rice Journal 21(2):1-55, doi:10.3329/brj.v21i2.38195"
Mustard-Boro-T. Aman,Kurigram,8000,5.36,4.33,"Nasim et al. 2017, Bangladesh Rice Journal 21(2):1-55, doi:10.3329/brj.v21i2.38195"
Mustard-Boro-T. Aman,Thakurgaon,7650,5.16,4.14,"Nasim et al. 2017, Bangladesh Rice Journal 21(2):1-55, doi:10.3329/brj.v21i2.38195"
Mustard-Boro-T. Aman,Jhenaidah,7050,5.04,3.82,"Nasim et al. 2017, Bangladesh Rice Journal 21(2):1-55, doi:10.3329/brj.v21i2.38195"
Mustard-Boro-T. Aman,Gaibandha,6650,4.39,3.6,"Nasim et al. 2017, Bangladesh Rice Journal 21(2):1-55, doi:10.3329/brj.v21i2.38195"
Mustard-Boro-T. Aman,Jessore,6000,3.16,3.25,"Nasim et al. 2017, Bangladesh Rice Journal 21(2):1-55, doi:10.3329/brj.v21i2.38195"
Mustard-Boro-T. Aman,Sherpur,5450,5.42,2.95,"Nasim et al. 2017, Bangladesh Rice Journal 21(2):1-55, doi:10.3329/brj.v21i2.38195"
Mustard-Boro-T. Aman,Magura,5100,6.73,2.76,"Nasim et al. 2017, Bangladesh Rice Journal 21(2):1-55, doi:10.3329/brj.v21i2.38195"
Mustard-Boro-T. Aman,Manikganj,4720,5.05,2.56,"Nasim et al. 2017, Bangladesh Rice Journal 21(2):1-55, doi:10.3329/brj.v21i2.38195"
Mustard-Boro-T. Aman,Rangpur,3950,2.25,2.14,"Nasim et al. 2017, Bangladesh Rice Journal 21(2):1-55, doi:10.3329/brj.v21i2.38195"
Mustard-Boro-T. Aman,Mymensingh,2930,1.01,1.59,"Nasim et al. 2017, Bangladesh Rice Journal 21(2):1-55, doi:10.3329/brj.v21i2.38195"
Mustard-Boro-T. Aman,Nilphamari,2850,2.34,1.54,"Nasim et al. 2017, Bangladesh Rice Journal 21(2):1-55, doi:10.3329/brj.v21i2.38195"
Mustard-Boro-T. Aman,Bhola,2570,1.38,1.39,"Nasim et al. 2017, Bangladesh Rice Journal 21(2):1-55, doi:10.3329/brj.v21i2.38195"
Mustard-Boro-T. Aman,Meherpur,2400,4.44,1.3,"Nasim et al. 2017, Bangladesh Rice Journal 21(2):1-55, doi:10.3329/brj.v21i2.38195"
Mustard-Boro-T. Aman,Satkhira,2390,1.97,1.29,"Nasim et al. 2017, Bangladesh Rice Journal 21(2):1-55, doi:10.3329/brj.v21i2.38195"
Mustard-Boro-T. Aman,Dhaka,1710,2.51,0.93,"Nasim et al. 2017, Bangladesh Rice Journal 21(2):1-55, doi:10.3329/brj.v21i2.38195"
Mustard-Boro-T. Aman,Narsingdi,1610,2.23,0.87,"Nasim et al. 2017, Bangladesh Rice Journal 21(2):1-55, doi:10.3329/brj.v21i2.38195"
Mustard-Boro-T. Aman,Madaripur,1510,1.81,0.82,"Nasim et al. 2017, Bangladesh Rice Journal 21(2):1-55, doi:10.3329/brj.v21i2.38195"
Mustard-Boro-T. Aman,Kishoreganj,1450,0.73,0.79,"Nasim et al. 2017, Bangladesh Rice Journal 21(2):1-55, doi:10.3329/brj.v21i2.38195"
Mustard-Boro-T. Aman,Lalmonirhat,1390,1.41,0.75,"Nasim et al. 2017, Bangladesh Rice Journal 21(2):1-55, doi:10.3329/brj.v21i2.38195"
Mustard-Boro-T. Aman,Nawabganj,1300,1.08,0.7,"Nasim et al. 2017, Bangladesh Rice Journal 21(2):1-55, doi:10.3329/brj.v21i2.38195"
Mustard-Boro-T. Aman,Rajshahi,1250,0.75,0.68,"Nasim et al. 2017, Bangladesh Rice Journal 21(2):1-55, doi:10.3329/brj.v21i2.38195"
Mustard-Boro-T. Aman,Chandpur,1000,1.09,0.54,"Nasim et al. 2017, Bangladesh Rice Journal 21(2):1-55, doi:10.3329/brj.v21i2.38195"
Mustard-Boro-T. Aman,Narail,950,1.28,0.51,"Nasim et al. 2017, Bangladesh Rice Journal 21(2):1-55, doi:10.3329/brj.v21i2.38195"
Mustard-Boro-T. Aman,Netrakona,940,0.47,0.51,"Nasim et al. 2017, Bangladesh Rice Journal 21(2):1-55, doi:10.3329/brj.v21i2.38195"
Mustard-Boro-T. Aman,Brahamanbaria,900,0.65,0.49,"Nasim et al. 2017, Bangladesh Rice Journal 21(2):1-55, doi:10.3329/brj.v21i2.38195"
Mustard-Boro-T. Aman,Panchagarh,820,0.8,0.44,"Nasim et al. 2017, Bangladesh Rice Journal 21(2):1-55, doi:10.3329/brj.v21i2.38195"
Mustard-Boro-T. Aman,Kushtia,700,0.61,0.38,"Nasim et al. 2017, Bangladesh Rice Journal 21(2):1-55, doi:10.3329/brj.v21i2.38195"
Mustard-Boro-T. Aman,Pabna,600,0.33,0.32,"Nasim et al. 2017, Bangladesh Rice Journal 21(2):1-55, doi:10.3329/brj.v21i2.38195"
Mustard-Boro-T. Aman,Natore,500,0.37,0.27,"Nasim et al. 2017, Bangladesh Rice Journal 21(2):1-55, doi:10.3329/brj.v21i2.38195"
Mustard-Boro-T. Aman,Sunamganj,500,0.19,0.27,"Nasim et al. 2017, Bangladesh Rice Journal 21(2):1-55, doi:10.3329/brj.v21i2.38195"
Mustard-Boro-T. Aman,Cox's Bazar,420,0.49,0.23,"Nasim et al. 2017, Bangladesh Rice Journal 21(2):1-55, doi:10.3329/brj.v21i2.38195"
Mustard-Boro-T. Aman,Chuadanga,400,0.45,0.22,"Nasim et al. 2017, Bangladesh Rice Journal 21(2):1-55, doi:10.3329/brj.v21i2.38195"
Mustard-Boro-T. Aman,Chittagong,210,0.1,0.11,"Nasim et al. 2017, Bangladesh Rice Journal 21(2):1-55, doi:10.3329/brj.v21i2.38195"
Mustard-Boro-T. Aman,Comilla,200,0.1,0.11,"Nasim et al. 2017, Bangladesh Rice Journal 21(2):1-55, doi:10.3329/brj.v21i2.38195"
Mustard-Boro-T. Aman,Gazipur,110,0.13,0.06,"Nasim et al. 2017, Bangladesh Rice Journal 21(2):1-55, doi:10.3329/brj.v21i2.38195"
Mustard-Boro-T. Aman,Narayanganj,100,0.25,0.05,"Nasim et al. 2017, Bangladesh Rice Journal 21(2):1-55, doi:10.3329/brj.v21i2.38195"
Mustard-Boro-T. Aman,Khulna,80,0.06,0.04,"Nasim et al. 2017, Bangladesh Rice Journal 21(2):1-55, doi:10.3329/brj.v21i2.38195"
Mustard-Boro-T. Aman,Barisal,70,0.04,0.04,"Nasim et al. 2017, Bangladesh Rice Journal 21(2):1-55, doi:10.3329/brj.v21i2.38195"
Mustard-Boro-T. Aman,Habiganj,50,0.03,0.03,"Nasim et al. 2017, Bangladesh Rice Journal 21(2):1-55, doi:10.3329/brj.v21i2.38195"
Mustard-Boro-T. Aman,Rajbari,50,0.07,0.03,"Nasim et al. 2017, Bangladesh Rice Journal 21(2):1-55, doi:10.3329/brj.v21i2.38195"
Mustard-Boro-T. Aman,Faridpur,30,0.02,0.02,"Nasim et al. 2017, Bangladesh Rice Journal 21(2):1-55, doi:10.3329/brj.v21i2.38195"
Mustard-Boro-T. Aman,Lakshmipur,30,0.03,0.02,"Nasim et al. 2017, Bangladesh Rice Journal 21(2):1-55, doi:10.3329/brj.v21i2.38195"
Mustard-Boro-T. Aman,Khagrachhari,10,0.02,0.01,"Nasim et al. 2017, Bangladesh Rice Journal 21(2):1-55, doi:10.3329/brj.v21i2.38195"
Mustard-Boro-T. Aman,Maulvibazar,10,0.01,0.01,"Nasim et al. 2017, Bangladesh Rice Journal 21(2):1-55, doi:10.3329/brj.v21i2.38195"
