crop,group,kc_ini,kc_ini_from_group,kc_mid,kc_mid_low,kc_end,kc_end_low,max_height_m,kc_mid_printed,kc_end_printed,source
Broccoli,Small Vegetables,0.7,True,1.05,1.05,0.95,0.95,0.3,1.05,0.95,"FAO-56 (Allen et al. 1998), Chapter 6, Tables 11-12"
Brussel Sprouts,Small Vegetables,0.7,True,1.05,1.05,0.95,0.95,0.4,1.05,0.95,"FAO-56 (Allen et al. 1998), Chapter 6, Tables 11-12"
Cabbage,Small Vegetables,0.7,True,1.05,1.05,0.95,0.95,0.4,1.05,0.95,"FAO-56 (Allen et al. 1998), Chapter 6, Tables 11-12"
Carrots,Small Vegetables,0.7,True,1.05,1.05,0.95,0.95,0.3,1.05,0.95,"FAO-56 (Allen et al. 1998), Chapter 6, Tables 11-12"
Cauliflower,Small Vegetables,0.7,True,1.05,1.05,0.95,0.95,0.4,1.05,0.95,"FAO-56 (Allen et al. 1998), Chapter 6, Tables 11-12"
Celery,Small Vegetables,0.7,True,1.05,1.05,1.0,1.0,0.6,1.05,1.00,"FAO-56 (Allen et al. 1998), Chapter 6, Tables 11-12"
Garlic,Small Vegetables,0.7,True,1.0,1.0,0.7,0.7,0.3,1.00,0.70,"FAO-56 (Allen et al. 1998), Chapter 6, Tables 11-12"
Lettuce,Small Vegetables,0.7,True,1.0,1.0,0.95,0.95,0.3,1.00,0.95,"FAO-56 (Allen et al. 1998), Chapter 6, Tables 11-12"
Onions - dry,Small Vegetables,0.7,True,1.05,1.05,0.75,0.75,0.4,1.05,0.75,"FAO-56 (Allen et al. 1998), Chapter 6, Tables 11-12"
Onions - green,Small Vegetables,0.7,True,1.0,1.0,1.0,1.0,0.3,1.00,1.00,"FAO-56 (Allen et al. 1998), Chapter 6, Tables 11-12"
Onions - seed,Small Vegetables,0.7,True,1.05,1.05,0.8,0.8,0.5,1.05,0.80,"FAO-56 (Allen et al. 1998), Chapter 6, Tables 11-12"
Spinach,Small Vegetables,0.7,True,1.0,1.0,0.95,0.95,0.3,1.00,0.95,"FAO-56 (Allen et al. 1998), Chapter 6, Tables 11-12"
Radish,Small Vegetables,0.7,True,0.9,0.9,0.85,0.85,0.3,0.90,0.85,"FAO-56 (Allen et al. 1998), Chapter 6, Tables 11-12"
Egg Plant,Vegetables - Solanum Family (Solanaceae),0.6,True,1.05,1.05,0.9,0.9,0.8,1.05,0.90,"FAO-56 (Allen et al. 1998), Chapter 6, Tables 11-12"
Sweet Peppers (bell),Vegetables - Solanum Family (Solanaceae),0.6,True,1.05,1.05,0.9,0.9,0.7,1.05,0.90,"FAO-56 (Allen et al. 1998), Chapter 6, Tables 11-12"
Tomato,Vegetables - Solanum Family (Solanaceae),0.6,True,1.15,1.15,0.9,0.7,0.6,1.15,0.70-0.90,"FAO-56 (Allen et al. 1998), Chapter 6, Tables 11-12"
Cantaloupe,Vegetables - Cucumber Family (Cucurbitaceae),0.5,False,0.85,0.85,0.6,0.6,0.3,0.85,0.60,"FAO-56 (Allen et al. 1998), Chapter 6, Tables 11-12"
Cucumber - Fresh Market,Vegetables - Cucumber Family (Cucurbitaceae),0.6,False,1.0,1.0,0.75,0.75,0.3,1.00,0.75,"FAO-56 (Allen et al. 1998), Chapter 6, Tables 11-12"
Cucumber - Machine harvest,Vegetables - Cucumber Family (Cucurbitaceae),0.5,False,1.0,1.0,0.9,0.9,0.3,1.00,0.90,"FAO-56 (Allen et al. 1998), Chapter 6, Tables 11-12"
"Pumpkin, Winter Squash",Vegetables - Cucumber Family (Cucurbitaceae),0.5,True,1.0,1.0,0.8,0.8,0.4,1.00,0.80,"FAO-56 (Allen et al. 1998), Chapter 6, Tables 11-12"
"Squash, Zucchini",Vegetables - Cucumber Family (Cucurbitaceae),0.5,True,0.95,0.95,0.75,0.75,0.3,0.95,0.75,"FAO-56 (Allen et al. 1998), Chapter 6, Tables 11-12"
Sweet Melons,Vegetables - Cucumber Family (Cucurbitaceae),0.5,True,1.05,1.05,0.75,0.75,0.4,1.05,0.75,"FAO-56 (Allen et al. 1998), Chapter 6, Tables 11-12"
Watermelon,Vegetables - Cucumber Family (Cucurbitaceae),0.4,False,1.0,1.0,0.75,0.75,0.4,1.00,0.75,"FAO-56 (Allen et al. 1998), Chapter 6, Tables 11-12"
"Beets, table",Roots and Tubers,0.5,True,1.05,1.05,0.95,0.95,0.4,1.05,0.95,"FAO-56 (Allen et al. 1998), Chapter 6, Tables 11-12"
Cassava - year 1,Roots and Tubers,0.3,False,0.8,0.8,0.3,0.3,1.0,0.80,0.30,"FAO-56 (Allen et al. 1998), Chapter 6, Tables 11-12"
Cassava - year 2,Roots and Tubers,0.3,False,1.1,1.1,0.5,0.5,1.5,1.10,0.50,"FAO-56 (Allen et al. 1998), Chapter 6, Tables 11-12"
Parsnip,Roots and Tubers,0.5,False,1.05,1.05,0.95,0.95,0.4,1.05,0.95,"FAO-56 (Allen et al. 1998), Chapter 6, Tables 11-12"
Potato,Roots and Tubers,0.5,True,1.15,1.15,0.75,0.75,0.6,1.15,0.75,"FAO-56 (Allen et al. 1998), Chapter 6, Tables 11-12"
Sweet Potato,Roots and Tubers,0.5,True,1.15,1.15,0.65,0.65,0.4,1.15,0.65,"FAO-56 (Allen et al. 1998), Chapter 6, Tables 11-12"
Turnip (and Rutabaga),Roots and Tubers,0.5,True,1.1,1.1,0.95,0.95,0.6,1.10,0.95,"FAO-56 (Allen et al. 1998), Chapter 6, Tables 11-12"
Sugar Beet,Roots and Tubers,0.35,False,1.2,1.2,0.7,0.7,0.5,1.20,0.70,"FAO-56 (Allen et al. 1998), Chapter 6, Tables 11-12"
"Beans, green",Legumes (Leguminosae),0.5,False,1.05,1.05,0.9,0.9,0.4,1.05,0.90,"FAO-56 (Allen et al. 1998), Chapter 6, Tables 11-12"
"Beans, dry and Pulses",Legumes (Leguminosae),0.4,False,1.15,1.15,0.35,0.35,0.4,1.15,0.35,"FAO-56 (Allen et al. 1998), Chapter 6, Tables 11-12"
Chick pea,Legumes (Leguminosae),0.4,True,1.0,1.0,0.35,0.35,0.4,1.00,0.35,"FAO-56 (Allen et al. 1998), Chapter 6, Tables 11-12"
Fababean (broad bean) - Fresh,Legumes (Leguminosae),0.5,False,1.15,1.15,1.1,1.1,0.8,1.15,1.10,"FAO-56 (Allen et al. 1998), Chapter 6, Tables 11-12"
Fababean (broad bean) - Dry/Seed,Legumes (Leguminosae),0.5,False,1.15,1.15,0.3,0.3,0.8,1.15,0.30,"FAO-56 (Allen et al. 1998), Chapter 6, Tables 11-12"
Grabanzo,Legumes (Leguminosae),0.4,False,1.15,1.15,0.35,0.35,0.8,1.15,0.35,"FAO-56 (Allen et al. 1998), Chapter 6, Tables 11-12"
Green Gram and Cowpeas,Legumes (Leguminosae),0.4,True,1.05,1.05,0.6,0.35,0.4,1.05,0.60-0.35,"FAO-56 (Allen et al. 1998), Chapter 6, Tables 11-12"
Groundnut (Peanut),Legumes (Leguminosae),0.4,True,1.15,1.15,0.6,0.6,0.4,1.15,0.60,"FAO-56 (Allen et al. 1998), Chapter 6, Tables 11-12"
Lentil,Legumes (Leguminosae),0.4,True,1.1,1.1,0.3,0.3,0.5,1.10,0.30,"FAO-56 (Allen et al. 1998), Chapter 6, Tables 11-12"
Peas - Fresh,Legumes (Leguminosae),0.5,False,1.15,1.15,1.1,1.1,0.5,1.15,1.10,"FAO-56 (Allen et al. 1998), Chapter 6, Tables 11-12"
Peas - Dry/Seed,Legumes (Leguminosae),0.4,True,1.15,1.15,0.3,0.3,0.5,1.15,0.30,"FAO-56 (Allen et al. 1998), Chapter 6, Tables 11-12"
Soybeans,Legumes (Leguminosae),0.4,True,1.15,1.15,0.5,0.5,1.0,1.15,0.50,"FAO-56 (Allen et al. 1998), Chapter 6, Tables 11-12"
Artichokes,Perennial Vegetables (with winter dormancy and initially bare or mulched soil),0.5,False,1.0,1.0,0.95,0.95,0.7,1.00,0.95,"FAO-56 (Allen et al. 1998), Chapter 6, Tables 11-12"
Asparagus,Perennial Vegetables (with winter dormancy and initially bare or mulched soil),0.5,False,0.95,0.95,0.3,0.3,0.8,0.95,0.30,"FAO-56 (Allen et al. 1998), Chapter 6, Tables 11-12"
Mint,Perennial Vegetables (with winter dormancy and initially bare or mulched soil),0.6,False,1.15,1.15,1.1,1.1,0.8,1.15,1.10,"FAO-56 (Allen et al. 1998), Chapter 6, Tables 11-12"
Strawberries,Perennial Vegetables (with winter dormancy and initially bare or mulched soil),0.4,False,0.85,0.85,0.75,0.75,0.2,0.85,0.75,"FAO-56 (Allen et al. 1998), Chapter 6, Tables 11-12"
Cotton,Fibre Crops,0.35,True,1.2,1.15,0.7,0.5,1.5,1.15-1.20,0.70-0.50,"FAO-56 (Allen et al. 1998), Chapter 6, Tables 11-12"
Flax,Fibre Crops,0.35,True,1.1,1.1,0.25,0.25,1.2,1.10,0.25,"FAO-56 (Allen et al. 1998), Chapter 6, Tables 11-12"
Sisal,Fibre Crops,0.35,True,0.7,0.4,0.7,0.4,1.5,0.4-0.7,0.4-0.7,"FAO-56 (Allen et al. 1998), Chapter 6, Tables 11-12"
Castorbean (Ricinus),Oil Crops,0.35,True,1.15,1.15,0.55,0.55,0.3,1.15,0.55,"FAO-56 (Allen et al. 1998), Chapter 6, Tables 11-12"
"Rapeseed, Canola",Oil Crops,0.35,True,1.15,1.0,0.35,0.35,0.6,1.0-1.15,0.35,"FAO-56 (Allen et al. 1998), Chapter 6, Tables 11-12"
Safflower,Oil Crops,0.35,True,1.15,1.0,0.25,0.25,0.8,1.0-1.15,0.25,"FAO-56 (Allen et al. 1998), Chapter 6, Tables 11-12"
Sesame,Oil Crops,0.35,True,1.1,1.1,0.25,0.25,1.0,1.10,0.25,"FAO-56 (Allen et al. 1998), Chapter 6, Tables 11-12"
Sunflower,Oil Crops,0.35,True,1.15,1.0,0.35,0.35,2.0,1.0-1.15,0.35,"FAO-56 (Allen et al. 1998), Chapter 6, Tables 11-12"
Barley,Cereals,0.3,True,1.15,1.15,0.25,0.25,1.0,1.15,0.25,"FAO-56 (Allen et al. 1998), Chapter 6, Tables 11-12"
Oats,Cereals,0.3,True,1.15,1.15,0.25,0.25,1.0,1.15,0.25,"FAO-56 (Allen et al. 1998), Chapter 6, Tables 11-12"
Spring Wheat,Cereals,0.3,True,1.15,1.15,0.4,0.25,1.0,1.15,0.25-0.4,"FAO-56 (Allen et al. 1998), Chapter 6, Tables 11-12"
Winter Wheat - with frozen soils,Cereals,0.4,False,1.15,1.15,0.4,0.25,1.0,1.15,0.25-0.4,"FAO-56 (Allen et al. 1998), Chapter 6, Tables 11-12"
Winter Wheat - with non-frozen soils,Cereals,0.7,False,1.15,1.15,0.4,0.25,,1.15,0.25-0.4,"FAO-56 (Allen et al. 1998), Chapter 6, Tables 11-12"
"Maize, Field (grain) (field corn)",Cereals,0.3,True,1.2,1.2,0.6,0.35,2.0,1.20,0.60-0.35,"FAO-56 (Allen et al. 1998), Chapter 6, Tables 11-12"
"Maize, Sweet (sweet corn)",Cereals,0.3,True,1.15,1.15,1.05,1.05,1.5,1.15,1.05,"FAO-56 (Allen et al. 1998), Chapter 6, Tables 11-12"
Millet,Cereals,0.3,True,1.0,1.0,0.3,0.3,1.5,1.00,0.30,"FAO-56 (Allen et al. 1998), Chapter 6, Tables 11-12"
Sorghum - grain,Cereals,0.3,True,1.1,1.0,0.55,0.55,2.0,1.00-1.10,0.55,"FAO-56 (Allen et al. 1998), Chapter 6, Tables 11-12"
Sorghum - sweet,Cereals,0.3,True,1.2,1.2,1.05,1.05,4.0,1.20,1.05,"FAO-56 (Allen et al. 1998), Chapter 6, Tables 11-12"
Rice,Cereals,1.05,False,1.2,1.2,0.9,0.6,1.0,1.20,0.90-0.60,"FAO-56 (Allen et al. 1998), Chapter 6, Tables 11-12"
Alfalfa Hay - averaged cutting effects,Forages,0.4,False,0.95,0.95,0.9,0.9,0.7,0.95,0.90,"FAO-56 (Allen et al. 1998), Chapter 6, Tables 11-12"
Alfalfa Hay - individual cutting periods,Forages,0.4,False,1.2,1.2,1.15,1.15,0.7,1.20,1.15,"FAO-56 (Allen et al. 1998), Chapter 6, Tables 11-12"
Alfalfa Hay - for seed,Forages,0.4,False,0.5,0.5,0.5,0.5,0.7,0.50,0.50,"FAO-56 (Allen et al. 1998), Chapter 6, Tables 11-12"
Bermuda hay - averaged cutting effects,Forages,0.55,False,1.0,1.0,0.85,0.85,0.35,1.00,0.85,"FAO-56 (Allen et al. 1998), Chapter 6, Tables 11-12"
Bermuda hay - Spring crop for seed,Forages,0.35,False,0.9,0.9,0.65,0.65,0.4,0.90,0.65,"FAO-56 (Allen et al. 1998), Chapter 6, Tables 11-12"
"Clover hay, Berseem - averaged cutting effects",Forages,0.4,False,0.9,0.9,0.85,0.85,0.6,0.90,0.85,"FAO-56 (Allen et al. 1998), Chapter 6, Tables 11-12"
"Clover hay, Berseem - individual cutting periods",Forages,0.4,False,1.15,1.15,1.1,1.1,0.6,1.15,1.10,"FAO-56 (Allen et al. 1998), Chapter 6, Tables 11-12"
Rye Grass hay - averaged cutting effects,Forages,0.95,False,1.05,1.05,1.0,1.0,0.3,1.05,1.00,"FAO-56 (Allen et al. 1998), Chapter 6, Tables 11-12"
Sudan Grass hay (annual) - averaged cutting effects,Forages,0.5,False,0.9,0.9,0.85,0.85,1.2,0.90,0.85,"FAO-56 (Allen et al. 1998), Chapter 6, Tables 11-12"
Sudan Grass hay (annual) - individual cutting periods,Forages,0.5,False,1.15,1.15,1.1,1.1,1.2,1.15,1.10,"FAO-56 (Allen et al. 1998), Chapter 6, Tables 11-12"
Grazing Pasture - Rotated Grazing,Forages,0.4,False,1.05,0.85,0.85,0.85,0.3,0.85-1.05,0.85,"FAO-56 (Allen et al. 1998), Chapter 6, Tables 11-12"
Grazing Pasture - Extensive Grazing,Forages,0.3,False,0.75,0.75,0.75,0.75,0.1,0.75,0.75,"FAO-56 (Allen et al. 1998), Chapter 6, Tables 11-12"
Turf grass - cool season,Forages,0.9,False,0.95,0.95,0.95,0.95,0.1,0.95,0.95,"FAO-56 (Allen et al. 1998), Chapter 6, Tables 11-12"
Turf grass - warm season,Forages,0.8,False,0.85,0.85,0.85,0.85,0.1,0.85,0.85,"FAO-56 (Allen et al. 1998), Chapter 6, Tables 11-12"
Banana - 1st year,Tropical Fruits and Trees,0.5,False,1.1,1.1,1.0,1.0,3.0,1.10,1.00,"FAO-56 (Allen et al. 1998), Chapter 6, Tables 11-12"
Banana - 2nd year,Tropical Fruits and Trees,1.0,False,1.2,1.2,1.1,1.1,4.0,1.20,1.10,"FAO-56 (Allen et al. 1998), Chapter 6, Tables 11-12"
Cacao,Tropical Fruits and Trees,1.0,False,1.05,1.05,1.05,1.05,3.0,1.05,1.05,"FAO-56 (Allen et al. 1998), Chapter 6, Tables 11-12"
Coffee - bare ground cover,Tropical Fruits and Trees,0.9,False,0.95,0.95,0.95,0.95,3.0,0.95,0.95,"FAO-56 (Allen et al. 1998), Chapter 6, Tables 11-12"
Coffee - with weeds,Tropical Fruits and Trees,1.05,False,1.1,1.1,1.1,1.1,3.0,1.10,1.10,"FAO-56 (Allen et al. 1998), Chapter 6, Tables 11-12"
Date Palms,Tropical Fruits and Trees,0.9,False,0.95,0.95,0.95,0.95,8.0,0.95,0.95,"FAO-56 (Allen et al. 1998), Chapter 6, Tables 11-12"
Palm Trees,Tropical Fruits and Trees,0.95,False,1.0,1.0,1.0,1.0,8.0,1.00,1.00,"FAO-56 (Allen et al. 1998), Chapter 6, Tables 11-12"
Pineapple - bare soil,Tropical Fruits and Trees,0.5,False,0.3,0.3,0.3,0.3,1.2,0.30,0.30,"FAO-56 (Allen et al. 1998), Chapter 6, Tables 11-12"
Pineapple - with grass cover,Tropical Fruits and Trees,0.5,False,0.5,0.5,0.5,0.5,1.2,0.50,0.50,"FAO-56 (Allen et al. 1998), Chapter 6, Tables 11-12"
Rubber Trees,Tropical Fruits and Trees,0.95,False,1.0,1.0,1.0,1.0,10.0,1.00,1.00,"FAO-56 (Allen et al. 1998), Chapter 6, Tables 11-12"
Tea - non-shaded,Tropical Fruits and Trees,0.95,False,1.0,1.0,1.0,1.0,1.5,1.00,1.00,"FAO-56 (Allen et al. 1998), Chapter 6, Tables 11-12"
Tea - shaded,Tropical Fruits and Trees,1.1,False,1.15,1.15,1.15,1.15,2.0,1.15,1.15,"FAO-56 (Allen et al. 1998), Chapter 6, Tables 11-12"
Berries (bushes),Grapes and Berries,0.3,False,1.05,1.05,0.5,0.5,1.5,1.05,0.50,"FAO-56 (Allen et al. 1998), Chapter 6, Tables 11-12"
Grapes - Table or Raisin,Grapes and Berries,0.3,False,0.85,0.85,0.45,0.45,2.0,0.85,0.45,"FAO-56 (Allen et al. 1998), Chapter 6, Tables 11-12"
Grapes - Wine,Grapes and Berries,0.3,False,0.7,0.7,0.45,0.45,2.0,0.70,0.45,"FAO-56 (Allen et al. 1998), Chapter 6, Tables 11-12"
Hops,Grapes and Berries,0.3,False,1.05,1.05,0.85,0.85,5.0,1.05,0.85,"FAO-56 (Allen et al. 1998), Chapter 6, Tables 11-12"
"Almonds, no ground cover",Fruit Trees,0.4,False,0.9,0.9,0.65,0.65,5.0,0.90,0.65,"FAO-56 (Allen et al. 1998), Chapter 6, Tables 11-12"
"Apples, Cherries, Pears - no ground cover, killing frost",Fruit Trees,0.45,False,0.95,0.95,0.7,0.7,4.0,0.95,0.70,"FAO-56 (Allen et al. 1998), Chapter 6, Tables 11-12"
"Apples, Cherries, Pears - no ground cover, no frosts",Fruit Trees,0.6,False,0.95,0.95,0.75,0.75,4.0,0.95,0.75,"FAO-56 (Allen et al. 1998), Chapter 6, Tables 11-12"
"Apples, Cherries, Pears - active ground cover, killing frost",Fruit Trees,0.5,False,1.2,1.2,0.95,0.95,4.0,1.20,0.95,"FAO-56 (Allen et al. 1998), Chapter 6, Tables 11-12"
"Apples, Cherries, Pears - active ground cover, no frosts",Fruit Trees,0.8,False,1.2,1.2,0.85,0.85,4.0,1.20,0.85,"FAO-56 (Allen et al. 1998), Chapter 6, Tables 11-12"
"Apricots, Peaches, Stone Fruit 19, 20 - no ground cover, killing frost",Fruit Trees,0.45,False,0.9,0.9,0.65,0.65,3.0,0.90,0.65,"FAO-56 (Allen et al. 1998), Chapter 6, Tables 11-12"
"Apricots, Peaches, Stone Fruit 19, 20 - no ground cover, no frosts",Fruit Trees,0.55,False,0.9,0.9,0.65,0.65,3.0,0.90,0.65,"FAO-56 (Allen et al. 1998), Chapter 6, Tables 11-12"
"Apricots, Peaches, Stone Fruit 19, 20 - active ground cover, killing frost",Fruit Trees,0.5,False,1.15,1.15,0.9,0.9,3.0,1.15,0.90,"FAO-56 (Allen et al. 1998), Chapter 6, Tables 11-12"
"Apricots, Peaches, Stone Fruit 19, 20 - active ground cover, no frosts",Fruit Trees,0.8,False,1.15,1.15,0.85,0.85,3.0,1.15,0.85,"FAO-56 (Allen et al. 1998), Chapter 6, Tables 11-12"
"Avocado, no ground cover",Fruit Trees,0.6,False,0.85,0.85,0.75,0.75,3.0,0.85,0.75,"FAO-56 (Allen et al. 1998), Chapter 6, Tables 11-12"
"Citrus, no ground cover - 70% canopy",Fruit Trees,0.7,False,0.65,0.65,0.7,0.7,4.0,0.65,0.70,"FAO-56 (Allen et al. 1998), Chapter 6, Tables 11-12"
"Citrus, no ground cover - 50% canopy",Fruit Trees,0.65,False,0.6,0.6,0.65,0.65,3.0,0.60,0.65,"FAO-56 (Allen et al. 1998), Chapter 6, Tables 11-12"
"Citrus, no ground cover - 20% canopy",Fruit Trees,0.5,False,0.45,0.45,0.55,0.55,2.0,0.45,0.55,"FAO-56 (Allen et al. 1998), Chapter 6, Tables 11-12"
"Citrus, with active ground cover or weeds - 70% canopy",Fruit Trees,0.75,False,0.7,0.7,0.75,0.75,4.0,0.70,0.75,"FAO-56 (Allen et al. 1998), Chapter 6, Tables 11-12"
"Citrus, with active ground cover or weeds - 50% canopy",Fruit Trees,0.8,False,0.8,0.8,0.8,0.8,3.0,0.80,0.80,"FAO-56 (Allen et al. 1998), Chapter 6, Tables 11-12"
"Citrus, with active ground cover or weeds - 20% canopy",Fruit Trees,0.85,False,0.85,0.85,0.85,0.85,2.0,0.85,0.85,"FAO-56 (Allen et al. 1998), Chapter 6, Tables 11-12"
Conifer Trees,Fruit Trees,1.0,False,1.0,1.0,1.0,1.0,10.0,1.00,1.00,"FAO-56 (Allen et al. 1998), Chapter 6, Tables 11-12"
Kiwi,Fruit Trees,0.4,False,1.05,1.05,1.05,1.05,3.0,1.05,1.05,"FAO-56 (Allen et al. 1998), Chapter 6, Tables 11-12"
Olives (40 to 60% ground coverage by canopy),Fruit Trees,0.65,False,0.7,0.7,0.7,0.7,5.0,0.70,0.70,"FAO-56 (Allen et al. 1998), Chapter 6, Tables 11-12"
"Pistachios, no ground cover",Fruit Trees,0.4,False,1.1,1.1,0.45,0.45,5.0,1.10,0.45,"FAO-56 (Allen et al. 1998), Chapter 6, Tables 11-12"
Walnut Orchard,Fruit Trees,0.5,False,1.1,1.1,0.6518,0.6518,5.0,1.10,0.6518,"FAO-56 (Allen et al. 1998), Chapter 6, Tables 11-12"
"Cattails, Bulrushes, killing frost",Wetlands - temperate climate,0.3,False,1.2,1.2,0.3,0.3,2.0,1.20,0.30,"FAO-56 (Allen et al. 1998), Chapter 6, Tables 11-12"
"Cattails, Bulrushes, no frost",Wetlands - temperate climate,0.6,False,1.2,1.2,0.6,0.6,2.0,1.20,0.60,"FAO-56 (Allen et al. 1998), Chapter 6, Tables 11-12"
"Short Veg., no frost",Wetlands - temperate climate,1.05,False,1.1,1.1,1.1,1.1,0.3,1.10,1.10,"FAO-56 (Allen et al. 1998), Chapter 6, Tables 11-12"
"Reed Swamp, standing water",Wetlands - temperate climate,1.0,False,1.2,1.2,1.0,1.0,3.0,1.20,1.00,"FAO-56 (Allen et al. 1998), Chapter 6, Tables 11-12"
"Reed Swamp, moist soil",Wetlands - temperate climate,0.9,False,1.2,1.2,0.7,0.7,3.0,1.20,0.70,"FAO-56 (Allen et al. 1998), Chapter 6, Tables 11-12"
"Open Water, < 2 m depth or in subhumid climates or tropics",Special,,True,1.05,1.05,1.05,1.05,,1.05,1.05,"FAO-56 (Allen et al. 1998), Chapter 6, Tables 11-12"
"Open Water, > 5 m depth, clear of turbidity, temperate climate",Special,,True,0.6525,0.6525,1.2525,1.2525,,0.6525,1.2525,"FAO-56 (Allen et al. 1998), Chapter 6, Tables 11-12"
