crop,group,l_ini,l_dev,l_mid,l_late,total_days,plant_date,region,frac_ini,frac_dev,frac_mid,frac_late,source
Broccoli,Small Vegetables,35.0,45.0,40.0,15.0,135.0,Sept,"Calif. Desert, USA",0.259,0.333,0.296,0.111,"FAO-56 (Allen et al. 1998), Chapter 6, Tables 11-12"
Cabbage,Small Vegetables,40.0,60.0,50.0,15.0,165.0,Sept,"Calif. Desert, USA",0.242,0.364,0.303,0.091,"FAO-56 (Allen et al. 1998), Chapter 6, Tables 11-12"
Carrots,Small Vegetables,20.0,30.0,30.0,20.0,100.0,Oct/Jan,Arid climate,0.2,0.3,0.3,0.2,"FAO-56 (Allen et al. 1998), Chapter 6, Tables 11-12"
Carrots,Small Vegetables,30.0,40.0,60.0,20.0,150.0,Feb/Mar,Mediterranean,0.2,0.267,0.4,0.133,"FAO-56 (Allen et al. 1998), Chapter 6, Tables 11-12"
Carrots,Small Vegetables,30.0,50.0,90.0,30.0,200.0,Oct,"Calif. Desert, USA",0.15,0.25,0.45,0.15,"FAO-56 (Allen et al. 1998), Chapter 6, Tables 11-12"
Cauliflower,Small Vegetables,35.0,50.0,40.0,15.0,140.0,Sept,"Calif. Desert, USA",0.25,0.357,0.286,0.107,"FAO-56 (Allen et al. 1998), Chapter 6, Tables 11-12"
Celery,Small Vegetables,25.0,40.0,95.0,20.0,180.0,Oct,(Semi) Arid,0.139,0.222,0.528,0.111,"FAO-56 (Allen et al. 1998), Chapter 6, Tables 11-12"
Celery,Small Vegetables,25.0,40.0,45.0,15.0,125.0,April,Mediterranean,0.2,0.32,0.36,0.12,"FAO-56 (Allen et al. 1998), Chapter 6, Tables 11-12"
Celery,Small Vegetables,30.0,55.0,105.0,20.0,210.0,Jan,(Semi) Arid,0.143,0.262,0.5,0.095,"FAO-56 (Allen et al. 1998), Chapter 6, Tables 11-12"
Crucifers,Small Vegetables,20.0,30.0,20.0,10.0,80.0,April,Mediterranean,0.25,0.375,0.25,0.125,"FAO-56 (Allen et al. 1998), Chapter 6, Tables 11-12"
Crucifers,Small Vegetables,25.0,35.0,25.0,10.0,95.0,February,Mediterranean,0.263,0.368,0.263,0.105,"FAO-56 (Allen et al. 1998), Chapter 6, Tables 11-12"
Crucifers,Small Vegetables,30.0,35.0,90.0,40.0,195.0,Oct/Nov,Mediterranean,0.154,0.179,0.462,0.205,"FAO-56 (Allen et al. 1998), Chapter 6, Tables 11-12"
Lettuce,Small Vegetables,20.0,30.0,15.0,10.0,75.0,April,Mediterranean,0.267,0.4,0.2,0.133,"FAO-56 (Allen et al. 1998), Chapter 6, Tables 11-12"
Lettuce,Small Vegetables,30.0,40.0,25.0,10.0,105.0,Nov/Jan,Mediterranean,0.286,0.381,0.238,0.095,"FAO-56 (Allen et al. 1998), Chapter 6, Tables 11-12"
Lettuce,Small Vegetables,25.0,35.0,30.0,10.0,100.0,Oct/Nov,Arid Region,0.25,0.35,0.3,0.1,"FAO-56 (Allen et al. 1998), Chapter 6, Tables 11-12"
Lettuce,Small Vegetables,35.0,50.0,45.0,10.0,140.0,Feb,Mediterranean,0.25,0.357,0.321,0.071,"FAO-56 (Allen et al. 1998), Chapter 6, Tables 11-12"
Onion (dry),Small Vegetables,15.0,25.0,70.0,40.0,150.0,April,Mediterranean,0.1,0.167,0.467,0.267,"FAO-56 (Allen et al. 1998), Chapter 6, Tables 11-12"
Onion (dry),Small Vegetables,20.0,35.0,110.0,45.0,210.0,Oct; Jan.,Arid Region; Calif.,0.095,0.167,0.524,0.214,"FAO-56 (Allen et al. 1998), Chapter 6, Tables 11-12"
Onion (green),Small Vegetables,25.0,30.0,10.0,5.0,70.0,April/May,Mediterranean,0.357,0.429,0.143,0.071,"FAO-56 (Allen et al. 1998), Chapter 6, Tables 11-12"
Onion (green),Small Vegetables,20.0,45.0,20.0,10.0,95.0,October,Arid Region,0.211,0.474,0.211,0.105,"FAO-56 (Allen et al. 1998), Chapter 6, Tables 11-12"
Onion (green),Small Vegetables,30.0,55.0,55.0,40.0,180.0,March,"Calif., USA",0.167,0.306,0.306,0.222,"FAO-56 (Allen et al. 1998), Chapter 6, Tables 11-12"
Onion (seed),Small Vegetables,20.0,45.0,165.0,45.0,275.0,Sept,"Calif. Desert, USA",0.073,0.164,0.6,0.164,"FAO-56 (Allen et al. 1998), Chapter 6, Tables 11-12"
Spinach,Small Vegetables,20.0,20.0,15.0,5.0,60.0,Apr; Sep/Oct,Mediterranean,0.333,0.333,0.25,0.083,"FAO-56 (Allen et al. 1998), Chapter 6, Tables 11-12"
Spinach,Small Vegetables,20.0,30.0,40.0,10.0,100.0,November,Arid Region,0.2,0.3,0.4,0.1,"FAO-56 (Allen et al. 1998), Chapter 6, Tables 11-12"
Radish,Small Vegetables,5.0,10.0,15.0,5.0,35.0,Mar/Apr,Medit.; Europe,0.143,0.286,0.429,0.143,"FAO-56 (Allen et al. 1998), Chapter 6, Tables 11-12"
Radish,Small Vegetables,10.0,10.0,15.0,5.0,40.0,Winter,Arid Region,0.25,0.25,0.375,0.125,"FAO-56 (Allen et al. 1998), Chapter 6, Tables 11-12"
Egg plant,Vegetables - Solanum Family (Solanaceae),30.0,40.0,40.0,20.0,130.0,October,Arid Region,0.231,0.308,0.308,0.154,"FAO-56 (Allen et al. 1998), Chapter 6, Tables 11-12"
Egg plant,Vegetables - Solanum Family (Solanaceae),30.0,45.0,40.0,25.0,140.0,May/June,Mediterranean,0.214,0.321,0.286,0.179,"FAO-56 (Allen et al. 1998), Chapter 6, Tables 11-12"
Sweet peppers (bell),Vegetables - Solanum Family (Solanaceae),25.0,35.0,40.0,20.0,120.0,April/June,Europe and Medit.,0.208,0.292,0.333,0.167,"FAO-56 (Allen et al. 1998), Chapter 6, Tables 11-12"
Sweet peppers (bell),Vegetables - Solanum Family (Solanaceae),30.0,40.0,110.0,30.0,210.0,October,Arid Region,0.143,0.19,0.524,0.143,"FAO-56 (Allen et al. 1998), Chapter 6, Tables 11-12"
Tomato,Vegetables - Solanum Family (Solanaceae),30.0,40.0,40.0,25.0,135.0,January,Arid Region,0.222,0.296,0.296,0.185,"FAO-56 (Allen et al. 1998), Chapter 6, Tables 11-12"
Tomato,Vegetables - Solanum Family (Solanaceae),35.0,40.0,50.0,30.0,155.0,Apr/May,"Calif., USA",0.226,0.258,0.323,0.194,"FAO-56 (Allen et al. 1998), Chapter 6, Tables 11-12"
Tomato,Vegetables - Solanum Family (Solanaceae),25.0,40.0,60.0,30.0,155.0,Jan,"Calif. Desert, USA",0.161,0.258,0.387,0.194,"FAO-56 (Allen et al. 1998), Chapter 6, Tables 11-12"
Tomato,Vegetables - Solanum Family (Solanaceae),35.0,45.0,70.0,30.0,180.0,Oct/Nov,Arid Region,0.194,0.25,0.389,0.167,"FAO-56 (Allen et al. 1998), Chapter 6, Tables 11-12"
Tomato,Vegetables - Solanum Family (Solanaceae),30.0,40.0,45.0,30.0,145.0,April/May,Mediterranean,0.207,0.276,0.31,0.207,"FAO-56 (Allen et al. 1998), Chapter 6, Tables 11-12"
Cantaloupe,Vegetables - Cucumber Family (Cucurbitaceae),30.0,45.0,35.0,10.0,120.0,Jan,"Calif., USA",0.25,0.375,0.292,0.083,"FAO-56 (Allen et al. 1998), Chapter 6, Tables 11-12"
Cantaloupe,Vegetables - Cucumber Family (Cucurbitaceae),10.0,60.0,25.0,25.0,120.0,Aug,"Calif., USA",0.083,0.5,0.208,0.208,"FAO-56 (Allen et al. 1998), Chapter 6, Tables 11-12"
Cucumber,Vegetables - Cucumber Family (Cucurbitaceae),20.0,30.0,40.0,15.0,105.0,June/Aug,Arid Region,0.19,0.286,0.381,0.143,"FAO-56 (Allen et al. 1998), Chapter 6, Tables 11-12"
Cucumber,Vegetables - Cucumber Family (Cucurbitaceae),25.0,35.0,50.0,20.0,130.0,Nov; Feb,Arid Region,0.192,0.269,0.385,0.154,"FAO-56 (Allen et al. 1998), Chapter 6, Tables 11-12"
"Pumpkin, Winter squash",Vegetables - Cucumber Family (Cucurbitaceae),20.0,30.0,30.0,20.0,100.0,"Mar, Aug",Mediterranean,0.2,0.3,0.3,0.2,"FAO-56 (Allen et al. 1998), Chapter 6, Tables 11-12"
"Pumpkin, Winter squash",Vegetables - Cucumber Family (Cucurbitaceae),25.0,35.0,35.0,25.0,120.0,June,Europe,0.208,0.292,0.292,0.208,"FAO-56 (Allen et al. 1998), Chapter 6, Tables 11-12"
"Squash, Zucchini",Vegetables - Cucumber Family (Cucurbitaceae),25.0,35.0,25.0,15.0,100.0,Apr; Dec.,Medit.; Arid Reg.,0.25,0.35,0.25,0.15,"FAO-56 (Allen et al. 1998), Chapter 6, Tables 11-12"
"Squash, Zucchini",Vegetables - Cucumber Family (Cucurbitaceae),20.0,30.0,25.0,15.0,90.0,May/June,Medit.; Europe,0.222,0.333,0.278,0.167,"FAO-56 (Allen et al. 1998), Chapter 6, Tables 11-12"
Sweet melons,Vegetables - Cucumber Family (Cucurbitaceae),25.0,35.0,40.0,20.0,120.0,May,Mediterranean,0.208,0.292,0.333,0.167,"FAO-56 (Allen et al. 1998), Chapter 6, Tables 11-12"
Sweet melons,Vegetables - Cucumber Family (Cucurbitaceae),30.0,30.0,50.0,30.0,140.0,March,"Calif., USA",0.214,0.214,0.357,0.214,"FAO-56 (Allen et al. 1998), Chapter 6, Tables 11-12"
Sweet melons,Vegetables - Cucumber Family (Cucurbitaceae),15.0,40.0,65.0,15.0,135.0,Aug,"Calif. Desert, USA",0.111,0.296,0.481,0.111,"FAO-56 (Allen et al. 1998), Chapter 6, Tables 11-12"
Sweet melons,Vegetables - Cucumber Family (Cucurbitaceae),30.0,45.0,65.0,20.0,160.0,Dec/Jan,Arid Region,0.188,0.281,0.406,0.125,"FAO-56 (Allen et al. 1998), Chapter 6, Tables 11-12"
Water melons,Vegetables - Cucumber Family (Cucurbitaceae),20.0,30.0,30.0,30.0,110.0,April,Italy,0.182,0.273,0.273,0.273,"FAO-56 (Allen et al. 1998), Chapter 6, Tables 11-12"
Water melons,Vegetables - Cucumber Family (Cucurbitaceae),10.0,20.0,20.0,30.0,80.0,Mat/Aug,Near East (desert),0.125,0.25,0.25,0.375,"FAO-56 (Allen et al. 1998), Chapter 6, Tables 11-12"
"Beets, table",Roots and Tubers,15.0,25.0,20.0,10.0,70.0,Apr/May,Mediterranean,0.214,0.357,0.286,0.143,"FAO-56 (Allen et al. 1998), Chapter 6, Tables 11-12"
"Beets, table",Roots and Tubers,25.0,30.0,25.0,10.0,90.0,Feb/Mar,Mediterranean & Arid,0.278,0.333,0.278,0.111,"FAO-56 (Allen et al. 1998), Chapter 6, Tables 11-12"
Cassava: year 1,Roots and Tubers,20.0,40.0,90.0,60.0,210.0,Rainy,Tropical regions,0.095,0.19,0.429,0.286,"FAO-56 (Allen et al. 1998), Chapter 6, Tables 11-12"
year 2,Roots and Tubers,150.0,40.0,110.0,60.0,360.0,season,,0.417,0.111,0.306,0.167,"FAO-56 (Allen et al. 1998), Chapter 6, Tables 11-12"
Potato,Roots and Tubers,25.0,30.0,30.0,30.0,115.0,Jan/Nov,(Semi) Arid Climate,0.217,0.261,0.261,0.261,"FAO-56 (Allen et al. 1998), Chapter 6, Tables 11-12"
Potato,Roots and Tubers,25.0,30.0,45.0,30.0,130.0,May,Continental Climate,0.192,0.231,0.346,0.231,"FAO-56 (Allen et al. 1998), Chapter 6, Tables 11-12"
Potato,Roots and Tubers,30.0,35.0,50.0,30.0,145.0,April,Europe,0.207,0.241,0.345,0.207,"FAO-56 (Allen et al. 1998), Chapter 6, Tables 11-12"
Potato,Roots and Tubers,45.0,30.0,70.0,20.0,165.0,Apr/May,"Idaho, USA",0.273,0.182,0.424,0.121,"FAO-56 (Allen et al. 1998), Chapter 6, Tables 11-12"
Potato,Roots and Tubers,30.0,35.0,50.0,25.0,140.0,Dec,"Calif. Desert, USA",0.214,0.25,0.357,0.179,"FAO-56 (Allen et al. 1998), Chapter 6, Tables 11-12"
Sweet potato,Roots and Tubers,20.0,30.0,60.0,40.0,150.0,April,Mediterranean,0.133,0.2,0.4,0.267,"FAO-56 (Allen et al. 1998), Chapter 6, Tables 11-12"
Sweet potato,Roots and Tubers,15.0,30.0,50.0,30.0,125.0,Rainy seas.,Tropical regions,0.12,0.24,0.4,0.24,"FAO-56 (Allen et al. 1998), Chapter 6, Tables 11-12"
Sugarbeet,Roots and Tubers,30.0,45.0,90.0,15.0,180.0,March,"Calif., USA",0.167,0.25,0.5,0.083,"FAO-56 (Allen et al. 1998), Chapter 6, Tables 11-12"
Sugarbeet,Roots and Tubers,25.0,30.0,90.0,10.0,155.0,June,"Calif., USA",0.161,0.194,0.581,0.065,"FAO-56 (Allen et al. 1998), Chapter 6, Tables 11-12"
Sugarbeet,Roots and Tubers,25.0,65.0,100.0,65.0,255.0,Sept,"Calif. Desert, USA",0.098,0.255,0.392,0.255,"FAO-56 (Allen et al. 1998), Chapter 6, Tables 11-12"
Sugarbeet,Roots and Tubers,50.0,40.0,50.0,40.0,180.0,April,"Idaho, USA",0.278,0.222,0.278,0.222,"FAO-56 (Allen et al. 1998), Chapter 6, Tables 11-12"
Sugarbeet,Roots and Tubers,25.0,35.0,50.0,50.0,160.0,May,Mediterranean,0.156,0.219,0.312,0.312,"FAO-56 (Allen et al. 1998), Chapter 6, Tables 11-12"
Sugarbeet,Roots and Tubers,45.0,75.0,80.0,30.0,230.0,November,Mediterranean,0.196,0.326,0.348,0.13,"FAO-56 (Allen et al. 1998), Chapter 6, Tables 11-12"
Sugarbeet,Roots and Tubers,35.0,60.0,70.0,40.0,205.0,November,Arid Regions,0.171,0.293,0.341,0.195,"FAO-56 (Allen et al. 1998), Chapter 6, Tables 11-12"
Beans (green),Legumes (Leguminosae),20.0,30.0,30.0,10.0,90.0,Feb/Mar,"Calif., Mediterranean",0.222,0.333,0.333,0.111,"FAO-56 (Allen et al. 1998), Chapter 6, Tables 11-12"
Beans (green),Legumes (Leguminosae),15.0,25.0,25.0,10.0,75.0,Aug/Sep,"Calif., Egypt, Lebanon",0.2,0.333,0.333,0.133,"FAO-56 (Allen et al. 1998), Chapter 6, Tables 11-12"
Beans (dry),Legumes (Leguminosae),20.0,30.0,40.0,20.0,110.0,May/June,Continental Climates,0.182,0.273,0.364,0.182,"FAO-56 (Allen et al. 1998), Chapter 6, Tables 11-12"
Beans (dry),Legumes (Leguminosae),15.0,25.0,35.0,20.0,95.0,June,"Pakistan, Calif.",0.158,0.263,0.368,0.211,"FAO-56 (Allen et al. 1998), Chapter 6, Tables 11-12"
Beans (dry),Legumes (Leguminosae),25.0,25.0,30.0,20.0,100.0,June,"Idaho, USA",0.25,0.25,0.3,0.2,"FAO-56 (Allen et al. 1998), Chapter 6, Tables 11-12"
"Faba bean, broad bean",Legumes (Leguminosae),15.0,25.0,35.0,15.0,90.0,May,Europe,0.167,0.278,0.389,0.167,"FAO-56 (Allen et al. 1998), Chapter 6, Tables 11-12"
"Faba bean, broad bean",Legumes (Leguminosae),20.0,30.0,35.0,15.0,100.0,Mar/Apr,Mediterranean,0.2,0.3,0.35,0.15,"FAO-56 (Allen et al. 1998), Chapter 6, Tables 11-12"
"Faba bean, broad bean - dry",Legumes (Leguminosae),90.0,45.0,40.0,60.0,235.0,Nov,Europe,0.383,0.191,0.17,0.255,"FAO-56 (Allen et al. 1998), Chapter 6, Tables 11-12"
"Faba bean, broad bean - green",Legumes (Leguminosae),90.0,45.0,40.0,0.0,175.0,Nov,Europe,0.514,0.257,0.229,0.0,"FAO-56 (Allen et al. 1998), Chapter 6, Tables 11-12"
"Green gram, cowpeas",Legumes (Leguminosae),20.0,30.0,30.0,20.0,100.0,March,Mediterranean,0.2,0.3,0.3,0.2,"FAO-56 (Allen et al. 1998), Chapter 6, Tables 11-12"
Groundnut,Legumes (Leguminosae),25.0,35.0,45.0,25.0,130.0,Dry,West Africa,0.192,0.269,0.346,0.192,"FAO-56 (Allen et al. 1998), Chapter 6, Tables 11-12"
Groundnut,Legumes (Leguminosae),35.0,35.0,35.0,35.0,140.0,season,High Latitudes,0.25,0.25,0.25,0.25,"FAO-56 (Allen et al. 1998), Chapter 6, Tables 11-12"
Groundnut,Legumes (Leguminosae),35.0,45.0,35.0,25.0,140.0,May May/June,Mediterranean,0.25,0.321,0.25,0.179,"FAO-56 (Allen et al. 1998), Chapter 6, Tables 11-12"
Lentil,Legumes (Leguminosae),20.0,30.0,60.0,40.0,150.0,April,Europe,0.133,0.2,0.4,0.267,"FAO-56 (Allen et al. 1998), Chapter 6, Tables 11-12"
Lentil,Legumes (Leguminosae),25.0,35.0,70.0,40.0,170.0,Oct/Nov,Arid Region,0.147,0.206,0.412,0.235,"FAO-56 (Allen et al. 1998), Chapter 6, Tables 11-12"
Peas,Legumes (Leguminosae),15.0,25.0,35.0,15.0,90.0,May,Europe,0.167,0.278,0.389,0.167,"FAO-56 (Allen et al. 1998), Chapter 6, Tables 11-12"
Peas,Legumes (Leguminosae),20.0,30.0,35.0,15.0,100.0,Mar/Apr,Mediterranean,0.2,0.3,0.35,0.15,"FAO-56 (Allen et al. 1998), Chapter 6, Tables 11-12"
Peas,Legumes (Leguminosae),35.0,25.0,30.0,20.0,110.0,April,"Idaho, USA",0.318,0.227,0.273,0.182,"FAO-56 (Allen et al. 1998), Chapter 6, Tables 11-12"
Soybeans,Legumes (Leguminosae),15.0,15.0,40.0,15.0,85.0,Dec,Tropics,0.176,0.176,0.471,0.176,"FAO-56 (Allen et al. 1998), Chapter 6, Tables 11-12"
Soybeans,Legumes (Leguminosae),20.0,30.0,60.0,25.0,135.0,May,Central USA,0.148,0.222,0.444,0.185,"FAO-56 (Allen et al. 1998), Chapter 6, Tables 11-12"
Soybeans,Legumes (Leguminosae),20.0,25.0,75.0,30.0,150.0,June,Japan,0.133,0.167,0.5,0.2,"FAO-56 (Allen et al. 1998), Chapter 6, Tables 11-12"
Artichoke,Perennial Vegetables (with winter dormancy and initially bare or mulched soil),40.0,40.0,250.0,30.0,360.0,Apr (1st yr),California,0.111,0.111,0.694,0.083,"FAO-56 (Allen et al. 1998), Chapter 6, Tables 11-12"
Artichoke,Perennial Vegetables (with winter dormancy and initially bare or mulched soil),20.0,25.0,250.0,30.0,325.0,May (2nd yr),(cut in May),0.062,0.077,0.769,0.092,"FAO-56 (Allen et al. 1998), Chapter 6, Tables 11-12"
Asparagus,Perennial Vegetables (with winter dormancy and initially bare or mulched soil),50.0,30.0,100.0,50.0,230.0,Feb,Warm Winter,0.217,0.13,0.435,0.217,"FAO-56 (Allen et al. 1998), Chapter 6, Tables 11-12"
Asparagus,Perennial Vegetables (with winter dormancy and initially bare or mulched soil),90.0,30.0,200.0,45.0,365.0,Feb,Mediterranean,0.247,0.082,0.548,0.123,"FAO-56 (Allen et al. 1998), Chapter 6, Tables 11-12"
Cotton,Fibre Crops,30.0,50.0,60.0,55.0,195.0,Mar-May,Egypt; Pakistan; Calif.,0.154,0.256,0.308,0.282,"FAO-56 (Allen et al. 1998), Chapter 6, Tables 11-12"
Cotton,Fibre Crops,45.0,90.0,45.0,45.0,225.0,Mar,"Calif. Desert, USA",0.2,0.4,0.2,0.2,"FAO-56 (Allen et al. 1998), Chapter 6, Tables 11-12"
Cotton,Fibre Crops,30.0,50.0,60.0,55.0,195.0,Sept,Yemen,0.154,0.256,0.308,0.282,"FAO-56 (Allen et al. 1998), Chapter 6, Tables 11-12"
Cotton,Fibre Crops,30.0,50.0,55.0,45.0,180.0,April,Texas,0.167,0.278,0.306,0.25,"FAO-56 (Allen et al. 1998), Chapter 6, Tables 11-12"
Flax,Fibre Crops,25.0,35.0,50.0,40.0,150.0,April,Europe,0.167,0.233,0.333,0.267,"FAO-56 (Allen et al. 1998), Chapter 6, Tables 11-12"
Flax,Fibre Crops,30.0,40.0,100.0,50.0,220.0,October,Arizona,0.136,0.182,0.455,0.227,"FAO-56 (Allen et al. 1998), Chapter 6, Tables 11-12"
Castor beans,Oil Crops,25.0,40.0,65.0,50.0,180.0,March,(Semi) Arid Climates,0.139,0.222,0.361,0.278,"FAO-56 (Allen et al. 1998), Chapter 6, Tables 11-12"
Castor beans,Oil Crops,20.0,40.0,50.0,25.0,135.0,Nov.,Indonesia,0.148,0.296,0.37,0.185,"FAO-56 (Allen et al. 1998), Chapter 6, Tables 11-12"
Safflower,Oil Crops,20.0,35.0,45.0,25.0,125.0,April,"California, USA",0.16,0.28,0.36,0.2,"FAO-56 (Allen et al. 1998), Chapter 6, Tables 11-12"
Safflower,Oil Crops,25.0,35.0,55.0,30.0,145.0,Mar,High Latitudes,0.172,0.241,0.379,0.207,"FAO-56 (Allen et al. 1998), Chapter 6, Tables 11-12"
Safflower,Oil Crops,35.0,55.0,60.0,40.0,190.0,Oct/Nov,Arid Region,0.184,0.289,0.316,0.211,"FAO-56 (Allen et al. 1998), Chapter 6, Tables 11-12"
Sesame,Oil Crops,20.0,30.0,40.0,20.0,110.0,June,China,0.182,0.273,0.364,0.182,"FAO-56 (Allen et al. 1998), Chapter 6, Tables 11-12"
Sunflower,Oil Crops,25.0,35.0,45.0,25.0,130.0,April/May,Medit.; California,0.192,0.269,0.346,0.192,"FAO-56 (Allen et al. 1998), Chapter 6, Tables 11-12"
Barley/Oats/Wheat,Cereals,15.0,25.0,50.0,30.0,120.0,November,Central India,0.125,0.208,0.417,0.25,"FAO-56 (Allen et al. 1998), Chapter 6, Tables 11-12"
Barley/Oats/Wheat,Cereals,20.0,25.0,60.0,30.0,135.0,March/Apr,35-45 °L,0.148,0.185,0.444,0.222,"FAO-56 (Allen et al. 1998), Chapter 6, Tables 11-12"
Barley/Oats/Wheat,Cereals,15.0,30.0,65.0,40.0,150.0,July,East Africa,0.1,0.2,0.433,0.267,"FAO-56 (Allen et al. 1998), Chapter 6, Tables 11-12"
Barley/Oats/Wheat,Cereals,40.0,30.0,40.0,20.0,130.0,Apr,,0.308,0.231,0.308,0.154,"FAO-56 (Allen et al. 1998), Chapter 6, Tables 11-12"
Barley/Oats/Wheat,Cereals,40.0,60.0,60.0,40.0,200.0,Nov,,0.2,0.3,0.3,0.2,"FAO-56 (Allen et al. 1998), Chapter 6, Tables 11-12"
Barley/Oats/Wheat,Cereals,20.0,50.0,60.0,30.0,160.0,Dec,"Calif. Desert, USA",0.125,0.312,0.375,0.188,"FAO-56 (Allen et al. 1998), Chapter 6, Tables 11-12"
Winter Wheat,Cereals,20.0,60.0,70.0,30.0,180.0,December,"Calif., USA",0.111,0.333,0.389,0.167,"FAO-56 (Allen et al. 1998), Chapter 6, Tables 11-12"
Winter Wheat,Cereals,30.0,140.0,40.0,30.0,240.0,November,Mediterranean,0.125,0.583,0.167,0.125,"FAO-56 (Allen et al. 1998), Chapter 6, Tables 11-12"
Winter Wheat,Cereals,160.0,75.0,75.0,25.0,335.0,October,"Idaho, USA",0.478,0.224,0.224,0.075,"FAO-56 (Allen et al. 1998), Chapter 6, Tables 11-12"
Grains (small),Cereals,20.0,30.0,60.0,40.0,150.0,April,Mediterranean,0.133,0.2,0.4,0.267,"FAO-56 (Allen et al. 1998), Chapter 6, Tables 11-12"
Grains (small),Cereals,25.0,35.0,65.0,40.0,165.0,Oct/Nov,Pakistan; Arid Reg.,0.152,0.212,0.394,0.242,"FAO-56 (Allen et al. 1998), Chapter 6, Tables 11-12"
Maize (grain),Cereals,30.0,50.0,60.0,40.0,180.0,April,East Africa (alt.),0.167,0.278,0.333,0.222,"FAO-56 (Allen et al. 1998), Chapter 6, Tables 11-12"
Maize (grain),Cereals,25.0,40.0,45.0,30.0,140.0,Dec/Jan,Arid Climate,0.179,0.286,0.321,0.214,"FAO-56 (Allen et al. 1998), Chapter 6, Tables 11-12"
Maize (grain),Cereals,20.0,35.0,40.0,30.0,125.0,June,Nigeria (humid),0.16,0.28,0.32,0.24,"FAO-56 (Allen et al. 1998), Chapter 6, Tables 11-12"
Maize (grain),Cereals,20.0,35.0,40.0,30.0,125.0,October,"India (dry, cool)",0.16,0.28,0.32,0.24,"FAO-56 (Allen et al. 1998), Chapter 6, Tables 11-12"
Maize (grain),Cereals,30.0,40.0,50.0,30.0,150.0,April,"Spain (spr, sum.); Calif.",0.2,0.267,0.333,0.2,"FAO-56 (Allen et al. 1998), Chapter 6, Tables 11-12"
Maize (grain),Cereals,30.0,40.0,50.0,50.0,170.0,April,"Idaho, USA",0.176,0.235,0.294,0.294,"FAO-56 (Allen et al. 1998), Chapter 6, Tables 11-12"
Maize (sweet),Cereals,20.0,20.0,30.0,10.0,80.0,March,Philippines,0.25,0.25,0.375,0.125,"FAO-56 (Allen et al. 1998), Chapter 6, Tables 11-12"
Maize (sweet),Cereals,20.0,25.0,25.0,10.0,80.0,May/June,Mediterranean,0.25,0.312,0.312,0.125,"FAO-56 (Allen et al. 1998), Chapter 6, Tables 11-12"
Maize (sweet),Cereals,20.0,30.0,30.0,10.0,90.0,Oct/Dec,Arid Climate,0.222,0.333,0.333,0.111,"FAO-56 (Allen et al. 1998), Chapter 6, Tables 11-12"
Maize (sweet),Cereals,30.0,30.0,30.0,103.0,193.0,April,"Idaho, USA",0.155,0.155,0.155,0.534,"FAO-56 (Allen et al. 1998), Chapter 6, Tables 11-12"
Maize (sweet),Cereals,20.0,40.0,70.0,10.0,140.0,Jan,"Calif. Desert, USA",0.143,0.286,0.5,0.071,"FAO-56 (Allen et al. 1998), Chapter 6, Tables 11-12"
Millet,Cereals,15.0,25.0,40.0,25.0,105.0,June,Pakistan,0.143,0.238,0.381,0.238,"FAO-56 (Allen et al. 1998), Chapter 6, Tables 11-12"
Millet,Cereals,20.0,30.0,55.0,35.0,140.0,April,Central USA,0.143,0.214,0.393,0.25,"FAO-56 (Allen et al. 1998), Chapter 6, Tables 11-12"
Sorghum,Cereals,20.0,35.0,40.0,30.0,125.0,May/June,"USA, Pakis., Med.",0.16,0.28,0.32,0.24,"FAO-56 (Allen et al. 1998), Chapter 6, Tables 11-12"
Sorghum,Cereals,20.0,35.0,45.0,30.0,130.0,Mar/April,Arid Region,0.154,0.269,0.346,0.231,"FAO-56 (Allen et al. 1998), Chapter 6, Tables 11-12"
Rice,Cereals,30.0,30.0,60.0,30.0,150.0,Dec; May,Tropics; Mediterranean,0.2,0.2,0.4,0.2,"FAO-56 (Allen et al. 1998), Chapter 6, Tables 11-12"
Rice,Cereals,30.0,30.0,80.0,40.0,180.0,May,Tropics,0.167,0.167,0.444,0.222,"FAO-56 (Allen et al. 1998), Chapter 6, Tables 11-12"
Alfalfa 1st cutting cycle,Forages,10.0,20.0,20.0,10.0,60.0,Jan Apr (last - 4°C),"Calif., USA.",0.167,0.333,0.333,0.167,"FAO-56 (Allen et al. 1998), Chapter 6, Tables 11-12"
Alfalfa 1st cutting cycle,Forages,10.0,30.0,25.0,10.0,75.0,,"Idaho, USA.",0.133,0.4,0.333,0.133,"FAO-56 (Allen et al. 1998), Chapter 6, Tables 11-12"
"Alfalfa , other cutting cycles",Forages,5.0,10.0,10.0,5.0,30.0,Mar,"Calif., USA.",0.167,0.333,0.333,0.167,"FAO-56 (Allen et al. 1998), Chapter 6, Tables 11-12"
"Alfalfa , other cutting cycles",Forages,5.0,20.0,10.0,10.0,45.0,Jun,"Idaho, USA.",0.111,0.444,0.222,0.222,"FAO-56 (Allen et al. 1998), Chapter 6, Tables 11-12"
Bermuda for seed,Forages,10.0,25.0,35.0,35.0,105.0,March,"Calif. Desert, USA",0.095,0.238,0.333,0.333,"FAO-56 (Allen et al. 1998), Chapter 6, Tables 11-12"
Bermuda for hay (several cuttings),Forages,10.0,15.0,75.0,35.0,135.0,---,"Calif. Desert, USA",0.074,0.111,0.556,0.259,"FAO-56 (Allen et al. 1998), Chapter 6, Tables 11-12"
"Sudan, 1st cutting cycle",Forages,25.0,25.0,15.0,10.0,75.0,Apr,"Calif. Desert, USA",0.333,0.333,0.2,0.133,"FAO-56 (Allen et al. 1998), Chapter 6, Tables 11-12"
"Sudan, other cutting cycles",Forages,3.0,15.0,12.0,7.0,37.0,June,"Calif. Desert, USA",0.081,0.405,0.324,0.189,"FAO-56 (Allen et al. 1998), Chapter 6, Tables 11-12"
"Sugarcane, virgin",Sugar Cane,35.0,60.0,190.0,120.0,405.0,,Low Latitudes,0.086,0.148,0.469,0.296,"FAO-56 (Allen et al. 1998), Chapter 6, Tables 11-12"
"Sugarcane, virgin",Sugar Cane,50.0,70.0,220.0,140.0,480.0,,Tropics,0.104,0.146,0.458,0.292,"FAO-56 (Allen et al. 1998), Chapter 6, Tables 11-12"
"Sugarcane, virgin",Sugar Cane,75.0,105.0,330.0,210.0,720.0,,"Hawaii, USA",0.104,0.146,0.458,0.292,"FAO-56 (Allen et al. 1998), Chapter 6, Tables 11-12"
"Sugarcane, ratoon",Sugar Cane,25.0,70.0,135.0,50.0,280.0,,Low Latitudes,0.089,0.25,0.482,0.179,"FAO-56 (Allen et al. 1998), Chapter 6, Tables 11-12"
"Sugarcane, ratoon",Sugar Cane,30.0,50.0,180.0,60.0,320.0,,Tropics,0.094,0.156,0.562,0.188,"FAO-56 (Allen et al. 1998), Chapter 6, Tables 11-12"
"Sugarcane, ratoon",Sugar Cane,35.0,105.0,210.0,70.0,420.0,,"Hawaii, USA",0.083,0.25,0.5,0.167,"FAO-56 (Allen et al. 1998), Chapter 6, Tables 11-12"
"Banana, 1st yr",Tropical Fruits and Trees,120.0,90.0,120.0,60.0,390.0,Mar,Mediterranean,0.308,0.231,0.308,0.154,"FAO-56 (Allen et al. 1998), Chapter 6, Tables 11-12"
"Banana, 2nd yr",Tropical Fruits and Trees,120.0,60.0,180.0,5.0,365.0,Feb,Mediterranean,0.329,0.164,0.493,0.014,"FAO-56 (Allen et al. 1998), Chapter 6, Tables 11-12"
Pineapple,Tropical Fruits and Trees,60.0,120.0,600.0,10.0,790.0,,"Hawaii, USA",0.076,0.152,0.759,0.013,"FAO-56 (Allen et al. 1998), Chapter 6, Tables 11-12"
Grapes,Grapes and Berries,20.0,40.0,120.0,60.0,240.0,April,Low Latitudes,0.083,0.167,0.5,0.25,"FAO-56 (Allen et al. 1998), Chapter 6, Tables 11-12"
Grapes,Grapes and Berries,20.0,50.0,75.0,60.0,205.0,Mar,"Calif., USA",0.098,0.244,0.366,0.293,"FAO-56 (Allen et al. 1998), Chapter 6, Tables 11-12"
Grapes,Grapes and Berries,20.0,50.0,90.0,20.0,180.0,May,High Latitudes,0.111,0.278,0.5,0.111,"FAO-56 (Allen et al. 1998), Chapter 6, Tables 11-12"
Grapes,Grapes and Berries,30.0,60.0,40.0,80.0,210.0,April,Mid Latitudes (wine),0.143,0.286,0.19,0.381,"FAO-56 (Allen et al. 1998), Chapter 6, Tables 11-12"
Hops,Grapes and Berries,25.0,40.0,80.0,10.0,155.0,April,"Idaho, USA",0.161,0.258,0.516,0.065,"FAO-56 (Allen et al. 1998), Chapter 6, Tables 11-12"
Citrus,Fruit Trees,60.0,90.0,120.0,95.0,365.0,Jan,Mediterranean,0.164,0.247,0.329,0.26,"FAO-56 (Allen et al. 1998), Chapter 6, Tables 11-12"
Deciduous Orchard,Fruit Trees,20.0,70.0,90.0,30.0,210.0,March,High Latitudes,0.095,0.333,0.429,0.143,"FAO-56 (Allen et al. 1998), Chapter 6, Tables 11-12"
Deciduous Orchard,Fruit Trees,20.0,70.0,120.0,60.0,270.0,March,Low Latitudes,0.074,0.259,0.444,0.222,"FAO-56 (Allen et al. 1998), Chapter 6, Tables 11-12"
Deciduous Orchard,Fruit Trees,30.0,50.0,130.0,30.0,240.0,March,"Calif., USA",0.125,0.208,0.542,0.125,"FAO-56 (Allen et al. 1998), Chapter 6, Tables 11-12"
Olives,Fruit Trees,30.0,90.0,60.0,90.0,270.0,March,Mediterranean,0.111,0.333,0.222,0.333,"FAO-56 (Allen et al. 1998), Chapter 6, Tables 11-12"
Pistachios,Fruit Trees,20.0,60.0,30.0,40.0,150.0,Feb,Mediterranean,0.133,0.4,0.2,0.267,"FAO-56 (Allen et al. 1998), Chapter 6, Tables 11-12"
Walnuts,Fruit Trees,20.0,10.0,130.0,30.0,190.0,April,"Utah, USA",0.105,0.053,0.684,0.158,"FAO-56 (Allen et al. 1998), Chapter 6, Tables 11-12"
"Wetlands (Cattails, Bulrush)",Wetlands - Temperate Climate,10.0,30.0,80.0,20.0,140.0,May,"Utah, USA; killing frost",0.071,0.214,0.571,0.143,"FAO-56 (Allen et al. 1998), Chapter 6, Tables 11-12"
"Wetlands (Cattails, Bulrush)",Wetlands - Temperate Climate,180.0,60.0,90.0,35.0,365.0,November,"Florida, USA",0.493,0.164,0.247,0.096,"FAO-56 (Allen et al. 1998), Chapter 6, Tables 11-12"
Wetlands (short veg.),Wetlands - Temperate Climate,180.0,60.0,90.0,35.0,365.0,November,frost-free climate,0.493,0.164,0.247,0.096,"FAO-56 (Allen et al. 1998), Chapter 6, Tables 11-12"
