crop,ky_min,ky_max,source
Alfalfa,1.1,1.1,"FAO Irrigation and Drainage Paper 66 (Steduto et al. 2012), Table 1, from FAO-33 (Doorenbos & Kassam 1979), PDF page 22"
Banana,1.2,1.35,"FAO Irrigation and Drainage Paper 66 (Steduto et al. 2012), Table 1, from FAO-33 (Doorenbos & Kassam 1979), PDF page 22"
Beans,1.15,1.15,"FAO Irrigation and Drainage Paper 66 (Steduto et al. 2012), Table 1, from FAO-33 (Doorenbos & Kassam 1979), PDF page 22"
Cabbage,0.95,0.95,"FAO Irrigation and Drainage Paper 66 (Steduto et al. 2012), Table 1, from FAO-33 (Doorenbos & Kassam 1979), PDF page 22"
Cotton,0.85,0.85,"FAO Irrigation and Drainage Paper 66 (Steduto et al. 2012), Table 1, from FAO-33 (Doorenbos & Kassam 1979), PDF page 22"
Groundnuts,0.7,0.7,"FAO Irrigation and Drainage Paper 66 (Steduto et al. 2012), Table 1, from FAO-33 (Doorenbos & Kassam 1979), PDF page 22"
Maize,1.25,1.25,"FAO Irrigation and Drainage Paper 66 (Steduto et al. 2012), Table 1, from FAO-33 (Doorenbos & Kassam 1979), PDF page 22"
Onion,1.1,1.1,"FAO Irrigation and Drainage Paper 66 (Steduto et al. 2012), Table 1, from FAO-33 (Doorenbos & Kassam 1979), PDF page 22"
Peas,1.15,1.15,"FAO Irrigation and Drainage Paper 66 (Steduto et al. 2012), Table 1, from FAO-33 (Doorenbos & Kassam 1979), PDF page 22"
Pepper,1.1,1.1,"FAO Irrigation and Drainage Paper 66 (Steduto et al. 2012), Table 1, from FAO-33 (Doorenbos & Kassam 1979), PDF page 22"
Potato,1.1,1.1,"FAO Irrigation and Drainage Paper 66 (Steduto et al. 2012), Table 1, from FAO-33 (Doorenbos & Kassam 1979), PDF page 22"
Safflower,0.8,0.8,"FAO Irrigation and Drainage Paper 66 (Steduto et al. 2012), Table 1, from FAO-33 (Doorenbos & Kassam 1979), PDF page 22"
Sorghum,0.9,0.9,"FAO Irrigation and Drainage Paper 66 (Steduto et al. 2012), Table 1, from FAO-33 (Doorenbos & Kassam 1979), PDF page 22"
Soybean,0.85,0.85,"FAO Irrigation and Drainage Paper 66 (Steduto et al. 2012), Table 1, from FAO-33 (Doorenbos & Kassam 1979), PDF page 22"
Spring wheat,1.15,1.15,"FAO Irrigation and Drainage Paper 66 (Steduto et al. 2012), Table 1, from FAO-33 (Doorenbos & Kassam 1979), PDF page 22"
Sugarbeet,1.0,1.0,"FAO Irrigation and Drainage Paper 66 (Steduto et al. 2012), Table 1, from FAO-33 (Doorenbos & Kassam 1979), PDF page 22"
Sugarcane,1.2,1.2,"FAO Irrigation and Drainage Paper 66 (Steduto et al. 2012), Table 1, from FAO-33 (Doorenbos & Kassam 1979), PDF page 22"
Sunflower,0.95,0.95,"FAO Irrigation and Drainage Paper 66 (Steduto et al. 2012), Table 1, from FAO-33 (Doorenbos & Kassam 1979), PDF page 22"
Tomato,1.05,1.05,"FAO Irrigation and Drainage Paper 66 (Steduto et al. 2012), Table 1, from FAO-33 (Doorenbos & Kassam 1979), PDF page 22"
Watermelon,1.1,1.1,"FAO Irrigation and Drainage Paper 66 (Steduto et al. 2012), Table 1, from FAO-33 (Doorenbos & Kassam 1979), PDF page 22"
Winter wheat,1.05,1.05,"FAO Irrigation and Drainage Paper 66 (Steduto et al. 2012), Table 1, from FAO-33 (Doorenbos & Kassam 1979), PDF page 22"
